# https://github.com/mikedh/trimesh
v -0.24187084 -0.20086696 -0.21128043
v -0.24191771 -0.16102247 -0.21435456
v -0.24198253 -0.20751008 -0.47556505
v -0.24141466 -0.20388491 -0.48182383
v -0.24115870 -0.21072121 -0.48166458
v -0.24104369 -0.20906987 -0.22386648
v -0.24150368 -0.16755065 -0.22104941
v -0.23855356 -0.20394163 -0.48955258
v -0.24121040 -0.19627612 -0.47556505
v -0.24047555 -0.21374338 -0.20992628
v -0.23865770 -0.21205667 -0.48821212
v -0.24002896 -0.18962591 -0.22708148
v -0.24005205 -0.21786357 -0.47556505
v -0.23931675 -0.19654490 -0.48582937
v -0.24008848 -0.21833894 -0.22219028
v -0.23949918 -0.21760785 -0.48238930
v -0.23964559 -0.14791059 -0.20394598
v -0.23662152 -0.21585469 -0.24302459
v -0.23835148 -0.19912569 -0.23674554
v -0.23665570 -0.20665575 -0.24885982
v -0.23812965 -0.20182444 -0.17746130
v -0.23819543 -0.18921527 -0.48169659
v -0.23757267 -0.18561942 -0.47556505
v -0.23727638 -0.18353684 -0.23138649
v -0.23681105 -0.21302718 -0.17925009
v -0.23653511 -0.13448592 -0.19082999
v -0.23495792 -0.18905595 -0.48973911
v -0.23627696 -0.21878973 -0.48943607
v -0.23642743 -0.22522852 -0.48206342
v -0.23614619 -0.22785647 -0.22219028
v -0.23580294 -0.22729260 -0.47556505
v -0.23456025 -0.19155745 -0.24163256
v -0.23407151 -0.20968402 -0.49517175
v -0.23412059 -0.18135922 -0.48119733
v -0.22961830 -0.17368637 -0.23093684
v -0.23333201 -0.12461540 -0.17752016
v -0.23338631 -0.22420552 -0.18946932
v -0.23297756 -0.22648036 -0.48854858
v -0.23337747 -0.19636620 -0.49517175
v -0.23319808 -0.22695855 -0.23830913
v -0.23012841 -0.21192433 -0.16390605
v -0.23283362 -0.18320783 -0.48749477
v -0.23125445 -0.22394089 -0.17634886
v -0.23141699 -0.23248527 -0.48307176
v -0.23086031 -0.17584926 -0.47556505
v -0.23345574 -0.21626462 -0.47230162
v -0.22968226 -0.23583601 -0.22365572
v -0.22992641 -0.22091025 -0.49556243
v -0.22843526 -0.23402282 -0.20379296
v -0.22878135 -0.23565113 -0.47545059
v -0.22246596 -0.20922181 -0.31825437
v -0.22884073 -0.23086036 -0.49003877
v -0.22918955 -0.18289443 -0.24011082
v -0.22836478 -0.17485831 -0.48209053
v -0.23075559 -0.20482676 -0.49821555
v -0.22513244 -0.22999094 -0.25871229
v -0.22747009 -0.18365728 -0.49503075
v -0.22612342 -0.21559120 -0.50000000
v -0.22786870 -0.19671056 -0.49994554
v -0.22788359 -0.17811000 -0.48888828
v -0.22624810 -0.21976501 -0.28180295
v -0.22563465 -0.23826836 -0.48230310
v -0.22697048 -0.19775781 -0.46720940
v -0.22526935 -0.22894848 -0.49483902
v -0.22540945 -0.23243786 -0.17953807
v -0.22595127 -0.18816390 -0.46720780
v -0.22062433 -0.17128146 -0.23053906
v -0.22398399 -0.18754620 -0.50000000
v -0.22394275 -0.20715070 -0.46605818
v -0.22557936 -0.23551427 -0.48815683
v -0.22398491 -0.11679846 -0.16159305
v -0.22330047 -0.16936708 -0.47523146
v -0.22345111 -0.22937045 -0.16897247
v -0.22108597 -0.23984745 -0.23491763
v -0.22511523 -0.22093694 -0.15975060
v -0.22275391 -0.17708345 -0.24011082
v -0.21907735 -0.16821125 -0.48163790
v -0.22262107 -0.18083999 -0.46668145
v -0.22187756 -0.19306363 -0.33126637
v -0.22115942 -0.24249560 -0.22158062
v -0.22265579 -0.17271892 -0.48746106
v -0.22048281 -0.23906102 -0.19504232
v -0.21851424 -0.23350679 -0.49574290
v -0.22115041 -0.24194998 -0.47556505
v -0.21941254 -0.21582069 -0.46585737
v -0.21987042 -0.18438453 -0.32823546
v -0.21989270 -0.16106014 -0.14458252
v -0.22001638 -0.16206730 -0.07794175
v -0.22011723 -0.20769708 -0.14506131
v -0.21985106 -0.21086531 -0.07794175
v -0.21977405 -0.22466067 -0.50000000
v -0.22007833 -0.18188891 -0.49970395
v -0.21901397 -0.21888062 -0.14376322
v -0.21945199 -0.21782313 -0.07794175
v -0.21093956 -0.20686101 -0.37134490
v -0.21942120 -0.24228459 -0.48303409
v 0.06049395 -0.12730219 -0.07794175
v -0.21823967 -0.17498367 -0.49517175
v -0.21580539 -0.23253562 -0.16364266
v -0.21922834 -0.23929539 -0.48942335
v -0.21765248 -0.18678649 -0.45577191
v -0.21627273 -0.17220202 -0.46547577
v -0.21752189 -0.23802910 -0.17726543
v -0.21005476 -0.17225077 -0.33324127
v -0.21558575 -0.22352911 -0.14446157
v -0.21582472 -0.22334574 -0.07794175
v -0.21394113 -0.17784248 -0.45447445
v -0.21053105 -0.22971465 -0.29930484
v -0.21514703 -0.17292172 -0.24011082
v -0.21517440 -0.16864910 -0.48787623
v -0.21395694 -0.16435182 -0.47570289
v -0.21269712 -0.24272588 -0.19219823
v -0.21381958 -0.11160766 -0.14458252
v -0.21381958 -0.11160766 -0.13347573
v -0.21408875 -0.21515837 -0.07794175
v -0.20943673 -0.23227788 -0.50000000
v -0.21342440 -0.17704156 -0.50000000
v -0.20599035 -0.21328833 -0.37096282
v -0.20628337 -0.23712486 -0.16563395
v -0.21102530 -0.24386046 -0.23641385
v -0.21157644 -0.20963594 -0.45448946
v -0.21204166 -0.24617377 -0.22275502
v -0.21137531 -0.24565772 -0.48271639
v -0.21295095 -0.24306523 -0.48794639
v -0.20862194 -0.21966024 -0.07794175
v -0.21021883 -0.24650313 -0.47556505
v -0.21018158 -0.22581630 -0.14458252
v -0.21018158 -0.22581630 -0.07794175
v -0.20512836 -0.16287784 -0.46889083
v -0.20529742 -0.20956002 -0.07247392
v -0.21050856 -0.16662572 -0.46675219
v -0.21147892 -0.23894514 -0.47225057
v -0.20788568 -0.17011937 -0.31134846
v -0.20999784 -0.18980406 -0.44482376
v -0.21218932 -0.23879619 -0.49393945
v -0.20883967 -0.18027286 -0.44475980
v -0.20854197 -0.24686918 -0.21503846
v -0.21020042 -0.22664148 -0.46689608
v -0.20846248 -0.19217277 -0.07192362
v -0.20783604 -0.19941241 -0.44526229
v -0.20797293 -0.19245783 -0.43675866
v -0.20776021 -0.16483794 -0.48444393
v -0.20779689 -0.18323311 -0.43382393
v -0.20598279 -0.21733138 -0.45594363
v -0.20738625 -0.17447090 -0.44610875
v -0.20605558 -0.17050641 -0.23937803
v -0.20717870 -0.24277852 -0.17837550
v -0.20427444 -0.19960525 -0.43074902
v -0.20485925 -0.17447818 -0.43365047
v -0.20106445 -0.18476527 -0.06538847
v -0.20598290 -0.18708561 -0.42161431
v -0.20822644 -0.16973412 -0.49376919
v -0.20193842 -0.24556039 -0.19379057
v -0.20438462 -0.17358118 -0.50000000
v -0.20567242 -0.18111787 -0.42256857
v -0.20543093 -0.16581722 -0.45802319
v -0.19341342 -0.07827171 -0.06735587
v -0.20550577 -0.19311494 -0.41983016
v -0.20287301 -0.16195689 -0.47623124
v -0.20608425 -0.24430066 -0.48905635
v -0.20039687 -0.22669075 -0.33117113
v -0.20390891 -0.24730635 -0.48216611
v -0.20058532 -0.16758403 -0.30484510
v -0.20145494 -0.20528673 -0.43584497
v 0.03129871 -0.21934145 -0.07794175
v -0.20237748 -0.24270908 -0.25006177
v -0.19899241 -0.16658727 -0.06273494
v -0.20359977 -0.17476630 -0.41888764
v -0.20355990 -0.24109805 -0.49401201
v -0.20384611 -0.16945209 -0.44581891
v -0.20236596 -0.19978699 -0.42161431
v -0.20406051 -0.16950882 -0.23055630
v -0.19818852 -0.24732176 -0.22318841
v -0.19647063 -0.16426008 -0.44005578
v -0.20287495 -0.20715534 -0.44525281
v -0.20136993 -0.24813611 -0.47556505
v -0.19639062 -0.20038931 -0.06631056
v -0.19937280 -0.16370313 -0.48357784
v -0.19721798 -0.16093972 -0.46907470
v -0.19903897 -0.16820866 -0.42565072
v -0.19972934 -0.16287173 -0.45632307
v -0.19715328 -0.16604958 -0.40109502
v -0.19788520 -0.16763715 -0.49219901
v -0.18619129 -0.04556670 -0.06300644
v -0.19879651 -0.20446872 -0.42198488
v -0.18863690 -0.21933983 -0.07254045
v -0.19811667 -0.17034985 -0.24011082
v -0.19298544 -0.13310495 -0.06037498
v -0.19238326 -0.16381413 -0.37995473
v -0.19973240 -0.23695310 -0.49815230
v -0.19690710 -0.17278906 -0.50000000
v -0.19761656 -0.24817732 -0.21265453
v -0.19197663 -0.16350750 -0.42160142
v -0.19200477 -0.16650206 -0.31293868
v -0.19823705 -0.24572176 -0.48740452
v -0.19386037 -0.24100189 -0.49394424
v -0.19666832 -0.22196245 -0.45536847
v -0.19671847 -0.21128684 -0.44357850
v -0.19730341 -0.24758459 -0.48153599
v -0.19038920 -0.24424633 -0.17739332
v -0.19245287 -0.16266082 -0.47841321
v -0.19264567 -0.24366431 -0.23953632
v -0.19397822 -0.20858519 -0.42298245
v -0.19022236 -0.16091560 -0.44369993
v -0.18551191 -0.16981504 -0.22801579
v -0.18950744 -0.21242794 -0.43217251
v -0.18942197 -0.16967614 -0.49359856
v -0.19221626 -0.16585477 -0.48760567
v -0.19587455 -0.23251883 -0.46713277
v -0.17814837 -0.05372796 -0.05590756
v -0.18838688 -0.16630976 -0.05670243
v -0.18693905 -0.16056334 -0.46709304
v -0.18322668 -0.18778663 -0.05834257
v -0.18589208 -0.14404932 -0.05448692
v -0.19013102 -0.24736676 -0.47556505
v -0.18370058 -0.16680009 -0.32526643
v -0.19033554 -0.21452587 -0.44446602
v -0.18962006 -0.17207969 -0.24011082
v -0.19304821 -0.23428677 -0.50000000
v -0.18934436 -0.17385368 -0.50000000
v -0.18980799 -0.24428356 -0.48815651
v -0.18937665 -0.16247723 -0.41105104
v -0.18870512 -0.24626598 -0.48207419
v -0.18797309 -0.21107193 -0.42161431
v -0.18511335 -0.20448405 -0.06387825
v -0.18727603 -0.15993535 -0.45272667
v -0.18323222 -0.22691083 -0.33383888
v -0.18280906 -0.16134804 -0.40763325
v -0.18244437 -0.17231063 -0.23416113
v -0.18615204 0.11830516 -0.18869878
v -0.18575124 0.11830516 -0.13347573
v -0.18558343 -0.16671484 -0.48530608
v -0.18415154 -0.24562038 -0.22866622
v -0.18326188 -0.16447648 -0.47556505
v -0.18406523 -0.24107968 -0.23900066
v -0.18465350 0.12983022 -0.26370770
v -0.18492846 -0.23701900 -0.49573579
v -0.18319897 -0.21632625 -0.44501883
v -0.17858802 -0.21436050 -0.06604765
v -0.18402216 -0.23169531 -0.46667961
v -0.17254064 -0.11140805 -0.04987848
v -0.18350978 -0.24051954 -0.49077327
v -0.17835502 -0.23798640 -0.47202276
v -0.18191168 0.15091726 -0.35051725
v -0.18151013 -0.15957343 -0.44118121
v -0.18123571 -0.23007054 -0.50000000
v -0.18204615 -0.17680706 -0.49989833
v -0.17835221 -0.22301099 -0.45537068
v -0.18117630 -0.21236439 -0.42038774
v -0.18129015 -0.17609858 -0.24011082
v -0.18099487 -0.24273174 -0.48426787
v -0.17585730 -0.24252229 -0.23205394
v -0.17952472 -0.24374800 -0.47558925
v -0.17294999 -0.13654368 -0.04896829
v -0.17905927 0.10239314 -0.07570148
v -0.17905927 0.11327380 -0.07794175
v -0.17905927 0.11429886 -0.06981387
v -0.17880652 0.12046925 -0.06417978
v -0.17866890 0.12649070 -0.05637583
v -0.17899634 0.12917338 -0.07794175
v -0.17893128 0.17383914 -0.41993727
v -0.17893128 0.17383914 -0.18754927
v -0.17893128 0.17383914 -0.07818870
v -0.17893128 0.18306186 -0.27034931
v -0.17893128 0.19023358 -0.46031686
v -0.17893128 0.19880398 -0.35000000
v -0.17893128 0.20824850 -0.50000000
v -0.17893128 0.21926016 -0.42240336
v -0.17893128 0.24817732 -0.50000000
v -0.17697201 -0.16255914 -0.46456429
v -0.18070689 -0.17032193 -0.48839769
v -0.17824750 0.13256336 -0.03879232
v -0.17489882 -0.16106599 -0.42436772
v -0.17484802 -0.15826849 -0.05078321
v -0.17673652 -0.23376104 -0.49418857
v -0.17643717 -0.21364983 -0.43295067
v -0.17667015 -0.16769934 -0.47601468
v -0.17673996 -0.23534402 -0.24011082
v -0.17663894 -0.23788547 -0.48896853
v -0.17665256 -0.21536225 -0.44366833
v -0.17564009 -0.22579025 -0.49998881
v -0.17517034 -0.18193532 -0.49957607
v -0.17535769 0.11251026 -0.07087124
v -0.17480514 -0.22274215 -0.34143210
v -0.17522972 -0.21199784 -0.41999289
v -0.17487933 -0.18103380 -0.24000780
v -0.17461531 -0.23971838 -0.48182001
v -0.17385342 -0.17239478 -0.22993587
v -0.17435231 -0.22804118 -0.46564467
v -0.17528919 -0.16026909 -0.44595880
v -0.17454929 -0.17418138 -0.48807062
v -0.17130631 -0.22857309 -0.49417663
v -0.16524880 -0.01309968 -0.05157391
v -0.16838365 -0.16429883 -0.41528399
v -0.17134246 -0.16629346 -0.46778197
v -0.02733936 0.16195762 0.29781691
v -0.17472573 -0.16072082 -0.43512838
v -0.17092899 -0.22890838 -0.24011082
v -0.17070491 -0.21934145 -0.50000000
v -0.17070491 -0.18824242 -0.50000000
v -0.17079650 -0.20414399 -0.05950671
v -0.16339248 -0.11999764 -0.04657914
v -0.17171355 -0.23439343 -0.48791689
v -0.17038715 0.17175641 0.40981779
v -0.17038715 0.21601454 0.40594568
v -0.17033106 0.08911230 -0.06195984
v -0.16956064 -0.23651167 -0.47523712
v -0.16723188 -0.18101795 -0.23172147
v -0.16789003 -0.21812931 -0.06695877
v -0.16851893 -0.19018804 -0.24011082
v -0.16852487 -0.17453604 -0.05100644
v -0.17065518 -0.21358503 -0.44414691
v -0.16881714 -0.20957563 -0.42161431
v -0.16796330 -0.23359602 -0.48225017
v -0.16739568 -0.22021047 -0.29997840
v -0.16658125 -0.23645561 -0.22955454
v -0.16905856 -0.16450424 -0.45481486
v -0.16857231 -0.17291089 -0.47437544
v -0.16864185 -0.18138473 -0.49032026
v -0.16648981 -0.22849478 -0.23302129
v -0.16757148 -0.21248013 -0.49969702
v -0.16759811 -0.19574291 -0.50000000
v -0.16667773 0.17368598 0.43187314
v -0.16756843 0.21775358 0.42582321
v -0.16877805 -0.16256735 -0.44273954
v -0.16529903 -0.18343174 -0.30372259
v -0.16662702 -0.22090062 -0.24135376
v -0.16653844 -0.20379193 -0.50000000
v -0.16581004 -0.22218210 -0.46549714
v -0.15683599 -0.04711903 -0.04703218
v -0.16683126 -0.22829445 -0.48855054
v -0.16824291 -0.16341829 -0.42933390
v -0.16553418 -0.19699934 -0.24186778
v -0.16737959 -0.17804363 -0.48229842
v -0.16612720 -0.22094237 -0.49389303
v -0.16102925 -0.21527542 -0.06296327
v -0.16506176 -0.21704278 -0.27941664
v -0.16436854 -0.17050923 -0.46437136
v -0.16406184 -0.21172072 -0.23641454
v -0.16277187 -0.19471025 -0.49204256
v -0.16421125 -0.22300415 -0.22987034
v -0.16402824 -0.20460766 -0.24336154
v -0.16224998 -0.20858788 -0.36994372
v -0.16269978 -0.18766733 -0.48650270
v -0.16295284 -0.18589173 -0.31385386
v -0.16423669 -0.18998891 -0.22923479
v -0.16300178 -0.22918386 -0.47549653
v -0.16320090 -0.22715999 -0.48226357
v -0.16156899 0.10785751 -0.06481349
v -0.16113914 -0.21224211 -0.49065536
v -0.16298569 -0.20244396 -0.22667464
v -0.16336920 -0.20605022 -0.42236366
v -0.16339191 -0.20921291 -0.44364271
v -0.16128459 -0.20217986 -0.49173539
v -0.16105598 -0.22012796 -0.48582668
v -0.16025231 -0.20467214 -0.33152591
v -0.16288026 -0.24760648 -0.22188486
v -0.16254274 -0.16838110 -0.22190106
v -0.16035563 -0.19063849 -0.05277857
v -0.16063120 -0.19330742 -0.31384661
v -0.16232455 -0.16780754 -0.42356384
v -0.15806047 0.06859979 -0.05247188
v -0.16228605 -0.18154706 -0.47602005
v -0.15830568 -0.19356783 -0.35147275
v -0.16122682 -0.17516335 -0.38349318
v -0.16164160 -0.16809882 -0.44639428
v -0.16030899 -0.21591523 -0.46564454
v -0.16071941 -0.21264083 -0.45700661
v -0.15850759 -0.17386743 -0.41514157
v -0.16001615 0.17511099 0.44816112
v -0.15953462 0.21943115 0.44499794
v -0.15889981 -0.20112600 -0.42366666
v -0.15950025 -0.17741579 -0.46667961
v -0.15919521 -0.20360038 -0.43540008
v -0.15873237 -0.22121728 -0.47592664
v -0.15848070 -0.20505130 -0.44699909
v -0.15847727 -0.17523936 -0.45551668
v -0.15783653 -0.19658353 -0.48141943
v -0.15830659 -0.17219870 -0.43171932
v -0.15779542 -0.21374915 -0.48172345
v -0.15800240 -0.18933411 -0.47491022
v -0.15648313 -0.18204879 -0.40143098
v -0.15766616 -0.20459519 -0.48380747
v -0.15672294 -0.17512354 -0.44691253
v -0.15741694 -0.21333869 -0.46919760
v -0.15356295 -0.10355755 -0.04462136
v -0.15548273 -0.14791428 -0.04462136
v -0.15662245 -0.20615707 -0.45778572
v -0.15562303 -0.19463019 -0.42501936
v -0.15511750 -0.18122722 -0.42155648
v -0.15536265 -0.19863573 -0.44580723
v -0.15607365 -0.21198212 -0.47556505
v -0.15570513 -0.18521996 -0.46509084
v -0.15551595 -0.20419624 -0.47620836
v -0.15451340 -0.19538901 -0.46862383
v -0.15480487 -0.20331683 -0.46759785
v -0.15412336 -0.18856425 -0.42981372
v -0.14922040 0.08174657 -0.05060525
v -0.15410064 -0.18121079 -0.44199663
v -0.15557176 0.11704491 -0.06748643
v -0.15345497 -0.19036892 -0.44813914
v -0.15497341 -0.20352443 -0.05567317
v -0.15534267 -0.24804208 -0.21484136
v -0.15321028 -0.15936475 -0.21265453
v -0.15265069 0.09774470 -0.05610292
v -0.15254307 -0.15936475 -0.20473715
v -0.15249954 -0.15901028 -0.13286178
v -0.14796678 -0.21926398 -0.07116922
v -0.15072835 -0.11935571 -0.13347573
v -0.15054165 -0.14306752 -0.18836916
v -0.14734413 0.06020083 -0.04790428
v -0.14918398 -0.16251772 -0.04462136
v -0.14411683 0.11457783 -0.06057144
v -0.14879268 -0.12882582 -0.16719059
v -0.15050161 -0.17749635 -0.04759768
v -0.14803654 0.17653754 0.46446642
v -0.14803654 0.22079567 0.46059431
v -0.14874433 0.10860466 -0.05914522
v -0.14767571 -0.11973060 -0.14458252
v -0.14767571 -0.11973060 -0.12815837
v -0.14728497 -0.21663625 -0.06353797
v -0.14302240 -0.01202115 -0.04462136
v -0.13726158 -0.18897460 -0.04803236
v -0.14285959 -0.21128120 -0.05765686
v -0.13829588 0.10038513 -0.05141113
v -0.13154704 -0.20158288 -0.05155217
v -0.13420224 -0.17374627 -0.04462136
v -0.13667381 0.08261379 -0.04694921
v -0.13975757 -0.24706569 -0.20260577
v -0.13387319 0.11216405 -0.05469806
v -0.13645617 0.04500153 -0.04462136
v -0.13598526 0.11830516 -0.13347573
v -0.13463208 0.12230806 -0.06229498
v -0.13463208 0.12701544 -0.05559431
v -0.13651946 0.13240152 -0.04001064
v -0.13450409 0.11830516 -0.18900971
v -0.13450409 0.11830516 -0.14458252
v -0.13450409 0.13046726 -0.26730712
v -0.13450409 0.14858348 -0.34237987
v -0.13450409 0.17383914 -0.18754927
v -0.13450409 0.17383914 -0.14458252
v -0.13450409 0.17562093 -0.42451848
v -0.13450409 0.18377630 -0.27616950
v -0.13450409 0.19727489 -0.34354172
v -0.13450409 0.20824850 -0.50000000
v -0.13450409 0.22196695 -0.43013466
v -0.13450409 0.24817732 -0.50000000
v -0.13449414 0.13267281 -0.07794175
v -0.12238000 -0.20905685 -0.05538375
v -0.13250475 0.17765655 0.47725696
v -0.13239981 0.22191398 0.47337686
v -0.12973636 0.07523842 -0.04462136
v -0.13097638 -0.15936475 -0.19425110
v -0.11155807 -0.19147767 -0.04705023
v -0.12571457 0.09716913 -0.04722638
v -0.12841626 -0.24582516 -0.19139182
v -0.00443922 -0.21138601 -0.05720011
v -0.12024840 0.10710795 -0.04909336
v -0.12596674 0.17168883 0.40904531
v -0.12596674 0.21594696 0.40517329
v -0.12422326 0.17235504 0.41666022
v -0.12410223 0.21663419 0.41302843
v -0.11800754 -0.18093754 -0.04462136
v 0.01708938 -0.21688014 -0.06395895
v -0.10733093 -0.20286041 -0.05161355
v -0.12460406 0.12719510 -0.06338752
v -0.12129462 0.12320875 -0.05773020
v -0.12174309 0.13141685 -0.07105114
v -0.12070630 0.17296575 0.42364078
v -0.12070630 0.21722388 0.41976875
v -0.11629890 0.09076529 -0.04462136
v -0.12160294 0.11546415 -0.05268726
v -0.11909711 -0.12730219 -0.07794175
v -0.10571441 0.10320988 -0.04617167
v -0.11689342 -0.24356290 -0.17616400
v -0.11561898 0.17348570 0.42958380
v -0.11561898 0.21774383 0.42571169
v -0.11430897 0.17841136 0.48588424
v -0.11430897 0.22266949 0.48201213
v -0.11370584 -0.15936475 -0.17112621
v -0.11293084 0.12817603 -0.06020089
v -0.11402652 0.13114733 -0.06589502
v -0.10793849 0.13299811 -0.07095087
v -0.10898657 0.12333080 -0.05495568
v -0.10875084 0.11333726 -0.04955996
v -0.10925519 0.17388486 0.43414593
v -0.10925519 0.21814299 0.43027382
v -0.10836711 -0.23487698 -0.16054011
v -0.10586875 0.08594107 -0.07794175
v 0.01024962 -0.20407447 -0.05222149
v -0.10237156 -0.22600552 -0.14458252
v -0.10198252 0.17414013 0.43706372
v -0.10198252 0.21839822 0.43319161
v -0.09939110 0.17867174 0.48886053
v -0.09454978 0.22301437 0.48595440
v 0.01206772 -0.21905019 -0.07018793
v -0.09336417 0.17422936 0.43808376
v -0.09502806 0.21851112 0.43448183
v -0.09833736 0.13351307 -0.07155723
v -0.09893815 0.13212365 -0.06419490
v -0.09642867 0.12859183 -0.05817553
v -0.08727824 0.12315816 -0.05306679
v -0.08949944 0.11421449 -0.04894768
v -0.08712460 0.09759306 -0.04462136
v -0.09003244 0.13225244 -0.04171448
v -0.09003117 0.17647207 -0.04602668
v -0.09002517 0.13065502 -0.05997328
v -0.09033902 0.13267281 -0.07794175
v -0.09002517 0.13319139 -0.06593618
v -0.09002517 0.13371031 -0.07179220
v -0.09002517 0.17367988 -0.07794175
v -0.08895572 0.13282985 -0.03511467
v -0.08855353 0.17718680 -0.03785721
v -0.08535440 0.17415064 0.43718403
v -0.08684807 0.21845557 0.43384682
v -0.08607592 0.13329407 -0.02980896
v -0.08475194 0.17766991 -0.03233516
v -0.08462994 0.17885894 0.49099996
v -0.08462994 0.22311703 0.48712785
v -0.08248338 0.13356282 -0.02673683
v -0.07902744 0.17394142 0.43479257
v -0.07902744 0.21819955 0.43092046
v -0.07827229 0.13416152 -0.02385327
v -0.07827229 0.17807588 -0.02769526
v -0.01925204 0.11498678 -0.04903277
v -0.00813812 0.12371896 -0.05349679
v -0.07526188 0.17916120 0.49445516
v -0.07526188 0.22341934 0.49058314
v -0.07338353 0.13393320 -0.02250322
v -0.07338353 0.13497785 -0.01056311
v -0.07338353 0.17819133 -0.02637529
v -0.07338353 0.17923599 -0.01443518
v -0.07247292 0.17356645 0.43050677
v -0.07247292 0.21782459 0.42663466
v -0.06860196 0.16530597 0.33608900
v -0.06860196 0.20956410 0.33221690
v -0.06858106 0.16394008 0.32047651
v -0.06858106 0.20819817 0.31660440
v -0.06713421 0.17306603 0.42478678
v -0.06713421 0.21732416 0.42091475
v -0.06696664 0.17964633 0.50000000
v -0.06696664 0.22390446 0.49612789
v -0.06628015 0.13535302 -0.00627460
v -0.06667940 0.17957765 -0.01052968
v -0.06532450 0.16686303 0.35133691
v -0.06532450 0.21089983 0.34748425
v -0.06331969 0.17246901 0.41796307
v -0.06331969 0.21672714 0.41409096
v -0.06124969 0.17057041 0.39626180
v -0.06124969 0.17180996 0.41042976
v -0.06124969 0.21606809 0.40655766
v -0.06108506 0.13578901 -0.00129120
v -0.06088304 0.18007480 -0.00484716
v -0.06005903 0.17043455 0.39132396
v -0.06057228 0.21402051 0.38875447
v -0.05750529 0.16805193 0.36747532
v -0.05889543 0.21214552 0.36172263
v -0.05875338 0.15692821 0.24033051
v -0.05621514 0.19972233 0.21972512
v -0.05783836 0.16985264 0.38805746
v -0.05856319 0.21255981 0.38526927
v -0.05691419 0.13636002 0.00523517
v -0.05691419 0.18061815 0.00136306
v -0.05414656 0.16964511 0.38568552
v -0.05457239 0.21355266 0.38202117
v -0.05433642 0.18111798 0.00939322
v -0.05368553 0.13767441 0.02025851
v -0.05330358 0.18225008 0.02001633
v -0.05199185 0.13829001 0.02729538
v -0.05124351 0.17840547 0.48581679
v -0.05124351 0.22266360 0.48194468
v -0.04968940 0.18238069 0.02653539
v -0.04960271 0.16898729 0.37816648
v -0.04960271 0.16955529 0.38465912
v -0.04960271 0.21324542 0.37429446
v -0.04960271 0.21381342 0.38078701
v -0.04699368 0.13874934 0.03254516
v -0.04699368 0.13998012 0.04661313
v -0.04699368 0.18423825 0.04274107
v -0.04705968 0.15018367 0.16324024
v -0.04664327 0.19420163 0.15662301
v -0.04039731 0.14101885 0.05224017
v -0.04086294 0.18468033 0.04779421
v -0.03593344 0.14098601 0.05811075
v -0.03649852 0.18518982 0.05361780
v -0.03298160 0.14161586 0.06530984
v -0.03271050 0.18585586 0.06123058
v -0.03253371 0.17753449 0.47586158
v -0.03253371 0.22179262 0.47198956
v -0.03458097 0.14422616 0.09384491
v -0.03167631 0.14229999 0.07312930
v -0.03159545 0.18671862 0.07109172
v 0.01740483 0.12612165 -0.05523454
v -0.01195728 0.17708559 0.47073043
v -0.01195728 0.22134372 0.46685841
v 0.00925405 0.17708559 0.47073043
v 0.00925405 0.22134372 0.46685841
v 0.02897308 0.14229999 0.07312930
v 0.02897308 0.18655812 0.06925724
v 0.03119511 0.14378328 0.09008347
v 0.03176631 0.18814858 0.08938188
v 0.03141395 0.17760820 0.47670412
v 0.02983048 0.22179262 0.47198956
v 0.03027836 0.14161586 0.06530984
v 0.03042342 0.18584434 0.06109888
v 0.03391655 0.14091753 0.05732808
v 0.03339937 0.18523604 0.05414610
v 0.03815971 0.14042219 0.05166632
v 0.03869125 0.18464200 0.04735610
v 0.04437781 0.15041999 0.16594138
v 0.04131170 0.19293123 0.14210228
v 0.04429045 0.13874934 0.03254516
v 0.04429045 0.13998012 0.04661313
v 0.04429045 0.18300747 0.02867305
v 0.04429045 0.18423825 0.04274107
v 0.04689947 0.16898729 0.37816648
v 0.04689947 0.16955529 0.38465912
v 0.04689947 0.21324542 0.37429446
v 0.04689947 0.21381342 0.38078701
v 0.04713642 0.18081503 0.02655016
v 0.04854028 0.17840547 0.48581679
v 0.04854028 0.22266360 0.48194468
v 0.04928862 0.13829001 0.02729538
v 0.04985187 0.18235451 0.02121001
v 0.05078359 0.17542682 0.38490538
v 0.05131845 0.21389873 0.38176192
v 0.05090318 0.13800453 0.02098735
v 0.05169745 0.13700047 0.01255548
v 0.05392905 0.16977197 0.38713551
v 0.05421095 0.13636002 0.00523517
v 0.05632510 0.21369590 0.38577837
v 0.05605015 0.15692821 0.24033051
v 0.05824071 0.20274922 0.25432272
v 0.05530622 0.16799226 0.36679328
v 0.05445155 0.21231301 0.36408088
v 0.05756783 0.17018528 0.39185962
v 0.05841333 0.21474041 0.39138237
v 0.05867139 0.13576471 -0.00156896
v 0.05838183 0.18004714 -0.00516326
v 0.05854645 0.17083113 0.39924178
v 0.05854645 0.17180996 0.41042976
v 0.05854645 0.21606809 0.40655766
v 0.06061645 0.17246901 0.41796307
v 0.06098963 0.21678555 0.41475853
v 0.06262125 0.16664170 0.35135627
v 0.06262125 0.21089983 0.34748425
v 0.06397617 0.13531952 -0.00665758
v 0.06468834 0.17954136 -0.01094456
v 0.06426341 0.18028877 0.49994379
v 0.06426341 0.22347450 0.49616551
v 0.06443098 0.17306603 0.42478678
v 0.06443098 0.21732416 0.42091475
v 0.06587782 0.16394008 0.32047651
v 0.06587782 0.20819817 0.31660440
v 0.06589859 0.20955456 0.33210783
v 0.06976970 0.17356645 0.43050677
v 0.06976970 0.21782459 0.42663466
v 0.07068029 0.13393320 -0.02250322
v 0.07068029 0.13497785 -0.01056311
v 0.07068029 0.17819133 -0.02637529
v 0.07068029 0.17867054 -0.01438571
v 0.07255864 0.17916120 0.49445516
v 0.07255864 0.22341934 0.49058314
v 0.07662942 0.13376255 -0.02445409
v 0.07669101 0.17801904 -0.02834483
v 0.07584433 0.17420547 0.43445328
v 0.07524006 0.21784640 0.43023704
v 0.08316667 0.17884611 0.49085327
v 0.08192672 0.22311703 0.48712785
v 0.07257665 0.05067800 -0.07794175
v 0.08257382 0.17731520 -0.03283428
v 0.08239438 0.17445046 0.43690292
v 0.08371590 0.21842737 0.43352455
v 0.08573698 0.13294589 -0.03378832
v 0.08603957 0.17715804 -0.03818596
v 0.08719492 0.13041255 -0.05964002
v 0.08732193 0.13267281 -0.07794175
v 0.08732193 0.13394832 -0.06633597
v 0.08732193 0.17367988 -0.07794175
v 0.08732921 0.17651057 -0.04558655
v 0.08733079 0.13263638 -0.04119668
v 0.08821420 0.09935242 -0.04462136
v 0.08814298 0.11538102 -0.04930857
v 0.09752345 0.13222755 -0.06429432
v 0.09557188 0.13358876 -0.07082915
v 0.09978356 0.13267281 -0.07794175
v 0.09151782 0.17423678 0.43816854
v 0.09007766 0.21848244 0.43415395
v 0.11552407 -0.21075433 -0.05671753
v 0.09958613 0.17412936 0.43694061
v 0.09927928 0.21839822 0.43319161
v 0.10233126 -0.22600552 -0.14458252
v 0.10233126 -0.15936475 -0.14458252
v 0.10606671 0.10898892 -0.04815324
v 0.10313275 0.08624258 -0.07794175
v 0.10697671 0.11755951 -0.05145969
v 0.10651207 -0.19316791 -0.04763802
v 0.10109196 0.12461101 -0.05509055
v 0.05109898 0.19848039 0.20552959
v 0.10714513 0.12852661 -0.05964654
v 0.10695190 0.13186478 -0.06543485
v 0.10655196 0.17388486 0.43414593
v 0.10685978 0.21812368 0.43005315
v 0.10872242 -0.23546234 -0.16159305
v 0.11102125 0.09520338 -0.04516336
v 0.11576565 -0.18093702 -0.04462136
v 0.11160574 0.17841136 0.48588424
v 0.11160574 0.22266949 0.48201213
v 0.11248288 -0.20307118 -0.05163869
v 0.11291577 0.17348570 0.42958380
v 0.11291577 0.21774383 0.42571169
v 0.11366553 -0.15936475 -0.17112621
v 0.11899078 0.12018436 -0.05547146
v 0.11232081 0.13237014 -0.07138829
v 0.11696951 0.12967942 -0.06498284
v 0.12267582 0.12470717 -0.06059165
v 0.11757700 -0.24428412 -0.17746130
v 0.11780727 0.17304267 0.42452000
v 0.11800306 0.21722388 0.41976875
v 0.11807951 -0.12712091 -0.07794175
v 0.12231105 0.10448371 -0.04899377
v 0.12140438 0.17242295 0.41743652
v 0.12152004 0.21661317 0.41278820
v 0.12262932 0.11300515 -0.05235144
v 0.12326352 0.17168883 0.40904531
v 0.12326352 0.21594696 0.40517329
v 0.12488536 0.08253568 -0.04507215
v 0.12777706 -0.24575966 -0.19079965
v 0.13360332 0.11558402 -0.05745289
v 0.12980149 0.17765655 0.47725696
v 0.12980149 0.22191468 0.47338486
v 0.13108612 0.06526350 -0.04462136
v 0.14058160 -0.21609648 -0.06260209
v 0.15763969 -0.21870256 -0.06859230
v 0.13221817 -0.15936475 -0.19531230
v 0.13639328 -0.17852891 -0.04582618
v 0.13029366 -0.19279134 -0.04851470
v 0.13209402 0.12956627 -0.07241780
v 0.13172852 0.17367988 -0.07794175
v 0.13179089 0.13267281 -0.07794175
v 0.13205900 0.11832161 -0.18911558
v 0.13205900 0.11830516 -0.14458252
v 0.13205900 0.13078404 -0.26934650
v 0.13205900 0.14902761 -0.34420222
v 0.13205900 0.17383914 -0.18754927
v 0.13205900 0.17383914 -0.14458252
v 0.13205900 0.17591849 -0.42540448
v 0.13205900 0.18249142 -0.26716779
v 0.13205900 0.19952416 -0.35254904
v 0.13205900 0.20824850 -0.50000000
v 0.13205900 0.21985084 -0.42449405
v 0.13205900 0.24817732 -0.50000000
v 0.13249066 0.12225459 -0.06235773
v 0.13284008 0.12633942 -0.05656411
v 0.13249066 0.12927830 -0.05063186
v 0.13249066 0.13238533 -0.04019561
v 0.13294485 0.11830516 -0.13347573
v 0.14121237 -0.01649245 -0.04462136
v 0.13109889 -0.20564656 -0.05356786
v 0.13374893 0.10444906 -0.05211287
v 0.13817053 0.09013143 -0.04937111
v 0.13971725 -0.24706569 -0.20260577
v 0.14442717 -0.16413275 -0.04462136
v 0.14545554 -0.21219360 -0.05874816
v 0.14373605 0.07639368 -0.04886403
v 0.15298759 -0.01866779 -0.04753889
v 0.14910204 -0.19939938 -0.05351513
v 0.14533331 0.17653754 0.46446642
v 0.14533331 0.22079567 0.46059431
v 0.14778504 0.09953978 -0.05564492
v 0.15037834 0.05861172 -0.04976808
v 0.14763544 -0.11973060 -0.14458252
v 0.15171377 -0.18408561 -0.04955144
v 0.14887230 -0.12980241 -0.16867282
v 0.15037405 -0.14203089 -0.18723256
v 0.15206304 0.11730684 -0.06726751
v 0.15355547 -0.12303482 -0.04462136
v 0.15323386 -0.14714161 -0.04462136
v 0.15250275 -0.15936475 -0.20473715
v 0.15250275 -0.15936475 -0.14458252
v 0.15265659 -0.11911396 -0.14458252
v 0.15265659 -0.11911396 -0.13347573
v 0.15338074 -0.18872326 -0.44289325
v 0.15260067 -0.24813027 -0.21222927
v 0.15316998 -0.15936475 -0.21265453
v 0.15358304 -0.15936475 -0.13347573
v 0.15443541 0.01686275 -0.04950274
v 0.15419559 -0.19708224 -0.45573166
v 0.15559637 -0.21592217 -0.06300644
v 0.15352053 -0.15664909 -0.14426676
v 0.15391729 -0.18846652 -0.45478660
v 0.15439733 -0.18120001 -0.43612079
v 0.15497789 -0.19575030 -0.43797210
v 0.15424005 -0.18697779 -0.42470082
v 0.15428684 -0.18156821 -0.44744407
v 0.15422675 -0.19340235 -0.46637420
v 0.16317513 -0.19407260 -0.05476754
v 0.16051839 -0.20544311 -0.05808926
v 0.15568937 -0.18009175 -0.41640235
v 0.15488849 -0.20290487 -0.46591166
v 0.15657415 -0.20617035 -0.45788358
v 0.15564000 -0.18789811 -0.40073787
v 0.15547313 -0.20117862 -0.47572763
v 0.15591185 -0.19456770 -0.41430481
v 0.15769128 -0.17960925 -0.39467166
v 0.15574652 -0.18361490 -0.46215505
v 0.15928880 -0.20509020 -0.44383622
v 0.16041838 -0.20566339 -0.34792667
v 0.15640835 -0.21375189 -0.47649378
v 0.16007109 -0.17220953 -0.41067284
v 0.15870097 -0.20104934 -0.40901271
v 0.15731526 -0.19190140 -0.36886297
v 0.15783860 -0.21314357 -0.48252651
v 0.15716877 -0.21398601 -0.47068678
v 0.15690013 -0.17377396 -0.44477750
v 0.15742547 -0.20499685 -0.48334207
v 0.15756939 0.17500446 0.44694345
v 0.15726169 0.21938008 0.44441424
v 0.15721758 -0.18579377 -0.47036934
v 0.15781876 -0.19154044 -0.47705277
v 0.15731754 -0.17425294 -0.42862404
v 0.16000184 -0.20374718 -0.39669743
v 0.15993288 -0.19881386 -0.31831039
v 0.16116603 -0.19153632 -0.31290973
v 0.15660409 0.10763665 -0.06372914
v 0.16062435 -0.18817128 -0.33071974
v 0.15913974 -0.19672876 -0.48534427
v 0.15914156 -0.22275403 -0.47556505
v 0.16099528 -0.21188172 -0.49053563
v 0.15870234 -0.20136905 -0.42676222
v 0.16784278 -0.13176076 -0.04808448
v 0.15944198 -0.17678588 -0.46475279
v 0.15877347 0.06938306 -0.05415487
v 0.16046062 -0.20395447 -0.49046145
v 0.16050516 -0.21174021 -0.45549477
v 0.16090795 -0.18839736 -0.48272287
v 0.16032386 -0.21562133 -0.46471076
v 0.16233959 -0.18171570 -0.33983005
v 0.16356562 -0.21293165 -0.32288113
v 0.16016820 -0.22064303 -0.48314789
v 0.16157640 -0.16758037 -0.44396655
v 0.16502150 -0.16916416 -0.04976242
v 0.16238436 -0.18055138 -0.47480500
v 0.16231641 -0.16813370 -0.41947932
v 0.16173954 -0.24725415 -0.22144287
v 0.16246834 -0.16866312 -0.22219028
v 0.16262818 -0.21029518 -0.28431045
v 0.16384081 -0.18866953 -0.48989511
v 0.16260071 -0.22638811 -0.48169157
v 0.16469798 -0.21062576 -0.44518526
v 0.16361453 -0.21634074 -0.23023827
v 0.16359498 -0.19158624 -0.22784496
v 0.16331463 -0.20618803 -0.41898867
v 0.16244248 -0.19885426 -0.49318947
v 0.16356463 0.03522336 -0.05476503
v 0.16460225 -0.22981564 -0.22796201
v 0.16350871 -0.23017199 -0.47556505
v 0.16795680 -0.22016365 -0.31009479
v 0.16431242 -0.20286646 -0.24170624
v 0.16710005 -0.18068418 -0.23154817
v 0.16424634 -0.21209007 -0.24315042
v 0.16411300 -0.17083048 -0.46455800
v 0.16764868 -0.23583553 -0.23115055
v 0.16529907 -0.22653635 -0.48818564
v 0.16624201 -0.18031106 -0.48434120
v 0.16486520 0.17349544 0.42969532
v 0.16486520 0.21775358 0.42582321
v 0.16619248 -0.18875452 -0.23444636
v 0.16544612 -0.21795298 -0.49517175
v 0.16931391 -0.21220899 -0.06321600
v 0.16588494 -0.19577453 -0.24011082
v 0.16891878 -0.16318079 -0.42410567
v 0.16494318 -0.22129130 -0.46554946
v 0.16649814 -0.20379193 -0.50000000
v 0.16794294 -0.16614994 -0.39971131
v 0.16672694 -0.22130149 -0.24011082
v 0.16703661 -0.16553819 -0.45374586
v 0.16786061 -0.16293663 -0.44378272
v 0.16754142 -0.21171654 -0.50000000
v 0.16791202 -0.19488776 -0.50000000
v 0.16768393 0.17175641 0.40981779
v 0.16768393 0.21601454 0.40594568
v 0.16796479 -0.23377476 -0.48194039
v 0.16793234 0.08913951 -0.06195742
v 0.16775031 -0.17332351 -0.47404651
v 0.16495897 -0.09655296 -0.04859107
v 0.17229048 -0.15010229 -0.04987631
v 0.16877684 -0.20957563 -0.42161431
v 0.17049511 -0.21358540 -0.44446602
v 0.16989317 -0.23266873 -0.48807550
v 0.16953630 -0.18790992 -0.24011082
v 0.17871872 -0.00100647 -0.06284075
v 0.17418305 -0.17272074 -0.23036861
v 0.17100993 -0.21950087 -0.45394926
v 0.16996803 -0.23710426 -0.47533457
v 0.17233056 -0.17990886 -0.49376568
v 0.17174517 -0.21973654 -0.50000000
v 0.17066463 -0.18824242 -0.50000000
v 0.17376487 -0.24447775 -0.22861731
v 0.17655965 -0.16119309 -0.41769089
v 0.17084136 -0.22884902 -0.24008726
v 0.17527435 -0.16067361 -0.43225802
v 0.17457094 -0.20165493 -0.06024505
v 0.17160887 -0.16567760 -0.46708541
v 0.17456499 -0.17204050 -0.31232577
v 0.17242527 -0.17378498 -0.48407642
v 0.17594179 0.06475703 -0.06791495
v 0.17336432 -0.16247476 -0.45595500
v 0.17056475 -0.22781462 -0.49403370
v 0.17628114 -0.16825247 -0.47733024
v 0.17439105 -0.21308321 -0.43205364
v 0.17294837 0.11251619 -0.07086743
v 0.17298884 -0.23881158 -0.48052659
v 0.17521010 -0.16020100 -0.44396174
v 0.17448287 -0.22997256 -0.46755249
v 0.17629214 -0.07369763 -0.05495964
v 0.17973079 -0.21894268 -0.07051203
v 0.17522825 -0.18085442 -0.24011082
v 0.17265347 -0.21123302 -0.41929861
v 0.17469086 -0.23762658 -0.48703310
v 0.17548265 -0.22407020 -0.33372091
v 0.17554426 0.13256336 -0.03879232
v 0.17549589 -0.22563771 -0.50000000
v 0.17560682 -0.18180160 -0.50000000
v 0.17632770 -0.21604657 -0.44527715
v 0.17648619 0.17383914 -0.07818571
v 0.17657402 0.12917338 -0.07794175
v 0.17658875 -0.18417083 -0.05630640
v 0.18378997 -0.16614848 -0.33263671
v 0.17648619 0.17383914 -0.41993727
v 0.17648619 0.17383914 -0.18754927
v 0.17648619 0.18372681 -0.27377362
v 0.17648619 0.19023358 -0.46031686
v 0.17648619 0.19922272 -0.35148211
v 0.17648619 0.20824850 -0.50000000
v 0.17648619 0.21867524 -0.42033307
v 0.17648619 0.24817732 -0.50000000
v 0.17669964 -0.23534402 -0.24011082
v 0.17691784 0.11131702 -0.07155359
v 0.17691784 0.12039753 -0.06416365
v 0.17667841 0.12500300 -0.05850119
v 0.17691784 0.12930549 -0.05034977
v 0.18148750 -0.16863443 -0.31060370
v 0.18178359 -0.13875504 -0.05372971
v 0.17758058 -0.23367004 -0.49517175
v 0.18550628 -0.24450316 -0.23278303
v 0.18044046 -0.16017338 -0.45384752
v 0.17929891 -0.16179335 -0.46502181
v 0.18209104 -0.17097245 -0.23014264
v 0.17942893 -0.24372925 -0.47556505
v 0.17989225 0.14764370 -0.33911717
v 0.18374441 -0.16490625 -0.47821417
v 0.18029072 -0.17140286 -0.49020239
v 0.19020221 -0.24669209 -0.22595205
v 0.18208977 -0.16038588 -0.42746745
v 0.17964640 -0.24223009 -0.48356304
v 0.18412476 -0.22764930 -0.33034707
v 0.18519656 -0.21323877 -0.06783707
v 0.18261091 -0.15965807 -0.44123462
v 0.18182886 -0.17525459 -0.23933989
v 0.19419702 -0.16607155 -0.32227806
v 0.18117884 -0.24014401 -0.48981214
v 0.18092117 -0.21230791 -0.42063051
v 0.18243651 -0.23088556 -0.50000000
v 0.18135975 -0.17695313 -0.49948871
v 0.18188593 0.13040701 -0.26744337
v 0.18301678 -0.23162925 -0.46667961
v 0.18292082 -0.21584001 -0.44399055
v 0.18682911 -0.16277617 -0.05669900
v 0.18364264 0.11879965 -0.19221469
v 0.18370693 0.11830516 -0.13347573
v 0.18795206 -0.16007509 -0.44965649
v 0.18403462 -0.24021904 -0.24036387
v 0.18669792 -0.16679673 -0.48634798
v 0.18830961 -0.16207625 -0.41538609
v 0.18971258 -0.16971284 -0.49382997
v 0.18776259 -0.16084876 -0.43412591
v 0.18797365 -0.16013909 -0.46051206
v 0.18887919 -0.21243829 -0.43114681
v 0.19504305 -0.20769705 -0.06904866
v 0.18655430 -0.16119405 -0.46924289
v 0.19249622 -0.16371045 -0.39779803
v 0.20055021 -0.22716101 -0.32874365
v 0.18727065 -0.21130276 -0.42113208
v 0.19362556 -0.16983485 -0.23217081
v 0.18810777 -0.24638594 -0.48068614
v 0.18947752 -0.24458188 -0.48746235
v 0.19219568 -0.08101070 -0.06865948
v 0.18931750 -0.23576504 -0.49823922
v 0.18954814 -0.17375258 -0.50000000
v 0.18928740 -0.17210076 -0.24120230
v 0.18874842 -0.23993003 -0.49405348
v 0.18930037 -0.21544492 -0.44522328
v 0.19009072 -0.24736676 -0.47556505
v 0.19050332 -0.19401006 -0.06337141
v 0.19376120 -0.16449161 -0.41895516
v 0.18976376 -0.22516464 -0.45728812
v 0.19229631 -0.15351348 -0.05991966
v 0.19165883 -0.16266808 -0.47761575
v 0.20065741 -0.21720262 -0.37092912
v 0.19508997 -0.21010769 -0.43373725
v 0.19311380 -0.16581207 -0.48777065
v 0.19234954 -0.23226812 -0.46667961
v 0.19740756 -0.16163292 -0.45966362
v 0.19271186 -0.20921551 -0.42051642
v 0.19489143 -0.16200640 -0.44911055
v 0.19780588 -0.16605227 -0.34504706
v 0.19494019 -0.16075275 -0.46842086
v 0.19562967 -0.24428412 -0.17746130
v 0.20093845 -0.22010278 -0.45544488
v 0.19523477 -0.24750745 -0.48116019
v 0.19491473 -0.21244230 -0.44446602
v 0.19824269 -0.23995225 -0.49557787
v 0.19154463 -0.18034506 -0.06141720
v 0.19650091 -0.24578668 -0.48734168
v 0.19649420 -0.16489272 -0.43444525
v 0.19950957 -0.16759066 -0.39981168
v 0.19796314 -0.17218576 -0.06381643
v 0.19636629 -0.24810855 -0.21203290
v 0.20162168 -0.23436112 -0.50000000
v 0.19759716 -0.17269290 -0.50000000
v 0.19815129 -0.17021342 -0.24264402
v 0.19769229 -0.20552431 -0.42243200
v 0.19887672 -0.16529914 -0.44464335
v 0.20707743 -0.21381535 -0.36595296
v 0.19985934 -0.16936919 -0.42312998
v 0.19899789 -0.16341967 -0.48266659
v 0.20029464 -0.16590329 -0.48908456
v 0.20081866 -0.23115209 -0.46690618
v 0.20532577 -0.16957923 -0.34773181
v 0.20132963 -0.24813611 -0.47556505
v 0.20149707 -0.20768803 -0.44446602
v 0.20333295 -0.16585984 -0.45297568
v 0.20214025 -0.24704789 -0.22530238
v 0.17648619 0.17733532 -0.36641250
v 0.20234347 -0.20011295 -0.42267106
v 0.21646146 -0.21157861 -0.33872732
v 0.20339905 -0.17022591 -0.44307751
v 0.20322770 -0.17459194 -0.42221400
v 0.20267039 -0.24381070 -0.24380224
v 0.20460370 -0.24536049 -0.48760706
v 0.20252999 -0.16852845 -0.28667493
v 0.20533024 -0.17574255 -0.43309651
v 0.20372294 -0.24752841 -0.48089771
v 0.20226914 -0.16173638 -0.47497619
v 0.20566495 -0.19177720 -0.42003912
v 0.20582559 -0.18229518 -0.42284863
v 0.20573731 -0.17403520 -0.50000000
v 0.20733998 -0.23299245 -0.15784524
v 0.20559584 -0.20207982 -0.44342015
v 0.20593370 -0.16876367 -0.49318437
v 0.20501199 -0.19280187 -0.07060919
v 0.20744006 -0.19139234 -0.43295196
v 0.22234445 -0.20543849 -0.32453335
v 0.20769440 -0.21908960 -0.07789929
v 0.20656456 -0.24296430 -0.17848601
v 0.20714209 -0.17031443 -0.23574158
v 0.20760329 -0.17611418 -0.44510619
v 0.20896283 -0.16505756 -0.48400789
v 0.20774655 -0.18435444 -0.43341127
v 0.20832115 -0.24670164 -0.21194356
v 0.20858981 -0.19561419 -0.44446602
v 0.21346526 -0.20760687 -0.45527196
v 0.20870396 -0.22600552 -0.14458252
v 0.20285556 -0.22600552 -0.07794175
v 0.20877518 -0.22713117 -0.46667961
v 0.20983948 -0.18223951 -0.44536547
v 0.20947262 -0.23886839 -0.49517175
v 0.21293764 -0.17310428 -0.30762609
v 0.21024484 -0.18919885 -0.44519574
v 0.21155248 -0.24422247 -0.23342497
v 0.21476015 -0.23016931 -0.28792782
v 0.21078049 -0.21554247 -0.07792059
v 0.21011539 -0.17097382 -0.27625325
v 0.21030909 -0.24035613 -0.47267873
v 0.21030151 -0.16681800 -0.46559826
v 0.21184602 -0.24357088 -0.48784881
v 0.21885001 -0.17019141 -0.22828242
v 0.21338263 -0.22487982 -0.14300199
v 0.21291799 -0.22507228 -0.07794175
v 0.21062732 -0.24642031 -0.47556505
v 0.21164968 -0.24598912 -0.48030189
v 0.21259436 -0.24591897 -0.22306550
v 0.21325859 -0.23526649 -0.16662671
v 0.21417981 -0.17113082 -0.49267891
v 0.21299483 -0.24345785 -0.19863714
v 0.21528951 -0.22844614 -0.15431794
v 0.21662656 -0.19678868 -0.45451856
v 0.21207916 -0.23116667 -0.50000000
v 0.21314670 -0.17685938 -0.50000000
v 0.21399801 -0.17786850 -0.45462188
v 0.21360399 -0.11162919 -0.13347573
v 0.21563461 -0.12671543 -0.07794175
v 0.21377927 -0.11160766 -0.14458252
v 0.21691392 -0.16758837 -0.48325262
v 0.21343751 -0.16425341 -0.47589498
v 0.21510673 -0.17292172 -0.24011082
v 0.21537787 -0.22082170 -0.46580379
v 0.21737593 -0.22168602 -0.14306679
v 0.21744019 -0.22160227 -0.07794175
v 0.21685950 -0.23859560 -0.17746130
v 0.22059292 -0.23019534 -0.16593688
v 0.21716929 -0.17312877 -0.46588522
v 0.21905066 -0.18346921 -0.33086256
v 0.21935200 -0.23950274 -0.48890479
v 0.22205207 -0.17634674 -0.49309310
v 0.22316751 -0.17317044 -0.23352667
v 0.21781864 -0.24307489 -0.48249675
v 0.22108319 -0.22366127 -0.15505062
v 0.21962154 -0.21633605 -0.14458252
v 0.21962154 -0.21633605 -0.07794175
v 0.22205861 -0.22256186 -0.50000000
v 0.21958751 -0.18180160 -0.50000000
v 0.21948457 -0.15746374 -0.14471433
v 0.21961056 -0.15782508 -0.07794175
v 0.22116315 -0.23848199 -0.19463458
v 0.22570952 -0.22928229 -0.25862488
v 0.21975274 -0.23880334 -0.24311697
v 0.22178459 -0.17159934 -0.48668412
v 0.22180938 -0.21605111 -0.46733646
v 0.22003224 -0.24243613 -0.47556505
v 0.22120014 -0.23211213 -0.49541887
v 0.22107533 -0.24246629 -0.22124328
v 0.22067278 -0.19239226 -0.33783976
v 0.22161405 -0.18031035 -0.46538895
v 0.22378745 -0.23110421 -0.47239398
v 0.22322129 -0.17759189 -0.24083214
v 0.22508184 -0.21752494 -0.15646252
v 0.22256538 -0.16886990 -0.47594012
v 0.22394462 -0.11679846 -0.16159305
v 0.22632110 -0.23539501 -0.48724570
v 0.22621059 -0.22401907 -0.16581640
v 0.22351992 -0.20730780 -0.46570630
v 0.22310521 -0.18749235 -0.50000000
v 0.22571438 -0.23843749 -0.48091982
v 0.22549301 -0.19007801 -0.46667961
v 0.22679831 -0.23062562 -0.17846716
v 0.22766998 -0.22595376 -0.49477291
v 0.22607409 -0.19853241 -0.46667961
v 0.22841316 -0.17813306 -0.48800004
v 0.22807350 -0.23426828 -0.20309397
v 0.22846954 -0.21258759 -0.49917394
v 0.22718505 -0.19465294 -0.50000000
v 0.22839568 -0.18442117 -0.49456445
v 0.22680178 -0.17364751 -0.48209216
v 0.23066099 -0.21514741 -0.16672528
v 0.22880467 -0.20377648 -0.49990667
v 0.22991271 -0.18403645 -0.24011082
v 0.22916393 -0.23012257 -0.49029063
v 0.22932465 -0.23550926 -0.47556505
v 0.23090686 -0.17214943 -0.22849120
v 0.22983460 -0.23602937 -0.22219028
v 0.23173844 -0.23236817 -0.48158679
v 0.23289949 -0.21690918 -0.47219671
v 0.23286888 -0.18399612 -0.48817982
v 0.23076016 -0.17612372 -0.47524018
v 0.23214507 -0.22759205 -0.19492475
v 0.23240085 -0.22305428 -0.17746130
v 0.23186008 -0.21848953 -0.49474940
v 0.23212471 -0.22578335 -0.24537263
v 0.23333717 -0.19636620 -0.49517175
v 0.23385680 -0.22537423 -0.48829972
v 0.23317026 -0.18020945 -0.48143690
v 0.23323692 -0.12408589 -0.17658522
v 0.23521679 -0.20895920 -0.49366567
v 0.23514503 -0.19114291 -0.23904048
v 0.23680201 -0.22443376 -0.48169274
v 0.23448609 -0.19021508 -0.49087129
v 0.23671927 -0.18541983 -0.23291026
v 0.23537719 -0.22778453 -0.47556505
v 0.23661355 -0.22025839 -0.19731709
v 0.23610590 -0.22785647 -0.22219028
v 0.23768709 -0.21795368 -0.48734136
v 0.23653544 -0.13465861 -0.19100437
v 0.23648866 -0.21337598 -0.17789317
v 0.23674896 -0.21767490 -0.24045559
v 0.23770184 -0.19627052 -0.48913845
v 0.23687132 -0.18822991 -0.48484801
v 0.23719468 -0.18518342 -0.47615922
v 0.23708461 -0.19911390 -0.24173942
v 0.23968247 -0.21689332 -0.48204867
v 0.23764711 -0.15600193 -0.17746130
v 0.23808936 -0.20182444 -0.17746130
v 0.23933232 -0.21085766 -0.48733346
v 0.23599012 -0.20719306 -0.25280751
v 0.23879959 -0.20276080 -0.48884398
v 0.23878814 -0.14575264 -0.20216199
v 0.23979215 -0.19332625 -0.22842290
v 0.24004817 -0.21833894 -0.22219028
v 0.24014391 -0.21727312 -0.47556505
v 0.24045407 -0.21529071 -0.21260626
v 0.23968514 -0.19363706 -0.48173256
v 0.24123302 -0.19719145 -0.47556505
v 0.24098298 -0.20658822 -0.22438173
v 0.24139284 -0.16866312 -0.22219028
v 0.24113819 -0.20949556 -0.48184550
v 0.24106690 -0.20162584 -0.48241779
v 0.24186326 -0.20636097 -0.47556505
v 0.24173742 -0.20182474 -0.21043875
v 0.24198253 -0.15936475 -0.21265453
v -0.08209700 -0.22585680 -0.07794175
v 0.15781613 0.12391809 -0.22538910
v 0.00570447 0.13731427 0.01614230
v -0.06272442 0.20414846 0.27031600
v -0.00948313 0.20351684 0.26309658
v 0.08208963 -0.07921283 -0.04462136
v -0.13450409 0.20962092 -0.38683819
v 0.00956363 0.01944345 -0.04462136
v -0.17732741 0.18147159 0.01070365
v -0.15710407 0.03140944 -0.05020625
v 0.17963547 0.14961830 -0.22837875
v -0.09335031 -0.14339677 -0.04462136
v 0.01881387 0.17383914 -0.09358818
v 0.00423464 0.16486091 0.33100171
v -0.15609657 0.20924855 -0.38696790
v -0.00711347 0.20846710 0.31967816
v 0.10631868 0.04250301 -0.07794175
v 0.17818922 0.16074142 -0.37952722
v -0.08603657 0.11830516 -0.14458252
v 0.07602573 -0.19978316 -0.14458252
v -0.12969632 -0.20259496 -0.19282146
v 0.09750656 -0.21934145 -0.07794175
v 0.19924846 -0.12757962 -0.17525550
v 0.00260125 0.15331093 0.19898494
v -0.00370840 0.19772400 0.19688399
v -0.19932869 -0.12757813 -0.17526113
v -0.05338684 -0.18093740 -0.04462136
v 0.17648619 0.19088717 -0.30960194
v -0.11514971 -0.20226183 -0.17336855
v -0.23763567 -0.15881145 -0.17675290
v -0.19046046 -0.16868542 -0.22237006
v 0.11852649 -0.20601038 -0.17823789
v -0.18632104 -0.15955652 -0.21285119
v 0.02726615 0.20023661 0.22560335
v -0.21985106 -0.18914910 -0.10518742
v -0.05510671 0.08624258 -0.07794175
v -0.23055074 -0.19426924 -0.27726226
v -0.21633334 -0.17763463 -0.32338227
v -0.10914899 0.17383914 -0.10599422
v 0.03142236 0.18006217 -0.00499150
v -0.19061254 -0.21934145 -0.07794175
v -0.20990353 -0.23878767 -0.26199048
v -0.05277032 -0.19540865 -0.14458252
v -0.16072634 -0.21934145 -0.07794175
v -0.13476595 -0.07360432 -0.11078749
v -0.21006943 -0.07971436 -0.07794175
v -0.00068778 -0.14434223 -0.10745597
v 0.02858553 -0.22600552 -0.10444639
v 0.00951748 -0.18846181 -0.14458252
v -0.17399981 -0.02293998 -0.13347573
v -0.18076429 -0.16816825 -0.31313705
v -0.13855029 -0.21629694 -0.20122536
v -0.05705397 -0.12730219 -0.07794175
v -0.18781734 0.10148126 -0.07794175
v -0.18600093 0.11627203 -0.07824507
v -0.17905927 0.12954347 -0.04983155
v -0.14208434 -0.21934145 -0.07794175
v -0.15327645 0.00137849 -0.04763639
v -0.08523670 -0.09864738 -0.04462136
v -0.10450690 -0.05746077 -0.04462136
v -0.16299282 -0.21149055 -0.29401365
v -0.08834609 0.02032712 -0.04462136
v -0.05773190 -0.04221127 -0.04462136
v -0.04235992 0.10343346 -0.10771720
v -0.03966008 0.14658765 0.12213751
v 0.11727399 -0.13681655 -0.04462136
v -0.08557151 0.14663134 -0.14458252
v -0.13442064 0.17374610 -0.07790123
v 0.13205900 0.16264347 -0.38550261
v -0.00018177 -0.19343460 -0.04778577
v -0.08562729 0.17383914 -0.14411739
v 0.03218905 0.20607935 0.29238625
v -0.10205173 -0.15913011 -0.14459192
v 0.07874778 0.17383914 -0.14458252
v -0.03114448 -0.09613416 -0.04462136
v -0.00490833 0.15725081 0.24401790
v -0.03343209 0.20618274 0.29356804
v -0.03925999 0.14682166 -0.14458252
v -0.01043800 -0.05365220 -0.04462136
v 0.00761709 0.17440117 -0.06969720
v -0.18309009 0.13993892 -0.30643774
v 0.05341762 0.18068940 0.00217741
v -0.04699366 0.18300746 0.02867306
v 0.07439016 -0.21877154 -0.06890893
v 0.09378721 0.09900136 -0.10004058
v 0.02821237 0.21174666 0.35716367
v 0.06619845 0.16524166 0.33621233
v -0.17110496 0.21245093 0.36513671
v 0.08152377 0.13373376 -0.02796128
v 0.13109216 0.15503460 -0.03971455
v 0.09749798 0.04418959 -0.04462136
v 0.05671147 0.03066806 -0.04462136
v 0.00364787 0.19192341 0.13058281
v -0.00239932 0.14785461 0.13661899
v -0.10857121 0.04703500 -0.07844129
v 0.16687680 -0.21934145 -0.07794175
v -0.04871852 -0.22600552 -0.14458252
v 0.17648619 0.17383914 -0.13966922
v 0.19084895 0.06337687 -0.13347573
v -0.11570711 -0.07265485 -0.07794175
v 0.13614924 0.02438553 -0.04462136
v -0.13922579 0.06606727 -0.13347573
v 0.05440553 -0.08321105 -0.07794175
v 0.11238061 -0.04072095 -0.07794175
v -0.15627657 -0.22591091 -0.14458252
v 0.20002813 -0.16850041 -0.22202342
v 0.19288427 -0.13803520 -0.06152760
v 0.14738392 -0.06976363 -0.04462136
v -0.02965089 -0.14152433 -0.04462136
v 0.16839974 0.21244703 0.36509236
v 0.15551761 -0.22600552 -0.14458252
v 0.17595841 0.17469887 -0.06629459
v 0.03522381 0.09935242 -0.04462136
v 0.13584937 0.07842924 -0.13347573
v -0.14577409 -0.03018314 -0.13347573
v 0.17599235 0.13609587 -0.06486968
v -0.19512922 -0.07135268 -0.07110557
v 0.13691350 0.13044660 -0.04801241
v 0.00268377 -0.12319121 -0.04462136
v -0.13450409 0.12438621 -0.22815842
v -0.17948893 -0.22600552 -0.08974378
v -0.13450409 0.16225098 -0.38389218
v -0.23857594 -0.14931265 -0.19280389
v -0.03040771 -0.09355540 -0.07794175
v 0.13305209 -0.15343707 -0.12320868
v 0.18239288 -0.16119427 -0.41039773
v 0.17695253 0.10116584 -0.07571152
v 0.06349976 -0.18093714 -0.04462136
v 0.11769574 -0.04615814 -0.04462136
v -0.12733017 -0.03687755 -0.04462136
v 0.18710785 0.09214921 -0.08600652
v 0.20118334 -0.01610359 -0.07794175
v -0.06651040 -0.21223703 -0.05785025
v 0.18625573 0.09870278 -0.07796075
v 0.19275679 0.04870393 -0.07794175
v 0.13037121 0.13619823 0.00339442
v 0.19288916 -0.22967520 -0.32325183
v 0.11553384 -0.08401157 -0.07794175
v 0.19440351 -0.24346485 -0.24248681
v -0.20432763 -0.07715502 -0.07794175
v 0.06061566 0.16018562 0.27756288
v 0.19597584 -0.16942580 -0.25885587
v -0.10194316 -0.02001841 -0.04462136
v -0.17893128 0.23401408 -0.46224702
v 0.17648619 0.17819538 -0.22763552
v -0.17839327 0.17900301 -0.23506733
v -0.07370749 0.04105211 -0.07794175
v 0.10087415 0.14560943 -0.14458252
v 0.04751840 0.17404178 -0.07380519
v -0.18540568 0.12404530 -0.22621360
v 0.15369006 0.17383914 -0.10855063
v 0.13747217 0.13200319 -0.04173349
v 0.12375535 0.19205272 0.37897940
v 0.03674864 0.14646756 0.12076493
v -0.06366722 0.16043414 0.28040351
v -0.03995247 0.02485550 -0.04462136
v 0.03171891 -0.02942071 -0.04462136
v -0.17893128 0.19036035 -0.30773729
v 0.06498429 -0.15936475 -0.14458252
v 0.15098712 -0.14588514 -0.13140098
v 0.12047710 -0.10226561 -0.04462136
v -0.02048420 -0.01950091 -0.04462136
v -0.13387068 0.17613045 -0.04588963
v 0.15198476 0.15675187 0.23831512
v 0.17852535 0.15815616 -0.10112283
v 0.17582010 0.16687792 -0.05765684
v -0.18772091 -0.22600552 -0.10645802
v 0.09379535 0.11830516 -0.14458252
v -0.23074265 -0.15936475 -0.21165643
v -0.22493349 -0.15965030 -0.21294737
v 0.12606687 0.20293990 0.25650187
v -0.19412231 -0.13752368 -0.18820084
v 0.16449044 0.11885218 -0.06571558
v 0.18042927 0.14351329 -0.10133593
v 0.11596895 -0.07431183 -0.04462136
v 0.17648619 0.17383914 -0.09005390
v -0.22834391 -0.23286522 -0.23935264
v 0.02739678 0.16120539 0.28921897
v 0.18825228 -0.10139510 -0.06130913
v -0.03341255 0.06807700 -0.04462136
v 0.17888914 0.15535829 -0.11545956
v -0.22359686 -0.20065992 -0.32225682
v -0.21339438 -0.22101436 -0.32349830
v -0.21983310 -0.22450650 -0.29240752
v -0.21911272 -0.23676605 -0.25258167
v -0.22815542 -0.20372312 -0.29662565
v -0.22794037 -0.21169364 -0.28965318
v -0.20762641 -0.22659524 -0.31817783
v -0.21788892 -0.19669870 -0.45603074
v -0.21290394 -0.19866820 -0.37795629
v -0.17892308 0.17381923 -0.14940570
v 0.18024213 0.02367213 -0.06772166
v -0.21760684 -0.19118468 -0.35551461
v -0.21121994 -0.17527516 -0.35471950
v 0.19538283 0.02850734 -0.13347573
v 0.15660334 -0.24428412 -0.17746130
v -0.13352787 0.13612485 0.00015171
v -0.03936613 0.19068425 0.11641914
v -0.15664364 -0.24428412 -0.17746130
v 0.17048251 -0.21401059 -0.39298989
v 0.05854645 0.18410792 0.40838045
v -0.20898027 -0.19874000 -0.39557499
v 0.15457195 0.18188042 0.01579087
v 0.07998484 0.08624258 -0.07794175
v 0.15319981 -0.14271484 -0.14458252
v -0.18123715 -0.23241752 -0.29020326
v -0.14382152 -0.03696874 -0.04462136
v -0.20192767 -0.23528793 -0.28823248
v -0.18817554 -0.07827383 -0.06152853
v -0.21209506 -0.09620879 -0.10045615
v -0.20371204 -0.22202174 -0.34507627
v -0.18437057 0.12954782 -0.09430227
v 0.15124021 -0.13517208 -0.13302024
v 0.19070956 -0.09140213 -0.13347573
v -0.18945916 -0.22579072 -0.34493799
v 0.24049777 -0.18055936 -0.22546692
v -0.17893128 0.20809032 -0.38286842
v 0.05696085 0.17383914 -0.10500306
v -0.04549926 0.12368422 -0.05347563
v -0.19238957 -0.04786330 -0.07073753
v -0.18641898 -0.08908597 -0.13347573
v 0.04283492 0.21805429 0.42926023
v 0.03532896 0.17263693 0.41988228
v 0.03857606 -0.20181640 -0.05109077
v -0.00901546 0.17493907 0.44619574
v 0.08992043 -0.15929121 -0.13334836
v -0.15927048 0.09512550 -0.13347573
v 0.12079061 0.05257779 -0.10420931
v 0.02971475 -0.22592467 -0.07794175
v 0.00718497 -0.15919533 -0.13318229
v -0.15532463 -0.19891411 -0.47383952
v 0.04753062 -0.22562407 -0.14458252
v -0.20143080 -0.16989247 -0.40704399
v -0.17826729 -0.02455632 -0.05824654
v 0.06289851 0.18366868 0.29426776
v -0.19430124 -0.03377158 -0.07794175
v 0.13118532 0.13761675 -0.04354861
v -0.01381355 -0.22600552 -0.09935790
v -0.18423595 -0.16336834 -0.37287794
v -0.19043018 -0.16467543 -0.34592600
v 0.11119397 -0.19741355 -0.16635963
v -0.18997515 0.08391053 -0.09918212
v 0.15322736 -0.14391176 -0.14101817
v -0.16777296 -0.04531747 -0.05096837
v -0.16115877 -0.08295615 -0.04708046
v 0.16833959 0.01594417 -0.13347573
v 0.06413793 0.07038523 -0.04462136
v 0.19704469 0.01572629 -0.07852414
v -0.12443351 0.02865217 -0.10389150
v -0.17765001 -0.22725821 -0.31688062
v -0.17781246 -0.16287598 -0.39210281
v 0.06770368 -0.19263425 -0.04751783
v -0.10795805 0.06182665 -0.04462136
v -0.17174562 -0.22830069 -0.25978741
v -0.17893128 0.17383914 -0.26770970
v -0.10806074 -0.19011908 -0.15873170
v -0.17893128 0.17383914 -0.34587929
v -0.17927564 0.17119073 -0.30060268
v 0.12594441 0.01247750 -0.10806666
v -0.19317575 0.06173481 -0.07794175
v 0.18417926 -0.12150471 -0.16049029
v -0.17970401 -0.12253503 -0.16159517
v 0.17866949 -0.05010827 -0.13347573
v -0.01984251 0.18225198 0.02003775
v -0.17845306 0.13983050 -0.05125000
v -0.05977396 -0.12568777 -0.04462136
v -0.17813132 0.17734675 -0.03602924
v -0.09097144 -0.09963415 -0.07794175
v -0.17164872 -0.17414336 -0.31465514
v 0.17504580 0.13499744 -0.01033908
v -0.16783922 -0.22600552 -0.07794175
v -0.13049520 -0.22600552 -0.07813933
v -0.16403309 -0.21355450 -0.32471453
v -0.17024795 -0.22195128 -0.31779302
v -0.16783803 -0.21610976 -0.35717959
v -0.08063142 -0.14244796 -0.10417499
v -0.16692379 -0.17010365 -0.37555969
v -0.00177571 0.14093588 0.05753780
v 0.03874161 0.21440453 0.38754341
v -0.17072195 0.19284956 0.38871838
v 0.03254162 -0.14873373 -0.04462136
v -0.18535983 0.05142336 -0.07794175
v -0.05309945 0.11193585 -0.04806214
v -0.14248759 0.01348667 -0.13347573
v -0.19101667 -0.00247571 -0.07794175
v -0.13179763 -0.03715024 -0.10956540
v -0.12721058 0.20973628 0.33418484
v -0.19007916 0.08285446 -0.13347573
v -0.12733555 -0.00273504 -0.10554237
v -0.16043375 -0.18984969 -0.32784244
v -0.22490691 -0.21456910 -0.15430536
v -0.02879724 0.17268497 0.42043137
v -0.04700714 0.17422527 0.43803703
v 0.04800136 0.17451714 0.44137321
v -0.15518244 -0.18748573 -0.40932575
v 0.15332406 -0.14811325 -0.13871129
v 0.21994073 -0.16177947 -0.10512784
v -0.12654347 -0.21558395 -0.06186745
v -0.00111903 0.18716830 0.07623163
v -0.08940602 -0.04362384 -0.07794175
v 0.13257565 -0.07275987 -0.10879680
v -0.17972287 0.16739332 -0.08862803
v 0.15494708 -0.18735726 -0.41267736
v -0.02897494 0.18038832 -0.00126374
v -0.06141130 -0.01331764 -0.07794175
v -0.13367423 0.13332810 -0.04036555
v 0.04679754 -0.18411497 -0.14458252
v -0.04632037 0.21875331 0.43725000
v -0.00034914 0.14344324 0.08619680
v 0.09998344 -0.11153114 -0.04462136
v -0.13320465 0.17980695 -0.00790898
v -0.00166913 0.17383914 -0.11702477
v -0.13450409 0.16581280 -0.30641856
v -0.17769420 0.13533214 -0.00733691
v -0.07741260 -0.19255878 -0.04749257
v 0.05952100 0.22004166 0.45197590
v 0.06850169 0.17545249 0.45206423
v -0.06615862 0.22007294 0.45233347
v -0.06322880 0.17568246 0.45469273
v -0.01244811 -0.15936475 -0.13347573
v -0.12669745 0.21229838 0.36346978
v -0.08513188 0.22024536 0.45430439
v -0.06907362 -0.07412363 -0.07794175
v -0.02668802 0.16563985 0.33990506
v 0.00711637 -0.07167196 -0.07794175
v 0.13193646 0.13146567 -0.04517169
v -0.21293251 -0.17222533 -0.27700482
v -0.08295053 0.17609866 0.45944994
v 0.03325149 -0.08826400 -0.04462136
v -0.17880319 -0.17430098 -0.26892500
v 0.09831322 0.20304159 0.48640172
v -0.07576617 0.06606805 -0.04462136
v -0.16131511 0.11830516 -0.15978760
v 0.13205900 0.14040940 -0.30884059
v -0.24115690 -0.17083627 -0.20482664
v -0.06956224 0.11830516 -0.13347573
v -0.16843029 0.17383914 -0.08235640
v 0.16611482 -0.21082206 -0.39512061
v -0.04478583 0.13071844 -0.05924840
v -0.17893128 0.17383914 -0.38290828
v -0.03166389 0.17762158 -0.03288763
v 0.08753542 0.17383914 -0.10278044
v -0.19486252 -0.16852298 -0.27607711
v -0.16354222 -0.19214260 -0.28275297
v 0.13959415 -0.13571189 -0.11300000
v -0.12105427 0.06992589 -0.10247592
v -0.00249087 -0.15402191 -0.04462136
v -0.17877190 0.15715694 -0.07110154
v 0.13996400 0.13441375 -0.01701062
v -0.07983693 0.10078628 -0.10313215
v -0.02624772 0.09935242 -0.04462136
v -0.18651629 -0.17142121 -0.26009461
v 0.13880828 -0.14601110 -0.11034652
v -0.05245796 -0.15924743 -0.14458722
v 0.18951352 0.07364749 -0.09401714
v -0.02169311 0.13388057 -0.02310484
v -0.11413235 -0.22600552 -0.10861220
v -0.05440039 0.13700040 0.01255503
v 0.02016557 0.08624258 -0.07794175
v 0.18023442 0.14501194 -0.08570886
v 0.13022383 0.18119307 0.00793441
v -0.00361384 0.14257192 -0.14458252
v -0.05463935 0.17383914 -0.11283446
v -0.18042148 0.16237820 -0.38522726
v 0.15238144 0.17566097 -0.05529778
v -0.19681538 -0.07877684 -0.07320120
v 0.13120821 0.13382393 -0.04453306
v -0.10221165 -0.19256782 -0.14458722
v -0.10657073 -0.21934145 -0.07794175
v -0.13120698 -0.10759536 -0.10098979
v 0.14898802 -0.10061644 -0.13347573
v -0.17224669 0.16247147 0.30369050
v 0.13143723 -0.13915741 -0.09847560
v -0.20537498 -0.16935575 -0.27647271
v -0.12782433 0.20667172 0.29915682
v 0.15649982 -0.18060651 -0.40559863
v 0.09415106 -0.15524789 -0.04462136
v -0.17120971 0.16764925 0.36287283
v 0.23809258 -0.18074344 -0.17746051
v -0.13450409 0.13997477 -0.30705725
v 0.17587263 0.15383353 -0.05953681
v 0.09629932 0.14192028 -0.07794175
v -0.12894060 0.20109800 0.23544887
v -0.17292419 0.15900370 0.26384823
v -0.02733095 -0.14905687 -0.11562196
v 0.17588429 0.13717619 -0.05874993
v -0.10277375 0.11830516 -0.13347573
v 0.24163481 -0.18067489 -0.21827750
v -0.02425492 0.17383914 -0.10957375
v 0.17614444 0.13370735 -0.07340712
v -0.20149836 -0.00992138 -0.10321635
v 0.08637566 -0.17778798 -0.14458252
v 0.09108913 -0.10029154 -0.07794175
v 0.11959084 -0.22600552 -0.10155084
v 0.17581400 0.13219973 -0.05427268
v 0.05834803 0.20953974 0.39847760
v -0.15551735 -0.20799604 -0.47049963
v 0.12785997 -0.03782514 -0.10504632
v 0.17155658 -0.04072548 -0.05443518
v -0.15254307 -0.15936475 -0.17036603
v 0.12381290 0.16894571 0.37769138
v -0.21985106 -0.19428377 -0.12692187
v 0.05506438 -0.15118618 -0.11931004
v -0.22038338 -0.22475887 -0.15536855
v 0.16869105 -0.22600552 -0.10565992
v 0.02786884 -0.15921930 -0.13322381
v 0.06923657 -0.15926724 -0.13330684
v -0.13579832 -0.14315624 -0.10540176
v -0.00257208 0.21337598 0.37578684
v -0.03669531 0.11830516 -0.13347573
v 0.00506838 0.16860489 0.37379565
v 0.22172142 -0.17681680 -0.24917920
v 0.02221276 0.13065502 -0.05997328
v 0.02101202 0.11830516 -0.14458252
v 0.02660537 0.11830516 -0.13347573
v 0.14748752 -0.14033420 -0.12605399
v 0.11998360 -0.15936475 -0.15268656
v 0.05156859 0.18091079 0.01011240
v 0.03929666 0.16974907 0.38687401
v 0.13157795 0.13947293 -0.06629062
v -0.00787323 0.09912687 -0.10025797
v -0.05103996 -0.15912786 -0.13306543
v 0.17903787 -0.10622633 -0.05434467
v 0.09303744 0.01157912 -0.04462136
v 0.13660242 0.12810760 -0.05318251
v 0.11815145 0.07983730 -0.10308021
v 0.17011382 0.15962323 0.27113865
v 0.08551131 -0.06594760 -0.07794175
v 0.04667629 -0.14082745 -0.10136818
v 0.16849348 0.16771388 0.36361523
v 0.16960995 0.16213915 0.29989575
v 0.03197727 0.10089707 -0.10332405
v -0.12227467 0.10371769 -0.10820949
v 0.17691784 0.12692246 -0.06492407
v 0.08043269 -0.04049723 -0.07794175
v 0.13138226 0.13345368 -0.04014766
v 0.07162860 0.11830516 -0.13347573
v 0.11772623 0.10193771 -0.10512648
v -0.07827136 -0.18286582 -0.14458252
v 0.03314161 0.05220927 -0.07794175
v -0.12778706 -0.08960393 -0.04462136
v -0.15579763 -0.22600552 -0.09788348
v 0.13440804 -0.22600552 -0.07796639
v 0.21981076 -0.19528981 -0.12182291
v 0.07272431 -0.14383825 -0.10658303
v -0.17511720 -0.05841213 -0.13347573
v 0.15052953 -0.12067384 -0.13347573
v 0.20595864 -0.05259809 -0.07794175
v 0.14989496 -0.14179940 -0.13002841
v -0.13275354 0.16201402 0.01959048
v 0.10540768 -0.14388999 -0.10667266
v -0.04942542 -0.14184616 -0.10313263
v 0.14499006 -0.15936475 -0.15192123
v -0.19809055 0.01782793 -0.10031076
v -0.22550449 -0.20544917 -0.15475168
v 0.16053985 0.12405733 -0.05983821
v -0.21255737 -0.09997327 -0.07844817
v 0.11042949 0.09409014 -0.09153411
v -0.00953375 0.21645571 0.41098839
v 0.09169446 -0.12730219 -0.07794175
v 0.17648619 0.17383914 -0.26770970
v 0.17707005 0.16934877 -0.31849338
v 0.11349978 -0.01903789 -0.04462136
v 0.18353108 -0.24624373 -0.19517551
v 0.17471559 0.17917469 -0.01513575
v -0.15250848 -0.22894112 -0.21213031
v 0.13071380 0.17874653 -0.02002957
v -0.15613280 0.17383914 -0.08143370
v 0.03209770 0.16723573 0.35814606
v 0.17641088 0.13069200 -0.05489128
v 0.10950462 -0.00123656 -0.07794175
v 0.05944051 0.01116007 -0.07794175
v 0.04937269 -0.03496869 -0.07794175
v 0.08578719 -0.02158334 -0.04462136
v 0.20566054 -0.17220838 -0.38507554
v 0.16246834 -0.21842659 -0.22219028
v 0.13123163 0.17616093 -0.04958322
v -0.12142208 -0.14808125 -0.04462136
v 0.17059662 -0.00965870 -0.05577731
v 0.18365671 -0.15936475 -0.21265453
v -0.00437542 0.18358031 0.03522077
v -0.04298547 0.20955895 0.33215803
v 0.03750793 0.20942914 0.33067447
v -0.15637411 0.17517546 -0.06148138
v -0.03906626 0.21557606 0.40093396
v 0.17293343 0.12739276 -0.05440425
v 0.18349453 -0.16839780 -0.22191818
v -0.06606138 0.13316747 -0.14458252
v 0.19909583 -0.10129873 -0.07794175
v 0.14333989 -0.02296527 -0.13347573
v -0.13450409 0.19052559 -0.30985561
v 0.13142721 0.14753581 -0.05832712
v 0.17640649 0.12989966 -0.07331451
v 0.17598235 0.13174138 -0.06391349
v -0.16930127 -0.22570055 -0.24922681
v -0.06637107 0.17549445 -0.05720098
v -0.22378863 -0.18144844 -0.28018456
v 0.18872538 -0.05036672 -0.06841636
v 0.15919820 -0.19469379 -0.33497986
v 0.16732276 -0.21382602 -0.37555985
v -0.16805087 0.13352187 -0.02720492
v 0.16141419 -0.20755194 -0.31059473
v 0.12383124 0.21311225 0.37277244
v -0.12631255 0.19365523 0.38723612
v 0.04867597 0.17611661 -0.05008958
v 0.16342718 -0.24648308 -0.19733915
v 0.08146577 -0.01632044 -0.07794175
v -0.12444107 -0.11791321 -0.04462136
v 0.15951453 -0.18701369 -0.34791545
v 0.15320965 -0.14314232 -0.13699522
v -0.21873089 -0.13787140 -0.19191128
v 0.16356408 -0.18305772 -0.32162282
v 0.05683692 0.08624258 -0.07794175
v 0.16416525 -0.18469649 -0.30786271
v 0.07507641 -0.22600552 -0.10460974
v -0.12655702 0.16874144 0.37535657
v 0.16450988 -0.21657647 -0.45659685
v -0.08863621 -0.12730219 -0.07794175
v 0.11579454 0.15010934 -0.07794175
v -0.20982934 -0.07775933 -0.13347573
v 0.17845923 -0.16851608 -0.32554650
v 0.16447005 -0.21556789 -0.29732440
v 0.21200376 -0.09932206 -0.10583878
v -0.21434785 -0.22885413 -0.15406618
v 0.16912685 -0.22470020 -0.26671451
v 0.18574547 -0.16865238 -0.29605469
v 0.18633116 -0.17075637 -0.26811977
v -0.14829267 -0.05778935 -0.04462136
v 0.17828425 -0.22737981 -0.31815740
v 0.19893878 -0.23937710 -0.26862559
v -0.08272870 0.08624258 -0.07794175
v 0.18465283 -0.16201448 -0.39659058
v 0.18958474 -0.16432070 -0.35253142
v 0.08392763 -0.22594916 -0.07795084
v 0.18675323 0.01502269 -0.07794175
v 0.18222544 0.05819653 -0.07794175
v 0.19746982 0.01245662 -0.10628737
v 0.18321193 -0.06005346 -0.06118104
v -0.03241380 -0.19287760 -0.04759930
v -0.02246409 0.21839942 0.43320503
v 0.21981076 -0.19783466 -0.10199676
v -0.08479812 0.17383914 -0.11418994
v 0.21081097 -0.22553890 -0.11126214
v 0.22626362 -0.20957555 -0.30035805
v -0.10935445 -0.14379481 -0.10650780
v -0.14294783 0.17383914 -0.10792516
v -0.14704618 0.21442438 0.38777007
v 0.03632679 0.13748033 0.01804033
v -0.21986494 -0.16083413 -0.11043003
v 0.11692470 0.17383914 -0.10857443
v -0.21558732 -0.22352791 -0.11126214
v -0.17891489 0.17379933 -0.11126214
v -0.18074765 -0.11566913 -0.14458252
v -0.21985106 -0.20901805 -0.11515878
v 0.21786082 -0.22105409 -0.11240010
v 0.21490232 -0.22402260 -0.11519230
v -0.21018158 -0.22581630 -0.11126214
v 0.18192403 -0.22453444 -0.34758378
v 0.21962154 -0.21633605 -0.11126214
v -0.05953756 -0.21696075 -0.06394044
v 0.10233126 -0.19321923 -0.14458252
v 0.18286237 0.12480071 -0.07814790
v 0.18648727 -0.16653657 -0.31890692
v -0.13282749 0.13743205 0.01748852
v 0.00734916 0.11331290 -0.04843867
v 0.17721722 0.10595143 -0.07794175
v -0.21960169 -0.17587085 -0.26365413
v 0.18011366 -0.03459122 -0.06096962
v -0.23802115 -0.18388159 -0.17726613
v -0.02787654 -0.17933095 -0.14458252
v 0.10337449 0.19506093 0.43357781
v 0.19053796 -0.21479268 -0.40027801
v 0.18974334 -0.23947431 -0.26137859
v 0.21497007 -0.21870841 -0.32538718
v -0.17260362 -0.23011244 -0.24857679
v 0.21678674 -0.15936475 -0.21276094
v 0.13915220 -0.10738327 -0.11580106
v 0.12381561 -0.21934145 -0.07794175
v 0.21008475 -0.08444204 -0.07794175
v -0.11430897 0.20054042 0.48394818
v 0.04854028 0.20083879 0.48385411
v -0.17579938 0.03651880 -0.06179028
v -0.18211636 0.14790352 -0.12681930
v -0.21896589 -0.21899668 -0.11085249
v -0.03147024 0.21192680 0.35922259
v 0.21081936 -0.17483606 -0.35510836
v -0.07368283 0.17730131 0.47319619
v -0.20873524 -0.06885026 -0.09734761
v 0.13073725 0.15645146 -0.01942790
v 0.21482334 -0.19659561 -0.36994347
v 0.22294081 -0.19741660 -0.32593415
v 0.20832966 -0.17133945 -0.45172863
v 0.10686831 0.13952870 -0.07794175
v 0.08428484 -0.04948990 -0.04462136
v 0.00979587 0.18514928 0.05315439
v -0.08914411 -0.22600552 -0.10739703
v -0.15240361 0.13274873 -0.03604194
v 0.14310653 -0.21424494 -0.20500460
v -0.01812284 0.18508513 0.05242120
v 0.16152891 0.11513557 -0.06889910
v 0.22505069 -0.21779614 -0.29074456
v 0.23314690 -0.21313209 -0.26312514
v 0.02483826 0.17721011 -0.03759082
v 0.21765040 -0.17806480 -0.31375603
v -0.02960456 -0.22600552 -0.12145152
v 0.21954770 -0.17586558 -0.26375636
v 0.22459165 -0.18113852 -0.27035575
v -0.02784132 -0.12730219 -0.07794175
v 0.21996457 -0.16766812 -0.22116987
v 0.17467419 -0.16823346 -0.34684767
v 0.14547392 -0.05370579 -0.13347573
v -0.02107649 -0.18093732 -0.04462136
v -0.08569719 -0.18093747 -0.04462136
v 0.20808086 -0.06915153 -0.10165064
v -0.17652588 0.18536295 0.05559641
v 0.13029819 0.15764446 0.00571729
v -0.16828133 -0.21823306 -0.33721630
v 0.04758991 0.21466883 0.39056436
v -0.17504603 0.19288526 0.14107860
v -0.17402512 0.19795362 0.19911937
v -0.16494391 -0.21532733 -0.24783287
v -0.05842020 0.09935242 -0.04462136
v -0.13134055 0.18911470 0.09847916
v -0.13211586 0.18524344 0.05423040
v -0.19866457 -0.07835992 -0.07745909
v -0.12974980 0.19705757 0.18926659
v -0.03203410 0.04288922 -0.07794175
v 0.12365845 -0.14854782 -0.11474025
v 0.23067870 -0.16816562 -0.22168008
v -0.16776351 -0.18575872 -0.26852918
v 0.15515844 -0.17801550 -0.21469375
v 0.12708281 0.15347008 0.20081077
v 0.14212523 -0.09043739 -0.12306914
v 0.20368770 -0.03751159 -0.13347573
v 0.17327035 0.14368901 0.08855377
v -0.24195581 -0.17304612 -0.21373848
v 0.14786018 0.19666359 0.18476331
v 0.07036917 0.13065502 -0.05997328
v -0.18321250 -0.24674447 -0.19970204
v 0.00713012 0.17123977 0.40391277
v 0.17162950 0.19631374 0.18076451
v 0.17072872 0.20109599 0.23542588
v 0.08701024 0.02522346 -0.07794175
v 0.16819440 -0.21534412 -0.36735838
v -0.05627789 0.17383914 -0.08065615
v -0.18279703 0.14410815 -0.15507674
v -0.22448399 -0.16866312 -0.22219028
v -0.22398130 -0.14709488 -0.20162471
v -0.21181363 -0.15941483 -0.21270589
v -0.01712731 0.14532333 0.10768635
v -0.18227397 -0.11548168 -0.13347573
v -0.19870972 -0.15936475 -0.20882208
v 0.05810689 -0.21934145 -0.07794175
v 0.14278442 -0.18374596 -0.20436019
v 0.12164847 -0.15932798 -0.13341204
v 0.17648619 0.17383914 -0.10341164
v -0.00532884 0.17851519 -0.02267365
v -0.21991541 -0.20191455 -0.34002755
v -0.21476232 -0.17417476 -0.30126404
v -0.21545370 -0.19953216 -0.36463049
v -0.20624888 -0.17239468 -0.38127308
v 0.18440749 -0.22600552 -0.12632614
v -0.21119461 -0.18961550 -0.07794175
v -0.20185800 -0.23885980 -0.26990964
v 0.19978568 -0.00535437 -0.09282611
v -0.21608330 -0.12868445 -0.07811552
v -0.16797173 -0.16791058 -0.38592054
v 0.17562237 0.17637677 -0.04711614
v -0.07064470 -0.20260440 -0.05148536
v -0.20350141 -0.15760926 -0.06974723
v -0.21667211 -0.13347903 -0.10674783
v 0.06216531 0.20554935 0.28632836
v -0.21112437 -0.19156503 -0.39294587
v -0.20755774 -0.17622177 -0.39308334
v -0.21456693 -0.19267347 -0.37345679
v -0.20087659 -0.16722744 -0.33318891
v -0.21855538 -0.14881423 -0.09278619
v 0.16797301 -0.18380885 -0.27689508
v 0.13107384 0.14122769 -0.03745346
v -0.06160308 -0.15072659 -0.04462136
v -0.24007653 -0.16011097 -0.19506041
v -0.21396704 -0.11145205 -0.08892012
v -0.19874331 -0.08212416 -0.07697643
v -0.20480156 -0.03681885 -0.10570874
v 0.18313268 -0.13933075 -0.18882811
v -0.19765979 -0.06577220 -0.07794175
v 0.17940218 0.15141256 -0.09337254
v -0.19471956 -0.22244982 -0.35920687
v -0.18226401 -0.10422241 -0.05507961
v -0.02472289 -0.20391868 -0.14458252
v 0.03621837 -0.21591258 -0.06233908
v 0.03028850 -0.15936475 -0.14458252
v 0.09679634 -0.21563653 -0.06194290
v -0.03979170 -0.21381025 -0.05956675
v -0.19062104 -0.19728968 -0.50000000
v -0.17481657 -0.16517843 -0.37529758
v -0.15157196 -0.20517839 -0.21143075
v -0.16250865 -0.22754139 -0.22219028
v -0.23139026 -0.16988032 -0.22512970
v 0.17139491 -0.11716703 -0.14551841
v -0.17518612 -0.16243624 -0.40621262
v 0.24107348 -0.16844197 -0.20443698
v -0.18097718 0.09318186 -0.07794175
v -0.23970151 -0.17697407 -0.19167034
v -0.23977583 -0.19113972 -0.19234222
v 0.00623508 0.10082151 -0.04502306
v -0.19440707 0.04740375 -0.13347573
v -0.07855848 -0.21934145 -0.07794175
v 0.18541071 -0.11479916 -0.13347573
v -0.17752677 0.08628839 -0.07001788
v -0.16562961 -0.24592990 -0.19233862
v 0.10228672 0.11830516 -0.13347573
v 0.22963447 -0.15271287 -0.20662670
v -0.17716472 0.13794912 0.02276568
v -0.16369442 -0.18125312 -0.32964832
v -0.14564401 0.17055622 0.39609954
v -0.22203844 -0.21733858 -0.30388150
v -0.20843961 -0.16848378 -0.07794175
v -0.17184556 -0.21350825 -0.40155892
v 0.19391798 -0.05329534 -0.07794175
v 0.10291370 0.07821993 -0.04462136
v 0.04067993 0.16530470 0.33607424
v -0.15937365 -0.18420150 -0.35954493
v -0.18165899 0.04000913 -0.06885119
v 0.20354277 -0.03424965 -0.09993084
v 0.04859244 0.13224451 -0.04180525
v 0.04799510 -0.22600552 -0.09674286
v 0.18668919 -0.19074799 -0.50000000
v -0.13450409 0.14674297 -0.14458252
v 0.00004507 -0.22600552 -0.07845728
v -0.15947575 0.17383914 -0.12732267
v 0.02437878 0.13348413 -0.02763622
v -0.15981092 -0.19852815 -0.32128141
v 0.22897088 -0.18144229 -0.16102191
v -0.23010517 -0.18201989 -0.16302719
v 0.17353441 0.02480217 -0.06097052
v -0.16200741 -0.20300484 -0.27998811
v 0.20113294 -0.16822623 -0.38842043
v -0.13441106 -0.22600552 -0.12352968
v -0.15930581 -0.20263085 -0.39449072
v -0.15695943 -0.19633889 -0.38709787
v 0.15227588 -0.15936475 -0.18001332
v -0.15572087 -0.19373951 -0.41093949
v 0.22001058 -0.19787687 -0.14494196
v -0.06584419 0.18538394 0.29611004
v -0.15439701 -0.19863402 -0.45745148
v 0.08732921 0.13156409 -0.04958242
v -0.18237445 0.14580193 -0.08570428
v 0.19385457 0.00006521 -0.07794175
v -0.11220966 -0.01627539 -0.07794175
v -0.14113370 -0.17886385 -0.20290004
v -0.07486162 -0.22600552 -0.14458252
v -0.21458083 -0.11645008 -0.10359372
v 0.17414278 -0.23579617 -0.16219353
v -0.09882577 -0.15907248 -0.13296951
v 0.06733611 0.10214437 -0.10548444
v 0.16702032 0.17383914 -0.08801265
v -0.11740211 -0.09997852 -0.07794175
v -0.18297469 0.14091427 -0.07794175
v 0.16436403 -0.12481804 -0.16231853
v -0.16888617 -0.22306384 -0.28548508
v 0.02394606 0.21505920 0.39502627
v -0.05473855 -0.22593116 -0.07794175
v 0.16572687 -0.17311853 -0.36125909
v -0.02738011 -0.22600552 -0.07794175
v -0.06728563 -0.22600552 -0.10693823
v 0.23201595 -0.20216382 -0.27443889
v -0.00286419 -0.15936475 -0.14458252
v 0.20901769 -0.19727568 -0.07794175
v 0.00230082 -0.12730219 -0.07794175
v 0.01123386 -0.18093725 -0.04462136
v -0.17432979 -0.23484077 -0.16047498
v -0.13195206 -0.15936475 -0.15153267
v 0.18565525 0.10332096 -0.09668796
v -0.20902124 -0.15936475 -0.20973447
v -0.03512822 0.16789241 0.36565194
v 0.18035533 0.04389172 -0.07101203
v -0.02749584 0.17383914 -0.14458252
v 0.21979881 -0.18920167 -0.07794175
v -0.18685986 0.10927782 -0.09292240
v -0.17247560 -0.13433704 -0.18007765
v 0.11390111 -0.06159595 -0.07794175
v 0.19759908 -0.24629654 -0.19647270
v 0.15661344 -0.18737365 -0.38546038
v -0.03745630 0.11830516 -0.14458252
v 0.03018142 -0.14867295 -0.11495699
v 0.13234616 -0.09385522 -0.10574600
v 0.03487353 0.11268851 -0.04826794
v 0.00862126 0.06652127 -0.04462136
v -0.01650579 0.08624258 -0.07794175
v 0.22823478 -0.19352016 -0.29100889
v -0.17755137 -0.23245289 -0.27118831
v 0.19951876 -0.16752830 -0.30257067
v 0.17572409 0.13232094 -0.04911256
v -0.13694695 -0.23509751 -0.16102191
v -0.18322908 -0.22586360 -0.14458252
v -0.13114207 -0.22634137 -0.14518664
v -0.04896158 0.16469315 0.32908424
v -0.21987188 -0.18797943 -0.14458252
v -0.00298019 0.11830516 -0.14458252
v -0.00382837 0.11830516 -0.13347573
v 0.18358667 0.00268110 -0.06928262
v -0.12566265 -0.15904138 -0.13291564
v 0.24022300 -0.19676954 -0.19674878
v 0.20393282 -0.20772967 -0.39433653
v -0.11616516 0.15443715 -0.07794175
v -0.15530079 -0.19578501 -0.43455268
v 0.24016079 -0.15909754 -0.19660383
v -0.17999705 -0.24776748 -0.21928159
v -0.03716830 0.13636677 0.00531231
v -0.01187184 0.17643139 -0.04649160
v 0.13839259 -0.22600552 -0.12436405
v -0.21384704 -0.23382288 -0.27572827
v 0.12921593 -0.20640852 -0.19237172
v 0.20938670 -0.13617373 -0.18882344
v -0.03288287 -0.05472894 -0.07794175
v -0.19400343 0.05110883 -0.10098101
v 0.01388622 0.18242438 0.02200838
v -0.16835620 0.03797832 -0.05629326
v 0.13176807 0.14181920 -0.07742959
v 0.14714473 -0.07628372 -0.13347573
v 0.19028066 -0.22643789 -0.14536024
v 0.18088465 -0.15936475 -0.20724844
v -0.19687845 0.02769792 -0.07815880
v -0.12931625 0.15482779 0.21317251
v 0.17566017 0.15223649 -0.04717858
v -0.09458500 -0.19380328 -0.04790919
v 0.13623329 -0.12558948 -0.10846788
v 0.13062253 0.14544967 -0.01186805
v 0.06267184 0.10065857 -0.04497851
v -0.19657196 -0.21345694 -0.39502211
v 0.15930873 -0.20318734 -0.38364993
v -0.17258145 -0.16816192 -0.35802036
v 0.19930286 -0.00164106 -0.07823294
v -0.21985106 -0.18527298 -0.07794175
v 0.18979802 0.03145326 -0.07794175
v 0.20761387 -0.17352503 -0.37587363
v -0.22144901 -0.22837014 -0.27545392
v -0.08886983 -0.22600552 -0.12562720
v -0.15927646 -0.19699633 -0.33174026
v 0.09865824 -0.20373353 -0.05205077
v -0.01627017 0.13930262 0.03886926
v -0.18813842 0.02494862 -0.07794175
v 0.16988232 0.20503767 0.28047950
v 0.16906379 0.20899389 0.32720592
v 0.05304624 0.11830516 -0.14458252
v -0.13760553 0.09218622 -0.13347573
v 0.16154554 -0.05772622 -0.04897896
v 0.17536050 0.14929575 -0.02968776
v 0.08793011 -0.17947324 -0.04462136
v 0.03736681 -0.18093719 -0.04462136
v 0.15403183 -0.19715960 -0.21353838
v 0.19707959 -0.21241397 -0.39792515
v 0.06840368 0.17525705 -0.05991447
v 0.00202520 0.21880736 0.43786780
v 0.05781453 -0.21611116 -0.06262406
v 0.17590058 0.13314119 -0.05933392
v 0.22423849 -0.21270815 -0.15280222
v 0.13082894 0.13391345 -0.02272908
v 0.16332850 0.13365062 -0.02573328
v 0.07814350 0.22113286 0.46444853
v 0.17601095 0.16212573 -0.06821675
v -0.20446283 -0.20472439 -0.40122917
v 0.16347047 -0.02034159 -0.05142473
v -0.18041699 -0.16527065 -0.35464444
v 0.19629900 -0.11957839 -0.06857407
v -0.13363544 0.15366919 -0.03039607
v 0.19190653 -0.03411561 -0.07794175
v 0.19572598 -0.07053515 -0.07794175
v 0.13030990 -0.12202755 -0.09868357
v 0.20746044 -0.06437999 -0.13347573
v 0.10307877 0.14985056 -0.07794175
v 0.19876951 -0.13855781 -0.06925147
v 0.24195758 -0.16796527 -0.21305795
v 0.20089924 -0.15818578 -0.06928824
v 0.20389664 -0.14844491 -0.07794175
v 0.17404889 -0.17926461 -0.25974844
v 0.20716622 -0.17659295 -0.07794175
v 0.13938682 0.03075763 -0.13347573
v -0.21115677 -0.21587170 -0.34662105
v 0.15142476 -0.15058675 -0.16059913
v 0.05039356 0.12456185 -0.05401022
v -0.10067589 0.17628140 0.46153863
v 0.16959816 -0.21938125 -0.33965412
v 0.14253297 -0.15551111 -0.12680102
v 0.16241221 -0.20924316 -0.36276961
v 0.16879909 -0.21715221 -0.35479582
v -0.16209259 -0.23726360 -0.22176359
v 0.16341897 -0.17178717 -0.38745796
v 0.16101254 -0.17694376 -0.37588470
v -0.10770796 -0.22583655 -0.07794175
v 0.17616775 -0.21482665 -0.40273461
v 0.18440573 0.03740683 -0.07794175
v -0.20214717 -0.20955296 -0.39466121
v 0.15390694 -0.22874404 -0.21341030
v -0.17681368 -0.15109186 -0.19964699
v 0.22195531 -0.22578727 -0.28138091
v 0.09842358 0.16283669 -0.07794175
v -0.19623669 -0.09413952 -0.06904748
v -0.08763317 -0.21903586 -0.07012213
v 0.20999635 -0.16808427 -0.22159664
v -0.21751286 -0.14032511 -0.13033733
v 0.20570718 -0.24520729 -0.19509702
v 0.07829842 0.17593825 -0.05212831
v 0.23299459 -0.19035057 -0.24961304
v 0.17976950 -0.17244415 -0.28178931
v 0.16439109 0.17491889 -0.06377979
v 0.18076108 -0.17479164 -0.25402714
v -0.21269221 -0.19268638 -0.38407721
v -0.17332449 -0.22600552 -0.12437270
v 0.17007390 0.04807523 -0.06027522
v 0.17178925 -0.22323440 -0.31870042
v -0.12203428 -0.18260033 -0.18257817
v 0.18952789 -0.23617524 -0.28316608
v 0.15280897 -0.22600552 -0.07794175
v 0.18007024 -0.16500338 -0.35887826
v -0.03269657 0.21396700 0.38254243
v 0.17712561 -0.16233416 -0.40077093
v 0.17441229 0.09066710 -0.06967351
v -0.11037069 -0.21547876 -0.06171648
v 0.18544247 -0.01702886 -0.06887283
v 0.15022630 -0.14082787 -0.16343469
v -0.15480657 -0.18044138 -0.43235560
v 0.18758511 -0.16206118 -0.40612553
v -0.22624860 -0.19442421 -0.30581935
v -0.17231009 -0.16496937 -0.38961098
v 0.17499614 -0.22600552 -0.07794175
v 0.19101663 -0.22445977 -0.35193160
v 0.09838664 0.17616201 0.46017404
v 0.17434736 0.13853132 0.02951792
v 0.17400875 0.18443377 0.04497586
v 0.04435235 0.21112284 0.35003333
v 0.20718943 -0.22308347 -0.33298023
v -0.20909399 -0.16823728 -0.22175356
v 0.19008403 0.06925986 -0.07794175
v 0.20958225 -0.15885254 -0.20940765
v 0.21892670 -0.14594730 -0.19987376
v 0.20175122 -0.21312970 -0.38346092
v 0.14366231 0.13346742 -0.02782733
v 0.16717960 -0.07763827 -0.13347573
v 0.20678431 -0.17771510 -0.40454540
v -0.10311720 0.22065530 0.45899006
v 0.09402780 0.22011373 0.45279979
v -0.20112371 -0.09404280 -0.07794175
v -0.20024940 -0.13565596 -0.06834576
v -0.18707743 -0.22417425 -0.45570971
v 0.01691135 0.11964604 -0.05107999
v -0.19060330 -0.15013461 -0.20043864
v 0.21352905 -0.17574520 -0.33622752
v 0.19053785 -0.22600552 -0.09289349
v 0.20874836 -0.17034073 -0.29713400
v 0.11522171 0.17543440 0.45185739
v 0.22100251 -0.17916574 -0.29024062
v 0.22202372 -0.18555464 -0.31576966
v -0.11688884 0.17592591 0.45747536
v 0.11081654 0.22016908 0.45343223
v -0.20378668 -0.16898364 -0.36106163
v -0.11719117 0.22015610 0.45328424
v 0.03613967 0.13569281 -0.00239074
v -0.17600366 0.14421280 0.08922886
v -0.15776661 -0.21821967 -0.06707351
v -0.01617623 -0.20470386 -0.05253666
v 0.19676130 -0.16552842 -0.36256529
v -0.21498043 -0.20820490 -0.35230481
v 0.21150046 -0.18013282 -0.37739283
v -0.21605804 -0.22342101 -0.30769569
v 0.01955208 0.13981910 0.04477281
v -0.17508300 0.14830357 0.14111463
v -0.17381873 0.15245044 0.18914957
v -0.17792781 0.15224939 -0.02212969
v -0.13232994 0.13991642 0.04588492
v -0.15499068 0.17811996 -0.02719134
v -0.13132989 0.14490978 0.10295930
v -0.13035612 0.15017857 0.15849887
v 0.21551496 -0.18290308 -0.35633686
v 0.12991348 0.13848301 0.02951792
v -0.04554859 0.13450014 -0.01602312
v 0.12890605 0.18777294 0.08314277
v -0.17582707 -0.12778073 -0.17094392
v 0.12782864 0.19315260 0.14463249
v 0.20998772 -0.19345955 -0.39704340
v 0.12598152 0.18294582 0.25175110
v 0.14690887 -0.12582540 -0.12687998
v -0.13005242 0.21916021 0.44190111
v -0.13029015 0.17484416 0.44511111
v 0.13226121 0.21873874 0.43708349
v 0.17221620 0.14884671 0.14758962
v -0.16086825 0.11830516 -0.13347573
v 0.17228169 0.19152714 0.12605344
v 0.16197864 -0.19509688 -0.22168808
v -0.00377579 0.18108082 0.00665136
v 0.17117853 0.15430732 0.21037388
v -0.06136648 0.17804598 0.35919141
v 0.12228427 0.21948628 0.44562808
v -0.15428637 0.13684912 0.01082566
v -0.21818551 -0.15908873 -0.21034056
v 0.20525364 -0.23215709 -0.29881789
v -0.21724088 -0.21213629 -0.33454773
v -0.22702234 -0.18778615 -0.28610073
v -0.23273644 -0.16756372 -0.22106281
v 0.18738516 -0.03519835 -0.06885696
v -0.23064440 -0.20340854 -0.28305601
v 0.06171536 0.11636562 -0.04963862
v -0.21230993 -0.17949900 -0.36905145
v -0.21217504 -0.18518875 -0.38401199
v 0.20558775 -0.22600552 -0.09403351
v 0.05820672 0.16731714 -0.00377344
v -0.17861544 0.14949291 -0.06143314
v 0.13131128 0.17478812 0.44447054
v -0.19788735 -0.16595446 -0.35775072
v 0.16512662 0.10946465 -0.06739620
v -0.20577626 -0.14310705 -0.07794175
v -0.19810303 -0.10959219 -0.06935768
v 0.17590439 -0.13008948 -0.17441540
v 0.17902797 -0.22986173 -0.30215286
v -0.19280344 -0.24137384 -0.25431499
v 0.03113388 0.16416281 0.08795965
v 0.16869975 -0.22279168 -0.28792162
v -0.18190206 -0.08059647 -0.05631610
v -0.03484134 0.16951081 0.38415071
v 0.15136541 -0.15189709 -0.13129801
v -0.18182445 -0.16054801 -0.45742989
v -0.18732275 -0.22043786 -0.37528943
v -0.17949908 -0.21897803 -0.38043469
v -0.19294037 -0.21753817 -0.38418079
v -0.19069780 -0.08998869 -0.06266241
v -0.17832840 0.15146998 -0.04509891
v -0.14211971 0.17373302 0.43241067
v -0.20701129 -0.05481236 -0.07794175
v 0.08029037 -0.20168563 -0.05102529
v -0.00279038 -0.22600552 -0.14458252
v -0.23995331 -0.20368542 -0.19475441
v -0.13419217 0.15557070 -0.06257959
v 0.07759904 -0.21087651 -0.05681087
v 0.18964792 -0.01165704 -0.07794175
v 0.05149630 0.14909983 0.01368007
v -0.20401328 -0.03039995 -0.07794175
v -0.18915904 -0.02219502 -0.07004654
v -0.16677043 -0.06672622 -0.04964657
v -0.17877418 0.14118299 -0.06983509
v -0.17678900 -0.23381318 -0.25426355
v -0.05598366 0.17007306 0.00501644
v -0.03803706 0.17568001 -0.05508001
v 0.08585798 0.06955100 -0.07794175
v -0.05862589 0.13243944 -0.03957715
v -0.05330358 0.17102521 0.02099838
v 0.02201514 0.18369339 0.03651334
v -0.17891670 0.14015812 -0.07794175
v -0.15983807 -0.17413196 -0.40123125
v -0.16510478 -0.16887182 -0.39650810
v 0.14824959 -0.14613336 -0.12664075
v -0.20028658 -0.00005398 -0.07794175
v 0.04429045 0.16235539 0.04452036
v -0.09003663 0.16581680 -0.04318580
v -0.00904570 0.13539030 -0.00584865
v -0.18612953 -0.00188065 -0.06881353
v -0.05409239 0.16164368 0.01374558
v -0.16284385 -0.20826697 -0.27057992
v -0.15586400 -0.18899620 -0.39649243
v -0.16348435 -0.21322454 -0.30784929
v -0.09487569 0.19313174 0.43642153
v -0.15772068 -0.19935835 -0.40581006
v -0.15470761 -0.17690253 -0.21419008
v -0.06280416 0.15747077 -0.00484978
v -0.03410334 0.16446717 0.06066978
v 0.17367162 -0.17754502 -0.27540630
v -0.09153260 -0.21580301 -0.06218183
v -0.08661918 0.19635848 0.43547528
v -0.17935148 -0.16316912 -0.38340970
v 0.00691132 0.13417480 -0.01974176
v 0.03344549 0.16069942 0.05623075
v -0.04142529 0.16266917 0.04925290
v -0.03229056 0.16473657 0.06745845
v 0.08761975 0.19688249 0.43579868
v -0.07458505 0.19427921 0.43008626
v 0.06778835 0.19670812 0.42634302
v -0.06978239 0.19717668 0.42553643
v -0.11781262 0.19572971 0.42505546
v -0.04065491 0.17426434 0.04898521
v -0.04538182 -0.20426688 -0.05231784
v -0.11325133 0.19550867 0.42936736
v -0.06555523 0.19465935 0.42005137
v 0.09521316 0.19810705 0.43555010
v -0.00829065 -0.21934145 -0.07794175
v -0.06277301 0.19447634 0.41403293
v -0.10751258 0.19550781 0.43295864
v 0.06431226 0.15399814 -0.00848905
v 0.05153320 0.16252268 0.01210531
v -0.02009112 -0.21654488 -0.06332350
v -0.05121647 -0.21934145 -0.07794175
v -0.05588974 0.16038855 0.00613935
v -0.13323511 0.15887399 -0.00782931
v -0.03702968 0.16752410 0.05444918
v -0.05882140 0.15716073 0.00040819
v 0.08023618 0.19601217 0.43425035
v -0.03192796 0.16485512 0.07606325
v -0.07900126 0.15470883 -0.02607620
v -0.08622284 0.15910926 -0.03219634
v -0.08313775 0.15340719 -0.02858277
v 0.07328161 0.19480431 0.43096260
v 0.07623956 0.15367793 -0.02595190
v -0.06121362 0.19347410 0.39398300
v -0.05968930 0.18792689 0.38889755
v -0.05717334 0.19181563 0.38562369
v -0.17889061 0.15135116 -0.07742075
v 0.16846438 -0.23019069 -0.47079770
v -0.05330358 0.15980034 0.02198042
v 0.04807105 0.16341513 0.02678041
v 0.05067886 0.15602562 0.02155877
v 0.22562454 -0.15936475 -0.21120713
v 0.22127346 -0.21360029 -0.31511222
v -0.11027033 0.11830516 -0.14458252
v 0.17302809 -0.22600552 -0.09116191
v -0.09002776 0.15390985 -0.04524254
v 0.19440574 0.03602203 -0.09713637
v -0.05125072 0.15777149 0.02661553
v -0.14992237 0.12484727 -0.05874700
v 0.08253959 0.20152206 0.48894412
v -0.12720378 0.16551209 0.33844484
v 0.03883428 0.16380370 0.04906043
v -0.08902873 0.15578803 -0.03739996
v 0.05854645 0.19640587 0.40633115
v -0.12808619 0.16110610 0.28808415
v -0.06797637 0.18524402 0.33728109
v -0.04960271 0.19132381 0.38275461
v -0.06706034 0.15782202 -0.00884992
v 0.13370309 -0.15936475 -0.14555778
v -0.07986004 0.19560121 0.43319314
v -0.06124969 0.19393903 0.40849371
v 0.04429045 0.16087840 0.03060911
v -0.05029094 0.19924756 0.48348260
v 0.05790124 0.15357891 -0.00208986
v 0.03010836 0.16143370 0.06460223
v -0.04699368 0.16210918 0.04467710
v 0.02909172 0.16568336 0.07270141
v 0.07068029 0.16385417 -0.01367824
v -0.07299047 0.15829270 -0.01237216
v 0.07068029 0.15514418 -0.02435894
v -0.05379668 0.19132601 0.38364320
v -0.07338353 0.15526139 -0.02419636
v -0.23887795 -0.21259178 -0.19536054
v 0.07130629 0.20136436 0.49335618
v -0.07447359 0.20114704 0.49306263
v -0.06478263 0.18958625 0.35055817
v -0.04966878 0.18914707 0.37631268
v -0.05751981 0.19147862 0.36540600
v -0.04699367 0.16087840 0.03060911
v 0.05401515 0.15811868 0.00390613
v -0.08462994 0.20098799 0.48906391
v -0.10144986 0.19548577 0.43527261
v 0.08732193 0.15177745 -0.05509570
v -0.14924224 -0.09539939 -0.13347573
v 0.17580790 0.14133006 -0.05472057
v 0.03168380 0.12058228 -0.05158614
v 0.08041938 0.12429154 -0.05383165
v 0.14028864 0.21763542 0.42447259
v 0.01643310 0.17383914 -0.14458252
v -0.08942088 -0.20154297 -0.05095385
v -0.15704080 0.13010315 -0.04874024
v 0.12540473 0.16147500 0.29230074
v 0.13140994 0.13431291 -0.05617724
v 0.12441419 0.16635047 0.34333880
v -0.03914117 -0.22600552 -0.09545614
v 0.21027999 -0.08606473 -0.13347573
v -0.09002517 0.14513748 -0.06693930
v 0.21315458 -0.22497428 -0.12801634
v 0.20448286 -0.22600552 -0.12713462
v -0.13446805 0.14981709 -0.07794175
v 0.21962154 -0.21633605 -0.12792233
v -0.13358757 0.13413170 -0.02593423
v 0.20210204 -0.16843191 -0.37745997
v -0.15628406 0.13417724 -0.01971404
v 0.19670931 -0.23176034 -0.31026686
v 0.05260923 -0.21062714 -0.05662036
v 0.20611686 -0.16986920 -0.26430003
v 0.10110664 -0.21871014 -0.06862709
v -0.04147861 0.21692926 0.41640119
v -0.00137711 -0.21702609 -0.06423558
v -0.19454613 -0.22600552 -0.12741351
v 0.15692639 -0.19627439 -0.38666624
v -0.17158990 -0.21934145 -0.07794175
v 0.17993766 -0.22101784 -0.36776628
v 0.17606080 -0.21748318 -0.38410683
v 0.18718763 -0.22105584 -0.37172505
v 0.18493089 -0.21818092 -0.38783017
v 0.16475156 -0.21395406 -0.34356473
v 0.15844902 -0.18400882 -0.37079261
v 0.16552238 -0.20970947 -0.40143028
v 0.17097198 -0.21349789 -0.39908862
v 0.17045768 -0.21468248 -0.38700854
v 0.18066036 0.07311998 -0.07794175
v 0.13007601 -0.18288664 -0.19331141
v 0.17154459 -0.17172290 -0.33375901
v -0.06859370 0.18883425 0.32781646
v 0.13156987 0.16042259 -0.06765825
v 0.16787857 -0.21871189 -0.32667919
v 0.13615584 -0.15936475 -0.16427431
v -0.17385037 -0.14027074 -0.18857084
v -0.15502362 -0.02773794 -0.04717815
v 0.18711204 -0.23198493 -0.30669023
v 0.23132492 -0.19579734 -0.27446986
v 0.18033084 -0.23298132 -0.28322507
v 0.18957225 -0.15008133 -0.20026274
v 0.16500753 -0.21674156 -0.26119353
v -0.18367104 -0.23875686 -0.25104990
v 0.19991672 -0.00636219 -0.13347573
v 0.09133362 0.12508601 -0.05475295
v 0.05421563 0.17785308 -0.03024162
v 0.17960245 0.14987231 -0.07844888
v 0.13975172 0.17346964 0.42940026
v 0.08732557 0.17509523 -0.06176415
v 0.20493952 -0.16883321 -0.31548522
v 0.20792388 -0.23560201 -0.27916938
v -0.14658067 0.17233342 0.41641310
v -0.16718849 -0.18356119 -0.28517232
v 0.21199333 -0.22574038 -0.31123584
v 0.20910478 -0.20139655 -0.39067898
v -0.19770505 -0.16611399 -0.39114104
v -0.19010855 -0.21660966 -0.50000000
v 0.20882503 -0.19628424 -0.50000000
v -0.20947859 -0.18991708 -0.50000000
v 0.21378306 -0.20591676 -0.36201050
v -0.20396149 -0.18097293 -0.06752190
v -0.14020316 0.21710798 0.41844395
v -0.19952291 0.00549896 -0.13347573
v -0.21636024 -0.24309650 -0.20694689
v 0.17043864 0.17437901 -0.07098275
v 0.22711410 -0.18635242 -0.27966448
v 0.20622069 -0.21897298 -0.50000000
v 0.22915998 -0.22039457 -0.26885824
v -0.16860003 -0.18676473 -0.25534971
v -0.17995694 -0.15936475 -0.20716279
v 0.21971017 -0.20276886 -0.08627184
v 0.05144291 0.17926799 -0.01406898
v 0.16525462 -0.17624430 -0.34526677
v 0.12971559 0.18373078 0.03694058
v -0.19595804 -0.04955775 -0.07794175
v 0.13954964 -0.15936475 -0.13411922
v 0.21255067 -0.15212568 -0.20467943
v -0.23165448 -0.18916924 -0.25585179
v 0.16890816 0.01273732 -0.05621803
v 0.12928782 0.14295177 0.08058987
v 0.17623897 0.13062595 -0.06868727
v -0.14926044 -0.08387025 -0.04462136
v 0.12628640 0.15659507 0.23652297
v -0.23323339 -0.20320850 -0.26784940
v -0.23210460 -0.21343580 -0.26836837
v -0.18626006 -0.16898949 -0.29041907
v 0.10686549 -0.22595953 -0.07795539
v 0.06254122 -0.22600552 -0.07794175
v -0.15071788 -0.14450248 -0.15013279
v 0.18495442 0.10871098 -0.07805784
v 0.11080897 0.12327035 -0.05562072
v 0.21280521 -0.18052981 -0.36868785
v 0.21705127 -0.22210912 -0.12624292
v 0.05659295 0.13308770 -0.03216740
v -0.18660491 -0.23168917 -0.30782259
v 0.16329787 -0.20930205 -0.25982993
v -0.22318027 -0.18600483 -0.30890206
v -0.19208310 -0.23602242 -0.28600934
v -0.14775613 -0.07144307 -0.13347573
v -0.20556153 -0.04300715 -0.13347573
v -0.18041425 -0.22252289 -0.35853744
v -0.17361413 -0.21864413 -0.36861318
v -0.20834161 -0.20555123 -0.38458235
v -0.17362804 -0.08287926 -0.05179173
v 0.14668560 -0.22600552 -0.09271713
v 0.03657269 -0.19122305 -0.04704541
v 0.18917073 -0.16196320 -0.42613319
v 0.15998221 -0.20481726 -0.37206339
v 0.08414989 0.17575496 0.45552151
v -0.18481133 0.01890479 -0.07012490
v 0.16883872 -0.22486231 -0.25183053
v -0.22804930 -0.22210637 -0.16721754
v -0.16673598 0.06456390 -0.05711386
v -0.24097217 -0.16154548 -0.20513089
v -0.15691975 -0.19164748 -0.37625875
v -0.15792234 -0.18336953 -0.37973861
v -0.15812735 -0.19966668 -0.37193783
v 0.07771874 0.21961115 0.44705517
v -0.19420939 -0.21998391 -0.37114636
v -0.02719624 -0.21907707 -0.07031127
v -0.05576127 -0.21912114 -0.07051356
v 0.12250213 0.19393977 0.41044959
v -0.07859093 0.13065502 -0.05997328
v -0.21896222 -0.21687503 -0.31712579
v -0.21429915 -0.15437389 -0.20649859
v 0.11504635 0.13267281 -0.07794175
v 0.20964371 -0.24063363 -0.25398209
v -0.17261653 0.20488292 0.27871068
v -0.12453754 0.19429327 0.41335775
v -0.12181290 0.19716210 0.41931067
v 0.11542596 0.19342922 0.42488412
v -0.21140246 -0.19847012 -0.07754240
v -0.17182277 0.20888733 0.32432774
v 0.17660682 0.04478983 -0.06602480
v 0.11030132 0.19632014 0.42947464
v -0.23082687 -0.22263771 -0.25754562
v -0.11147992 0.14260998 -0.14458252
v 0.11951036 0.19462911 0.41873090
v -0.20833203 -0.17334812 -0.36845471
v 0.17550544 -0.24810070 -0.21196188
v 0.08508611 0.15646570 -0.03470684
v 0.17820649 0.09651839 -0.07794175
v 0.12432337 0.21065497 0.34468558
v -0.20602314 -0.14877590 -0.20103125
v -0.23683074 -0.21815394 -0.19256818
v -0.22336098 -0.23933969 -0.21130706
v 0.12521941 0.20618096 0.29354741
v 0.19430502 -0.16446826 -0.38434696
v 0.12886767 -0.21859109 -0.06808065
v 0.18271433 -0.23600019 -0.26853429
v -0.16268443 -0.21040348 -0.34539397
v 0.08717195 0.15368432 -0.04042373
v -0.20955717 -0.20652981 -0.50000000
v 0.04824995 -0.15881145 -0.13251739
v 0.15192427 0.17383914 -0.08352219
v 0.17619621 0.15150883 -0.07794175
v -0.13393797 0.15092341 -0.04755414
v 0.20186244 -0.20497486 -0.07117399
v 0.05272297 0.18878777 0.38454282
v 0.16172149 -0.19979917 -0.28802171
v 0.16914702 -0.17747002 -0.30748848
v 0.16644106 -0.17714629 -0.33043148
v 0.06604859 0.18740288 0.33421461
v -0.02520576 -0.21934145 -0.07794175
v -0.18736631 -0.22323551 -0.35923675
v -0.06807490 0.12390301 -0.05360890
v 0.15656647 0.13018274 -0.04859234
v 0.04388949 0.21567097 0.40201863
v 0.02661743 0.16908082 0.37923556
v 0.19587055 -0.23447973 -0.29619748
v 0.05467744 0.19160259 0.36558484
v 0.05842781 0.19255114 0.39343407
v 0.19053252 -0.16699184 -0.30656877
v 0.15753838 -0.17439303 -0.42059669
v 0.06031312 0.19344495 0.41501552
v 0.04689947 0.18064672 0.38368874
v 0.12338553 0.19433266 0.40004763
v -0.12596674 0.19381789 0.40710930
v 0.04689947 0.19064901 0.37627136
v 0.06360998 0.19543798 0.42134960
v 0.06136330 0.18751068 0.35233780
v 0.21312248 -0.18698895 -0.37973305
v 0.21702105 -0.19076242 -0.35852460
v 0.20483256 -0.17257033 -0.39510999
v 0.06587880 0.18227488 0.31960342
v -0.06822751 0.18667102 0.31558252
v 0.10932521 0.17383914 -0.07794175
v 0.24164101 -0.17925418 -0.20956731
v 0.04689947 0.19650168 0.38230160
v -0.11222290 0.17371299 -0.07792149
v 0.21834922 -0.20112603 -0.34842106
v -0.13965385 -0.13302940 -0.04462136
v 0.09999681 -0.22597734 -0.09322822
v 0.23359004 -0.19599713 -0.25928743
v 0.14904033 -0.15535693 -0.12653398
v 0.22960326 -0.18345703 -0.47082556
v 0.03489917 0.13955277 0.04172851
v -0.19434205 -0.16383111 -0.43191560
v 0.12855591 0.14702446 0.12713042
v 0.12660819 0.19924652 0.21428639
v 0.17004130 -0.15936475 -0.21265453
v -0.19355344 -0.23277773 -0.30555146
v -0.17437985 -0.22823457 -0.28962006
v -0.18363474 -0.21614465 -0.39928352
v 0.08051248 0.16312709 -0.02951185
v -0.16719153 -0.21333802 -0.37889669
v 0.02865776 -0.21110659 -0.05698664
v 0.05683717 0.18138891 0.38927477
v -0.17476489 -0.17009847 -0.32892519
v 0.20912096 -0.23814853 -0.26598126
v -0.17203055 -0.21538051 -0.38815971
v -0.17736114 -0.21532091 -0.40132051
v -0.21120329 -0.08894724 -0.07794175
v 0.12025665 -0.21588562 -0.06230039
v -0.17899916 0.01354681 -0.06238640
v -0.17346413 0.05971489 -0.06197766
v -0.18342379 -0.01665857 -0.06347518
v 0.07904789 0.17686676 -0.04151536
v -0.11543355 -0.21862529 -0.06823765
v -0.19299111 -0.23873957 -0.27013866
v -0.00243589 0.13065502 -0.05997328
v 0.18877589 -0.22600552 -0.11032808
v 0.20365085 -0.16897183 -0.36276070
v 0.20297628 -0.22944279 -0.31464171
v 0.02907797 0.15382010 0.07355178
v -0.19890766 -0.16825107 -0.41621910
v 0.03749606 0.17410916 0.04961137
v 0.13125875 0.14194797 -0.04815030
v 0.21250037 -0.17141834 -0.45942936
v 0.06795016 0.17663756 -0.04413511
v -0.19193792 -0.11022812 -0.06175166
v 0.20133122 -0.12398287 -0.07794175
v 0.17411654 -0.21975339 -0.36198435
v 0.04783758 0.17201033 0.02635117
v 0.17575705 -0.23196136 -0.26482984
v 0.16305332 -0.20171885 -0.26253212
v -0.17895369 0.17365671 -0.08593830
v 0.16376421 -0.19149682 -0.28173673
v 0.11654897 -0.21891792 -0.06958080
v 0.21611061 -0.20687959 -0.35045187
v -0.15693132 -0.19737380 -0.41578488
v 0.21602375 -0.17436074 -0.28503917
v 0.12233435 0.16244354 -0.07794175
v 0.19090119 -0.23418243 -0.15929080
v 0.15329813 0.13277418 -0.03575113
v -0.19017299 -0.22600552 -0.07821132
v 0.04435519 0.13070481 -0.05940421
v -0.18164073 0.15177651 -0.09695424
v -0.16280357 -0.17837080 -0.35227213
v -0.21377582 -0.17662464 -0.34019012
v 0.12750734 -0.10773921 -0.09564008
v 0.17691784 0.11790479 -0.07113105
v 0.16605747 -0.13877910 -0.18545863
v 0.04689927 0.17062123 0.39684283
v 0.20555635 -0.20046170 -0.40706789
v 0.23545731 -0.16310079 -0.21648595
v 0.18554430 -0.21988529 -0.07794175
v -0.24142134 -0.18350087 -0.20721712
v 0.16668463 -0.18224825 -0.29649034
v 0.21580120 -0.23562673 -0.26426883
v 0.17564406 0.13973887 -0.04515907
v 0.19363225 -0.16782051 -0.28953413
v 0.17450776 -0.22858897 -0.28747806
v -0.20110717 -0.23123732 -0.30951741
v -0.17373540 -0.24780669 -0.20930415
v 0.03864460 -0.21894873 -0.06972223
v -0.16841265 -0.17332231 -0.34133377
v -0.17131052 0.00968800 -0.05606470
v -0.15759754 -0.17401306 -0.42333611
v -0.10787267 -0.21044511 -0.05648130
v 0.20952921 -0.17807728 -0.38516074
v 0.22696062 -0.19982602 -0.30326519
v 0.18332332 0.12125555 -0.09383776
v 0.16531241 -0.21075840 -0.38963816
v -0.18378733 -0.23691227 -0.26510534
v -0.20591863 -0.04615527 -0.09182524
v 0.19407687 -0.22063321 -0.36835663
v -0.18186283 0.14996796 -0.07809118
v -0.18660141 -0.06552421 -0.06137974
v 0.16865433 -0.16299157 -0.43440378
v 0.08732193 0.14461727 -0.06726529
v -0.20806400 -0.19045885 -0.40940679
v 0.16127783 -0.18006007 -0.35803815
v -0.19290753 -0.06289771 -0.06911873
v -0.19788033 -0.21001568 -0.06999426
v 0.15310385 -0.13854582 -0.13896866
v 0.03112107 0.21339033 0.37595081
v -0.09002517 0.16213868 -0.05750526
v -0.24166612 -0.18517155 -0.21842279
v 0.02929679 0.17070966 0.39785356
v 0.20715906 -0.20880534 -0.38026178
v -0.04181331 0.17087429 0.39973532
v -0.20002041 -0.16726167 -0.38172344
v 0.22707129 -0.18209212 -0.25388887
v 0.15282137 0.08530515 -0.05395232
v 0.21028687 -0.21737880 -0.34464620
v 0.09684971 -0.20957371 -0.05581558
v 0.16259784 -0.22600552 -0.08856091
v 0.17998958 -0.21955542 -0.37741320
v -0.17246138 -0.17920078 -0.27131444
v 0.17889614 0.15530446 -0.08440614
v 0.24043507 -0.15323858 -0.20797241
v 0.05793750 0.13152109 -0.05007397
v -0.20142434 -0.24492609 -0.23741928
v -0.19122068 -0.16326535 -0.39557814
v 0.13098047 0.13365303 -0.03142097
v -0.15770767 -0.18060373 -0.39161357
v 0.13175971 0.15317634 -0.07794175
v -0.09002517 0.14844852 -0.07794175
v 0.08732193 0.15017292 -0.07794175
v 0.22941337 -0.20271821 -0.28977659
v -0.17817511 -0.17206263 -0.29353241
v -0.16575810 -0.10544054 -0.13347573
v 0.19333181 -0.21866205 -0.07342045
v 0.17812880 0.16120595 -0.09143742
v 0.16843690 -0.17237364 -0.34825846
v 0.05844436 -0.20180662 -0.05108588
v 0.19905437 -0.22355163 -0.34739045
v -0.15761693 -0.19275311 -0.36363144
v 0.20396076 -0.20093341 -0.43251723
v 0.17731177 0.16748965 -0.08318639
v 0.16456420 0.13266389 -0.03732748
v -0.23134161 -0.16142680 -0.21476922
v 0.22335936 -0.17445344 -0.47041281
v -0.23402290 -0.19671086 -0.25821217
v 0.14683595 -0.15936475 -0.13989638
v 0.16210394 -0.23284037 -0.22181658
v -0.01835676 0.17052349 0.39572561
v 0.15250275 -0.15936475 -0.15324049
v 0.18363056 -0.16100895 -0.41932248
v -0.17386673 -0.16490389 -0.38278816
v -0.16081928 -0.20138307 -0.30158882
v -0.16713752 -0.22153372 -0.25752879
v 0.17304277 -0.22585585 -0.30291594
v -0.21985106 -0.17407099 -0.09208913
v -0.17867539 0.16196791 -0.06597225
v 0.15921561 -0.11830846 -0.13902913
v 0.20943919 -0.17151084 -0.32704313
v -0.20763601 -0.17099699 -0.34620945
v 0.13114809 -0.21157101 -0.05780698
v 0.22885545 -0.20908024 -0.16102191
v -0.19406092 -0.23276510 -0.15674136
v -0.21429970 -0.18622071 -0.37151963
v -0.16503593 -0.19339939 -0.25961062
v 0.19239074 -0.20995634 -0.50000000
v 0.17012245 -0.16781265 -0.37323056
v -0.03761434 -0.21747111 -0.06507909
v -0.16808871 -0.21927951 -0.07252683
v 0.21273764 -0.21189929 -0.35240844
v 0.15299884 -0.13398342 -0.13347573
v 0.15307121 -0.13712762 -0.14458252
v -0.19654026 -0.20891049 -0.43228766
v 0.02781236 0.13864664 0.03137138
v 0.20843747 -0.21425487 -0.45513490
v 0.16137659 -0.20805381 -0.33506855
v 0.15772081 -0.19825368 -0.37251759
v 0.20180835 -0.20532911 -0.40842689
v -0.22681009 -0.18246478 -0.25914871
v -0.16681948 -0.17244635 -0.35811326
v -0.03243890 0.13237572 -0.04030545
v -0.16250755 0.17383914 -0.09667777
v -0.17646901 -0.16546359 -0.36562329
v 0.14793455 -0.12216628 -0.15063692
v 0.21645201 -0.20827976 -0.50000000
v -0.20664546 -0.17983032 -0.41077984
v -0.16311831 -0.20204842 -0.26169660
v -0.19527509 -0.21102106 -0.40900228
v 0.16669370 -0.15936475 -0.20599279
v 0.19199410 -0.15882722 -0.20783263
v 0.15032105 -0.14159935 -0.14458252
v -0.02346043 0.13070149 -0.05944221
v -0.15008762 -0.13937044 -0.13051007
v 0.14063060 -0.21934145 -0.07794175
v -0.15690662 -0.20937813 -0.46336867
v 0.17638986 0.13559775 -0.07779945
v -0.05247759 0.17037023 0.39397381
v 0.16453012 -0.19496396 -0.25994286
v -0.20497766 -0.17365855 -0.40057419
v 0.06772219 -0.12961648 -0.04462136
v -0.17901280 -0.17583707 -0.25589101
v 0.13943061 0.13283288 -0.03508016
v 0.21483609 -0.17297969 -0.25486623
v -0.23050004 -0.19727031 -0.16373747
v -0.21568024 -0.20323629 -0.45539254
v 0.05596237 0.20526965 0.38604105
v 0.15068020 -0.14452385 -0.15083523
v -0.18974684 -0.21462437 -0.40233797
v -0.21303847 -0.17266390 -0.29003581
v -0.00279101 -0.01047471 -0.07794175
v -0.20939341 -0.18477448 -0.40081291
v -0.16438256 -0.21418164 -0.25789203
v -0.15369236 -0.18951572 -0.43897361
v -0.16307401 -0.16880187 -0.40980927
v -0.19426752 -0.16745613 -0.29480609
v -0.20539319 -0.08551908 -0.07794175
v 0.15401090 -0.18963226 -0.43333764
v 0.05133462 0.17820869 0.37131364
v 0.04529227 0.13404345 -0.02124305
v -0.16127347 -0.20709745 -0.31290735
v 0.07068029 0.14897801 -0.01192544
v -0.21964238 -0.20107465 -0.50000000
v -0.21059910 -0.18446475 -0.39334806
v 0.07647817 0.17701756 0.46995301
v -0.16597696 -0.21725917 -0.31361166
v -0.17847933 0.16240728 -0.05473540
v 0.07473181 -0.21556456 -0.06183962
v 0.15169721 -0.14028113 -0.13333279
v -0.17101136 -0.22062043 -0.45587946
v -0.20938398 -0.17967998 -0.07743053
v 0.16877282 -0.10131482 -0.13347573
v -0.19703687 -0.22484596 -0.34475821
v -0.16162391 -0.22171390 -0.46999262
v -0.16848758 0.17422616 -0.07169772
v 0.14382711 -0.13364457 -0.12057246
v -0.21603044 -0.18194688 -0.34910392
v 0.22975655 -0.18732558 -0.26153990
v -0.07318700 0.16876434 -0.01340367
v 0.21241417 -0.19533278 -0.38320971
v -0.20960567 -0.19201911 -0.40032664
v -0.20964624 -0.22588677 -0.08489732
v 0.16842163 0.07149810 -0.06100764
v 0.17609417 0.16775164 -0.07349439
v -0.18324797 0.07154541 -0.07794175
v -0.07982856 0.17612406 -0.05000447
v -0.20758624 -0.17905839 -0.40244855
v -0.16850417 -0.17524755 -0.32673239
v -0.17857481 0.17486326 -0.06131650
v 0.15538974 -0.18173890 -0.45516812
v -0.16198813 -0.21010769 -0.22165647
v -0.16363936 -0.17903574 -0.34107977
v -0.17079621 -0.16809805 -0.36740923
v -0.21096515 -0.08700804 -0.08837460
v 0.15125776 -0.14922690 -0.17266786
v 0.17606917 0.13984990 -0.06961612
v 0.19820558 -0.23698107 -0.28225080
v -0.19038328 0.08058715 -0.07794175
v 0.14437127 -0.14311996 -0.12032023
v 0.16227047 -0.19143702 -0.30000584
v -0.21845802 -0.17608691 -0.28140296
v 0.04689947 0.20560097 0.38150551
v 0.12063676 -0.22598253 -0.07796089
v -0.04993564 0.16653410 0.35012635
v 0.24162800 -0.19171679 -0.21838753
v -0.04483068 0.18074242 0.00278351
v 0.18887758 -0.21262356 -0.41267415
v 0.17471198 0.07952271 -0.06841893
v 0.17110772 0.12327286 -0.06068936
v 0.06662036 0.13210483 -0.04340174
v 0.23936219 -0.20969913 -0.19512815
v -0.21226742 -0.17182246 -0.25617279
v -0.18037179 0.16210932 -0.08231066
v -0.08767754 0.13727362 -0.03283208
v 0.21744554 -0.15936475 -0.21048344
v 0.23484881 -0.15888228 -0.21166536
v -0.19870090 -0.07306986 -0.07794175
v 0.15831726 -0.19593295 -0.34793519
v 0.17693323 -0.21650944 -0.39277573
v -0.23497366 -0.17716016 -0.23194237
v 0.18028784 -0.22390328 -0.45606469
v -0.05528331 -0.19491846 -0.04828251
v 0.17015905 -0.16634460 -0.38696308
v 0.14477910 0.11214284 -0.06051795
v 0.08732193 0.16170504 -0.06376579
v 0.16869625 -0.14928208 -0.19682953
v 0.22506445 -0.20587164 -0.31048055
v 0.17691784 0.11752438 -0.07794175
v 0.18696154 -0.16936229 -0.28336309
v 0.17596088 0.14668896 -0.06398674
v 0.20577412 -0.17875871 -0.41553740
v 0.16466742 -0.22600552 -0.07794175
v -0.18626302 -0.16260087 -0.38655068
v 0.19195021 -0.16522440 -0.33686046
v 0.17691784 0.12453217 -0.07021665
v -0.01701870 0.13705096 0.01313258
v -0.05333483 0.17674494 -0.04290777
v 0.15520083 -0.17974912 -0.42543316
v -0.17955607 -0.20376598 -0.50000000
v 0.21907220 -0.22153976 -0.30332049
v 0.21736132 -0.18681912 -0.45537248
v -0.18200420 -0.22485554 -0.34553880
v -0.20398099 -0.16966747 -0.25797294
v 0.18775740 -0.17133649 -0.25583377
v 0.22425582 -0.18537855 -0.29815322
v 0.17781281 -0.20496604 -0.50000000
v 0.06406541 0.17711654 0.34366112
v 0.13191608 0.13053812 -0.06435026
v 0.13128342 0.13389775 -0.04886490
v -0.08735151 -0.20948788 -0.05575001
v 0.21971017 -0.20276886 -0.07794175
v -0.20653259 -0.19651488 -0.41011302
v 0.08732739 0.17580290 -0.05367535
v 0.23305810 -0.22914698 -0.20839512
v -0.17939674 0.06704410 -0.06975801
v -0.16046882 -0.18548110 -0.34211458
v -0.23325015 -0.21414564 -0.17136338
v 0.22543164 -0.21316917 -0.49995334
v -0.18281839 -0.16595093 -0.33840997
v -0.01316155 0.13210445 -0.04340610
v -0.12492017 -0.21934145 -0.07794175
v 0.01229551 -0.21934145 -0.07794175
v -0.16275126 -0.19899978 -0.27185388
v -0.15946748 -0.20294689 -0.35141934
v -0.18318884 -0.16198840 -0.39658261
v -0.16241745 -0.20934993 -0.35909073
v 0.14942642 0.12581365 -0.05739680
v 0.16594425 -0.11748214 -0.13347573
v 0.19228577 -0.22721060 -0.33691879
v 0.17905813 0.08630784 -0.07741575
v 0.14366473 -0.15109730 -0.11915609
v 0.20024813 -0.22600552 -0.10533881
v 0.19018322 -0.22600552 -0.07813345
v 0.19858726 -0.15959574 -0.21294463
v -0.17338761 -0.18053559 -0.25576998
v 0.19159219 -0.16168763 -0.44010272
v -0.13214639 -0.21890733 -0.06953221
v 0.16268313 -0.20892385 -0.37756974
v -0.16473859 -0.20959592 -0.39572004
v 0.05099625 0.17021554 0.01726009
v 0.17425751 -0.22152500 -0.34899715
v -0.14425677 0.13498766 -0.01045093
v 0.08732193 0.14077435 -0.05951533
v 0.08187695 0.13200758 -0.04451346
v -0.19942753 -0.16689410 -0.31919523
v -0.21854543 -0.17702449 -0.29257967
v 0.20942849 -0.18528213 -0.40057704
v 0.07788602 0.13245013 -0.03945496
v 0.01388845 -0.21215651 -0.05778874
v 0.01313924 -0.22600552 -0.09131106
v 0.20127145 -0.18400208 -0.50000000
v 0.18725538 -0.16320669 -0.37400893
v 0.15052740 -0.13032486 -0.13256474
v -0.15860832 -0.20076800 -0.36151860
v 0.08192202 -0.21934145 -0.07794175
v -0.20683294 -0.16969162 -0.29242823
v 0.16983131 -0.24125303 -0.23146198
v -0.16167709 -0.17720092 -0.36870355
v 0.05820528 0.13051617 -0.05978244
v 0.20510981 -0.22032754 -0.34843448
v -0.05802528 0.17807468 -0.02770863
v 0.22997630 -0.21100433 -0.28131931
v 0.00187393 0.13926769 0.03847007
v -0.23470242 -0.19161852 -0.47220608
v -0.18453221 0.12796910 -0.07809118
v 0.19501942 -0.21406917 -0.07123591
v -0.17445318 -0.22094587 -0.35390883
v -0.22919369 -0.18776443 -0.26950348
v -0.22706438 -0.23293539 -0.19062713
v -0.17001045 -0.21308951 -0.06332860
v -0.18901602 -0.21444211 -0.06886309
v -0.22530537 -0.21012331 -0.30401448
v 0.18158281 0.13464161 -0.08854151
v 0.11574235 0.12582166 -0.05909539
v -0.20026069 -0.16814312 -0.28856744
v 0.08253739 0.14578138 -0.03003866
v -0.15905886 -0.19185172 -0.34114367
v 0.16557726 -0.21824723 -0.27744411
v -0.20450337 -0.19859405 -0.06971237
v 0.18385138 -0.21559428 -0.40248843
v 0.16086689 -0.20003907 -0.30168494
v -0.13340303 0.14455184 -0.01623298
v -0.20001936 -0.21679030 -0.37408409
v 0.20770870 -0.18396091 -0.41007036
v 0.16017878 -0.20434415 -0.32862134
v -0.10401745 0.15869722 -0.07794175
v -0.03810827 0.18216822 0.01908036
v -0.02673702 0.12481012 -0.05416145
v -0.09003244 0.17520559 -0.06050268
v -0.20343715 -0.21847412 -0.35974753
v 0.16403703 -0.20842969 -0.43221143
v -0.20276866 -0.11445018 -0.07794175
v -0.17244499 -0.17732734 -0.28504923
v 0.05927786 0.17673812 0.35793425
v -0.20695796 -0.19024354 -0.42915619
v -0.13335786 0.13478383 -0.01278083
v -0.16572890 -0.21555404 -0.45295853
v 0.23629451 -0.22413606 -0.20959654
v -0.19819406 -0.22600552 -0.08865843
v 0.15815221 -0.17212659 -0.43610895
v 0.23499159 -0.17719698 -0.23188859
v -0.08429585 0.13265106 -0.03715844
v 0.06785866 0.12424843 -0.05381930
v 0.12723638 0.12747604 -0.06680844
v -0.19665479 -0.16946408 -0.25740834
v 0.15660339 -0.19617364 -0.40022729
v 0.04429045 0.16500901 0.03669273
v 0.16527416 -0.17150482 -0.37489719
v -0.00896158 -0.21879813 -0.06903096
v 0.19576989 -0.16855624 -0.27434152
v -0.20711239 -0.22342596 -0.33188657
v 0.16536007 -0.18995768 -0.27081240
v 0.15250275 -0.15936475 -0.16189845
v -0.04605847 0.17257699 0.41919722
v -0.20356758 -0.21191903 -0.38253741
v 0.21297401 -0.22504908 -0.09902724
v 0.23875924 -0.20899878 -0.23735799
v -0.16267370 -0.20826534 -0.38490618
v -0.21099967 -0.19834512 -0.38706645
v -0.21052559 -0.21864399 -0.50000000
v 0.15322308 -0.15407912 -0.13902913
v 0.22479275 -0.19938914 -0.31569869
v -0.22831766 -0.19502215 -0.29321763
v -0.04840158 0.17927409 -0.01399935
v 0.22582415 -0.18027884 -0.24568458
v -0.22357326 -0.19105662 -0.31781497
v -0.03467597 0.13804769 0.02452525
v -0.17178581 -0.17575246 -0.30136032
v -0.19364586 -0.18463580 -0.50000000
v -0.13443322 0.13486316 -0.05714659
v -0.19390369 -0.16104967 -0.45436651
v -0.07195635 0.11386422 -0.04858943
v 0.08084003 0.17053223 -0.03049042
v -0.16966395 -0.24143170 -0.23120047
v -0.03911366 0.18398397 0.03983463
v 0.16784778 -0.18748724 -0.25861682
v -0.16433309 -0.19268108 -0.27094636
v 0.14190510 -0.21912765 -0.07054345
v -0.15884725 -0.19787716 -0.34186994
v 0.22075821 -0.24080573 -0.20842577
v -0.20511021 -0.17498846 -0.40711415
v -0.19074453 -0.16303000 -0.40317463
v 0.05626579 0.19615185 0.38723570
v -0.21638756 -0.16816611 -0.47024873
v -0.22512082 -0.15477845 -0.20775627
v -0.15021399 -0.22591091 -0.07812358
v 0.07691765 0.13148512 -0.05048515
v 0.15277443 -0.12423348 -0.13901483
v 0.13967447 0.12503804 -0.05844622
v 0.22246522 -0.19071125 -0.32425719
v -0.16177311 -0.19307062 -0.30095605
v 0.08732193 0.14253198 -0.04781469
v 0.06086731 0.13433005 -0.01796723
v 0.22146812 -0.15483341 -0.20747742
v -0.20812183 -0.19649982 -0.40295483
v 0.21927023 -0.21204838 -0.32653056
v 0.14807844 -0.13387915 -0.12788700
v -0.01561791 0.14146698 0.06360813
v 0.17801770 -0.16393310 -0.37861080
v -0.18003165 0.16487897 -0.07850706
v -0.15748125 -0.17322474 -0.43916159
v 0.10831564 0.13270553 -0.07794175
v -0.21551756 -0.22358143 -0.12792233
v -0.21535132 -0.22370899 -0.09356684
v 0.21754076 -0.22147120 -0.09461857
v -0.21018158 -0.22581630 -0.09460194
v 0.21962154 -0.21633605 -0.09460194
v -0.21985106 -0.20969961 -0.09147017
v -0.21896255 -0.21900475 -0.08530150
v 0.17074715 0.10236794 -0.06699181
v -0.19906733 -0.15948568 -0.21277854
v -0.16605458 -0.20937813 -0.40728741
v -0.17166061 -0.23589981 -0.23483268
v 0.19906527 -0.24171927 -0.25482895
v 0.16766358 -0.21743242 -0.06675923
v -0.17071430 -0.15993591 -0.21324027
v -0.19508637 -0.21580502 -0.07134298
v -0.18381488 -0.16096649 -0.42149168
v 0.17608976 0.15540118 -0.07216033
v -0.19131685 -0.16540878 -0.33155849
v -0.18025580 -0.21934145 -0.07794175
v 0.16178820 -0.20722357 -0.29581376
v -0.21901880 -0.21886896 -0.09266125
v -0.21906346 -0.21876113 -0.12760376
v 0.05179612 0.20090981 0.38309692
v 0.13091421 0.14289398 -0.02841897
v 0.07124906 0.17751255 -0.03413385
v 0.03356457 0.18202022 0.01738878
v 0.16959599 -0.16376494 -0.41418058
v -0.21506051 -0.17696307 -0.07794175
v -0.17390011 -0.16888644 -0.34466621
v 0.14468312 0.13153496 -0.04361782
v 0.22813041 -0.16023377 -0.21354573
v 0.15720780 -0.20981336 -0.46431015
v 0.16922911 -0.17542388 -0.23192782
v 0.15282481 -0.12642242 -0.13404078
v 0.20478322 -0.16452965 -0.46182782
v -0.20053408 -0.16228368 -0.46305213
v -0.24099338 -0.15548669 -0.20992589
v 0.16231407 -0.20615236 -0.40636231
v 0.16228623 -0.20171870 -0.27597012
v 0.18322131 -0.23835565 -0.25230910
v 0.17458838 -0.16356193 -0.21695885
v 0.19484574 -0.16479617 -0.42571920
v 0.16179041 -0.17033722 -0.45410562
v 0.20786939 -0.16777292 -0.45794817
v 0.17211533 -0.16813753 -0.36034654
v 0.22952576 -0.18466562 -0.24745908
v 0.16359201 -0.21053041 -0.36994916
v 0.21135918 -0.20454155 -0.37470337
v 0.06461510 0.16759746 -0.00985661
v -0.20258738 -0.17000472 -0.39448330
v 0.14967597 -0.13634655 -0.15388643
v 0.16246834 -0.18110399 -0.22219028
v 0.16246834 -0.20598572 -0.22219028
v 0.23460419 -0.21693058 -0.25167876
v 0.15529636 -0.20019811 -0.44954916
v 0.01497794 0.14145983 0.06352648
v 0.07580579 0.11382012 -0.04861459
v 0.14294632 0.12841002 -0.05250487
v -0.20997757 -0.17822643 -0.38253063
v 0.00911892 0.13220352 -0.04227377
v 0.16648759 -0.21247921 -0.38243710
v -0.20649493 -0.17876600 -0.07104652
v -0.16211064 -0.16750590 -0.43566022
v 0.20375984 -0.14702749 -0.19903967
v -0.16336667 -0.23568475 -0.22495014
v 0.17609710 0.14721678 -0.07186656
v -0.17798011 0.13384363 -0.02352726
v 0.20874917 -0.17898110 -0.39394215
v 0.22831573 -0.17660998 -0.23528938
v -0.20851030 -0.06701856 -0.07794175
v -0.16870035 -0.23228263 -0.23444192
v 0.05584253 0.17943730 0.36506088
v -0.17971561 0.16745248 -0.08206452
v -0.19300094 -0.16049401 -0.46190108
v -0.16352828 -0.20842309 -0.25477502
v -0.18887456 -0.16390161 -0.36107454
v 0.18326422 -0.16534290 -0.34405829
v 0.16287549 -0.20924281 -0.27243185
v 0.10566001 0.13236214 -0.07464537
v -0.02494396 0.14057103 0.05336752
v -0.21021672 -0.18096356 -0.38874995
v -0.19358667 -0.16433919 -0.36864433
v -0.19927520 -0.16654678 -0.34620016
v 0.14207400 -0.12236244 -0.11896360
v -0.06282752 0.13065502 -0.05997328
v 0.05130329 0.18157627 0.38458347
v 0.19005878 -0.22337640 -0.50000000
v -0.16009966 -0.21927202 -0.07187182
v -0.17844435 -0.06751001 -0.05524686
v -0.02325462 -0.21313985 -0.05883529
v 0.19384191 -0.21718156 -0.38432008
v 0.05115366 0.13517503 -0.00830909
v -0.22593343 -0.20241535 -0.30897352
v -0.19467849 -0.21945056 -0.07422666
v 0.14823366 -0.12460196 -0.15669132
v -0.15944596 -0.20345776 -0.38118144
v -0.19216857 -0.22937217 -0.32485691
v 0.21646387 -0.19850865 -0.36008259
v 0.15544156 -0.20797555 -0.47103843
v 0.15341540 -0.15208129 -0.13457263
v 0.20654945 -0.17034820 -0.24964556
v -0.23761443 -0.22106798 -0.20727645
v -0.20979701 -0.21338511 -0.35834697
v -0.09002517 0.14051434 -0.05191730
v 0.15538891 -0.19424049 -0.42581254
v -0.21052822 -0.17091376 -0.45635364
v -0.21985106 -0.19941216 -0.07794175
v 0.08488673 0.13932575 -0.03285833
v -0.16558968 -0.20954934 -0.43536239
v 0.17862979 -0.17150577 -0.29637441
v 0.01456729 -0.22591782 -0.07794175
v 0.15315736 -0.14087040 -0.13370398
v 0.04986733 0.16800201 0.02318130
v 0.13306034 -0.10926290 -0.10504102
v 0.18809262 0.00225114 -0.07794175
v 0.18812643 0.08431545 -0.07800477
v -0.08387266 0.17266328 -0.03100942
v -0.05431589 0.14823423 0.01249299
v 0.18245345 -0.21394733 -0.43232757
v -0.03431454 0.13947396 0.04082776
v 0.03259333 0.12652730 -0.05556921
v 0.20080706 -0.16724123 -0.33046289
v 0.16936194 0.13080070 -0.04669151
v 0.05299963 0.20804216 0.38307137
v -0.18087327 0.15802577 -0.07794175
v 0.17807934 0.16158641 -0.08377315
v -0.17865725 0.13534887 -0.06260053
v -0.16640710 -0.17935256 -0.31714183
v -0.17333562 -0.23827286 -0.23582396
v 0.03106583 0.13207205 -0.04377647
v -0.03242688 0.18434574 0.04396983
v 0.17631401 -0.24693992 -0.22410440
v -0.18791197 -0.16101534 -0.43249497
v -0.23433881 -0.22729677 -0.20752430
v 0.04429045 0.16702108 0.03007169
v 0.17691784 0.12924674 -0.06069850
v 0.16217411 0.17374871 -0.07715500
v -0.21254376 -0.17337117 -0.31768026
v 0.17950285 -0.17392897 -0.26873030
v 0.15912732 -0.20233927 -0.36109227
v -0.19993351 -0.08808348 -0.07745909
v 0.17024936 -0.21521575 -0.38116589
v -0.08943689 0.13744406 -0.03734190
v -0.08898284 0.17115847 -0.03857075
v 0.17691784 0.13106229 -0.04531369
v 0.16326190 -0.20464096 -0.23027066
v -0.17063214 -0.22616906 -0.27147869
v -0.10404240 0.14314911 -0.07794175
v -0.07774642 0.13175049 -0.04745193
v 0.16400252 -0.18048406 -0.22611338
v 0.15293264 -0.13110704 -0.13881518
v -0.18347919 -0.21382052 -0.43244326
v 0.17342417 -0.21764435 -0.37571043
v 0.08678316 0.16539893 -0.03997523
v 0.17738667 0.16691365 -0.07794175
v -0.05157827 0.21482558 0.39235594
v -0.17885004 0.16629959 -0.07639549
v 0.17617124 0.16792645 -0.07794175
v -0.09002517 0.15049641 -0.05470124
v 0.16268404 -0.16719968 -0.43077806
v -0.17493407 -0.24645001 -0.22542856
v -0.14385195 0.13327353 -0.03004352
v 0.16343809 -0.19563936 -0.27125494
v -0.22503771 -0.15936475 -0.21115164
v -0.17877644 0.16873413 -0.07237549
v 0.13239150 0.12947039 -0.05581562
v 0.04709413 0.20193067 0.37501899
v 0.15358304 -0.15936475 -0.13935397
v 0.08732193 0.16604057 -0.04901649
v 0.14627996 -0.11558335 -0.12708228
v 0.17821129 0.16057160 -0.07794175
v 0.18119354 0.13763546 -0.07794175
v -0.19865722 -0.16617092 -0.37196390
v -0.20054726 -0.16826441 -0.43505155
v 0.03383577 0.17152880 0.05475857
v -0.15504369 -0.18167077 -0.45226704
v 0.07068029 0.14566454 -0.02352958
v 0.19560185 -0.20992516 -0.41109954
v -0.05966241 0.13436002 -0.01762463
v -0.08700570 0.17345120 -0.03482129
v 0.17619870 0.15654329 -0.07794175
v -0.07716134 0.13288847 -0.03444465
v -0.03691754 0.15467434 0.05572416
v -0.07316607 0.17715083 -0.03826839
v -0.16449736 0.13243350 -0.03964512
v -0.08802113 0.14837044 -0.03440428
v -0.09825896 0.12080529 -0.05234447
v -0.17284437 0.10081128 -0.06641554
v -0.12325905 0.14273619 -0.07794175
v 0.16166153 -0.17208629 -0.39915804
v -0.14638489 0.13140870 -0.04419447
v 0.16277908 -0.20812952 -0.38396638
v -0.05944469 0.20198157 0.38734793
v -0.17624212 0.10134129 -0.07045297
v -0.16597182 0.12430543 -0.05946074
v -0.05729698 0.21395962 0.38525820
v -0.14442176 0.12913364 -0.05091296
v 0.05814960 0.20301139 0.39039755
v -0.20968930 -0.20406232 -0.07362719
v -0.17878950 0.16364189 -0.07268131
v 0.17453148 -0.23213626 -0.25060583
v 0.23500501 -0.22546157 -0.23296149
v -0.07762513 0.16643038 -0.02650034
v -0.04445573 0.13760256 0.01943740
v -0.07338353 0.14521322 -0.01730099
v -0.09003868 0.14328846 -0.04049696
v -0.06595668 0.16763094 -0.00878590
v -0.07338353 0.16639004 -0.02534282
v 0.02978480 0.15316821 0.06727850
v -0.17665668 -0.21882400 -0.06929441
v -0.05965651 0.16900483 -0.00194476
v -0.18009399 0.10345139 -0.07794175
v -0.05096971 0.14748964 0.02790356
v -0.05101678 0.17062775 0.02581415
v 0.03055253 0.17126815 0.06207016
v -0.08179099 0.16601585 -0.02869296
v 0.15982480 -0.10877201 -0.13347573
v -0.05475913 0.18037618 0.38500138
v -0.08177604 0.14386583 -0.02674637
v -0.05532404 0.20205930 0.38333923
v 0.04829073 0.14972042 0.02767485
v -0.07779933 0.14298575 -0.02449661
v -0.08570425 0.14216035 -0.03018995
v -0.06111977 0.20259026 0.39246979
v -0.04960271 0.17824383 0.38389897
v 0.04429045 0.14966681 0.03260716
v 0.04429045 0.17316376 0.02953427
v -0.04960271 0.20293725 0.38173856
v -0.07338353 0.14604239 -0.01153113
v -0.04699368 0.15104465 0.04564512
v -0.04699368 0.17357054 0.04367437
v 0.04429045 0.17317371 0.04370908
v -0.04960271 0.20218089 0.37526247
v -0.04699368 0.14981387 0.03157714
v -0.04699367 0.17194293 0.02964108
v -0.05347016 0.14811767 0.02140728
v -0.06675721 0.14642495 -0.00767486
v 0.03843519 0.15141205 0.05047603
v 0.04429045 0.15131202 0.04562172
v -0.06100500 0.14671504 -0.00212086
v -0.20422476 -0.16986989 -0.37286718
v 0.05374617 0.14792884 0.00558702
v -0.20046273 -0.21848931 -0.07455597
v 0.20057230 -0.20568785 -0.43374313
v -0.07338353 0.14426098 -0.02340678
v -0.16889472 0.13001454 -0.04889080
v -0.15648527 -0.19568878 -0.39874472
v 0.03184190 0.15067859 0.06083607
v 0.03514577 0.14898925 0.05496916
v 0.19833388 -0.16747512 -0.41256149
v -0.13375332 0.14160391 -0.03611947
v -0.05679975 0.14804867 0.00454837
v 0.08441617 0.16687904 -0.03444533
v 0.23119544 -0.22192883 -0.25715637
v 0.19370903 -0.16418473 -0.40839244
v 0.16519722 -0.21511260 -0.33431090
v -0.17887935 0.16159265 -0.07766892
v -0.15600494 -0.18055630 -0.41191891
v 0.21756911 -0.18334180 -0.34194306
v 0.17620570 0.14202212 -0.07765716
v 0.17617993 0.16221163 -0.07794175
v -0.08858051 0.16512225 -0.03684892
v -0.19565189 -0.16539863 -0.41064061
v 0.07693618 0.14239964 -0.02537159
v 0.03579776 0.18345175 0.03375135
v 0.16868524 -0.21882262 -0.06955216
v -0.10491542 0.13267281 -0.07794175
v -0.16278862 -0.21030416 -0.28069288
v 0.22054645 -0.20303151 -0.33572981
v 0.17261123 -0.17237998 -0.32197940
v 0.08532922 0.14509322 -0.03413738
v -0.12078012 0.13267281 -0.07794175
v -0.20612587 -0.16938555 -0.32361258
v -0.20200302 -0.20387450 -0.41204514
v 0.21496426 -0.18889648 -0.36976363
v 0.07556905 0.16803119 -0.02681646
v -0.21256406 -0.20640304 -0.07794175
v -0.16569245 -0.21864902 -0.26706433
v 0.17802407 -0.16753010 -0.33703162
v 0.16598912 0.12755499 -0.05413024
v 0.19663669 -0.22219489 -0.35729945
v -0.21125924 -0.21937748 -0.33516751
v 0.20785157 -0.19121495 -0.40968993
v 0.18220937 -0.21615153 -0.50000000
v 0.05387909 0.16882639 0.00336863
v -0.16142434 -0.20203637 -0.29078847
v 0.20149050 -0.16964960 -0.43276070
v 0.15328303 -0.14633061 -0.13377741
v -0.15482878 -0.18949461 -0.41896166
v 0.22843394 -0.23370282 -0.23600901
v -0.19941345 -0.22586360 -0.07803266
v 0.18454602 -0.22933873 -0.32008830
v 0.05854645 0.18232672 0.39536503
v 0.05165919 0.17055189 0.01048286
v -0.22188683 -0.22751093 -0.47057951
v 0.20429683 -0.16275042 -0.46838653
v 0.08727421 0.14248675 -0.03983162
v -0.03239177 0.18329212 0.03192666
v 0.20750632 -0.16415050 -0.21756245
v 0.15352306 -0.21934145 -0.07794175
v 0.14427874 -0.10544261 -0.12490121
v -0.05431118 0.17108332 0.01120160
v -0.06659980 0.13331317 -0.02959032
v 0.20532125 -0.16928429 -0.33695719
v 0.07068029 0.16767885 -0.02545557
v -0.18051150 -0.16016323 -0.43142305
v -0.22554168 -0.18809752 -0.29821537
v 0.04689947 0.18141082 0.37707958
v 0.17759205 -0.21378178 -0.41074269
v 0.06070980 0.14468276 -0.00431950
v 0.06626371 0.14370103 -0.00873369
v 0.18683948 -0.22307011 -0.36010026
v 0.21113952 -0.24234540 -0.24382714
v 0.14227685 0.11978072 -0.06481262
v 0.20191530 -0.21946299 -0.35915289
v -0.20752238 -0.18493341 -0.41178052
v 0.19735121 -0.21951294 -0.07792052
v 0.15755074 -0.17637673 -0.45405391
v -0.23058316 -0.16451855 -0.21793990
v 0.16639165 -0.20942449 -0.40907611
v -0.23013370 -0.22749462 -0.47357996
v 0.15944265 -0.20170667 -0.33878462
v 0.17140464 -0.21227772 -0.40912517
v 0.12235840 0.13199908 -0.07341348
v 0.17430802 -0.16777483 -0.22127930
v -0.14194313 0.13405410 -0.02112153
v -0.04960271 0.17909872 0.37728186
v 0.23454169 -0.20304185 -0.47143234
v 0.07195759 0.13316621 -0.03127008
v -0.16952330 -0.21118969 -0.41169269
v 0.16841858 -0.17649627 -0.31923585
v 0.15285501 -0.12773432 -0.14442529
v -0.16961763 -0.16515092 -0.40113756
v -0.20030065 -0.16494580 -0.44916850
v -0.13360026 0.14322180 -0.02745893
v 0.15141411 -0.15049998 -0.14458252
v 0.14896026 -0.13051850 -0.14510835
v 0.14971713 -0.11196070 -0.13347573
v -0.15400074 -0.19068607 -0.45823812
v 0.09734121 0.12921640 -0.05914144
v 0.16496300 -0.16732583 -0.40912513
v -0.05857387 0.17814080 0.38829452
v -0.20030339 -0.21984702 -0.07794175
v 0.19202909 -0.23262334 -0.50000000
v 0.18588008 -0.23866295 -0.47094262
v -0.06063709 0.17926831 0.39195197
v -0.08620137 0.16795274 -0.03294837
v 0.15172876 -0.15306218 -0.15112768
v -0.04685945 0.18179175 0.01477733
v -0.17909979 -0.22600552 -0.07794235
v 0.05457692 0.17782687 0.38692983
v 0.15332800 -0.14828419 -0.14404845
v 0.16368879 -0.21179547 -0.35281014
v 0.05642208 0.14406422 0.00107479
v -0.16407852 -0.20056393 -0.25091926
v -0.22696501 -0.20615998 -0.50000000
v -0.16114468 -0.20463832 -0.40893473
v -0.16031459 -0.20062965 -0.31242510
v -0.23083896 -0.18137639 -0.47239970
v 0.10220427 0.13320358 -0.06988763
v 0.05071792 0.14693460 0.02198009
v -0.08979379 0.13146769 -0.05068443
v -0.14351784 0.13256703 -0.03811878
v 0.18273103 -0.21400569 -0.41137935
v 0.20844562 -0.16002803 -0.21333474
v -0.17704906 -0.16131336 -0.41455480
v -0.06124969 0.21517190 0.39631428
v 0.04429045 0.15657439 0.03783839
v -0.22244358 -0.17433696 -0.46973310
v 0.23327177 -0.19185744 -0.47126379
v 0.21116122 -0.18564729 -0.39062540
v -0.08191332 0.17689591 -0.04118220
v -0.13391978 0.14035667 -0.04558345
v -0.18131025 0.15446758 -0.08548773
v -0.10501113 0.12865932 -0.05942024
v -0.13371588 0.13322455 -0.03323380
v -0.04699367 0.18362285 0.03570706
v -0.08835223 0.14140011 -0.03437396
v -0.10603012 0.13126975 -0.06386556
v 0.05043503 0.17512945 0.02107197
v 0.05078465 0.16402231 0.01984607
v -0.16250865 -0.18918574 -0.22219028
v -0.13415315 0.13130784 -0.04548854
v 0.20276920 -0.17230876 -0.41151674
v -0.22102621 -0.18086457 -0.30171926
v -0.20036996 -0.08142335 -0.07793103
v 0.22488223 -0.19282135 -0.31187514
v -0.02411466 0.17367988 -0.07794175
v 0.17280154 -0.17629348 -0.29054419
f 1 6 10
f 2651 6 1
f 1 10 2232
f 2232 1905 1
f 1 1905 2620
f 1 2620 2651
f 2 7 1836
f 3321 7 2
f 2 1369 2685
f 3039 1369 2
f 1836 1535 2
f 2 1535 2476
f 2 2476 3039
f 2 2685 3321
f 3 4 5
f 9 4 3
f 3 5 13
f 63 9 3
f 3 13 46
f 3 46 69
f 69 63 3
f 8 5 4
f 14 8 4
f 4 9 14
f 5 8 11
f 5 11 16
f 16 13 5
f 15 10 6
f 6 12 19
f 2651 12 6
f 18 15 6
f 20 18 6
f 6 19 20
f 24 12 7
f 7 12 2651
f 2820 24 7
f 1899 35 7
f 7 35 2820
f 2651 1836 7
f 2200 1899 7
f 3321 2200 7
f 33 11 8
f 8 14 39
f 39 33 8
f 22 14 9
f 23 22 9
f 2904 23 9
f 9 63 2904
f 10 15 30
f 10 30 3104
f 2341 2232 10
f 3104 2341 10
f 28 16 11
f 33 28 11
f 24 19 12
f 13 16 29
f 13 29 31
f 13 31 46
f 14 22 27
f 14 27 39
f 15 18 40
f 40 30 15
f 16 28 29
f 1323 26 17
f 17 26 1848
f 1881 1323 17
f 17 1848 2985
f 2476 1881 17
f 3039 2476 17
f 17 2985 3039
f 18 20 2447
f 2498 40 18
f 18 2447 2498
f 2687 20 19
f 19 24 32
f 19 32 2687
f 20 2446 2447
f 2687 2446 20
f 2232 25 21
f 21 25 2857
f 21 41 2745
f 2857 41 21
f 21 1769 1905
f 1935 1769 21
f 21 1905 2232
f 2745 1935 21
f 22 23 34
f 42 27 22
f 22 34 42
f 45 34 23
f 3361 45 23
f 2904 66 23
f 23 66 3361
f 53 32 24
f 2820 53 24
f 25 37 43
f 2507 37 25
f 25 43 2857
f 25 2232 2341
f 25 2341 2507
f 1230 36 26
f 26 36 1711
f 1323 1230 26
f 26 1711 1848
f 57 39 27
f 27 42 57
f 38 29 28
f 28 33 48
f 48 38 28
f 44 31 29
f 29 38 44
f 30 40 47
f 30 47 49
f 30 49 3136
f 3136 3104 30
f 31 44 50
f 3323 46 31
f 31 50 3323
f 32 53 2440
f 32 2440 2687
f 33 39 55
f 58 48 33
f 33 55 58
f 60 42 34
f 34 45 54
f 34 54 60
f 76 53 35
f 35 53 2820
f 35 67 76
f 1899 67 35
f 87 71 36
f 36 71 1226
f 1230 87 36
f 36 1226 1711
f 65 43 37
f 37 49 2909
f 3136 49 37
f 2909 65 37
f 37 2507 3104
f 37 3104 3136
f 52 44 38
f 38 48 64
f 64 52 38
f 59 55 39
f 39 57 59
f 1377 47 40
f 40 56 1377
f 2498 56 40
f 41 75 1491
f 2474 75 41
f 41 1491 1655
f 41 1655 2745
f 2857 2474 41
f 60 57 42
f 43 65 73
f 43 73 2474
f 43 2474 2857
f 62 50 44
f 44 52 70
f 70 62 44
f 72 54 45
f 3371 72 45
f 3361 78 45
f 45 78 3371
f 85 69 46
f 3297 85 46
f 3323 3297 46
f 2508 49 47
f 47 74 80
f 1377 74 47
f 47 80 2508
f 48 58 91
f 91 64 48
f 2508 82 49
f 49 82 2909
f 50 62 84
f 50 84 132
f 50 132 3297
f 50 3297 3323
f 51 1382 1858
f 3095 1382 51
f 51 1858 2198
f 2486 1917 51
f 51 1917 2912
f 51 2198 2486
f 51 2912 3095
f 52 64 70
f 53 76 2720
f 2720 2440 53
f 81 60 54
f 54 72 77
f 54 77 81
f 3358 58 55
f 55 59 3358
f 1385 1377 56
f 2013 1385 56
f 2038 2013 56
f 2498 2038 56
f 68 59 57
f 57 60 98
f 92 68 57
f 98 92 57
f 2960 91 58
f 2763 2515 58
f 58 2515 2960
f 3358 2763 58
f 59 68 2763
f 59 2763 3358
f 60 81 98
f 1917 1384 61
f 61 1384 2038
f 61 1387 1917
f 2447 1387 61
f 61 2038 2498
f 2498 2447 61
f 62 70 100
f 96 84 62
f 100 96 62
f 101 66 63
f 63 66 2904
f 63 69 1389
f 1389 101 63
f 83 70 64
f 91 83 64
f 103 73 65
f 65 82 103
f 2909 82 65
f 101 78 66
f 66 78 3361
f 109 76 67
f 146 109 67
f 172 146 67
f 2134 172 67
f 1899 1847 67
f 67 1847 2134
f 68 92 2421
f 68 2421 2763
f 69 85 121
f 69 121 2746
f 2746 1389 69
f 70 83 100
f 71 87 113
f 71 113 1462
f 1462 1226 71
f 111 77 72
f 72 102 2984
f 3371 102 72
f 2984 111 72
f 1604 75 73
f 73 75 2474
f 103 99 73
f 73 99 1604
f 122 80 74
f 74 120 122
f 1385 120 74
f 74 1377 1385
f 75 93 1491
f 1604 93 75
f 76 109 2812
f 76 1767 2720
f 2812 1767 76
f 110 81 77
f 111 110 77
f 78 101 107
f 107 102 78
f 78 102 3371
f 79 86 2777
f 2966 86 79
f 1858 1382 79
f 79 1382 2966
f 79 1393 1858
f 2777 1393 79
f 80 122 137
f 80 137 2426
f 80 2426 2508
f 110 98 81
f 112 103 82
f 2426 112 82
f 2508 2426 82
f 83 91 116
f 135 100 83
f 83 116 135
f 84 96 123
f 84 123 126
f 84 126 132
f 144 121 85
f 85 138 144
f 3297 138 85
f 2459 1238 86
f 86 1238 2612
f 2966 2459 86
f 86 2612 2777
f 2102 113 87
f 87 1230 1935
f 1602 1235 87
f 87 1235 1749
f 1999 1602 87
f 87 1749 2102
f 87 1935 1999
f 1877 1749 88
f 88 1749 2697
f 88 1866 1877
f 2212 1866 88
f 88 1918 2212
f 3030 1918 88
f 2697 2035 88
f 88 2035 3030
f 1491 93 89
f 89 93 3024
f 1655 1491 89
f 1754 1602 89
f 89 1602 1999
f 1999 1655 89
f 3024 1754 89
f 90 94 115
f 3009 94 90
f 90 115 3279
f 90 3008 3009
f 3109 3008 90
f 3279 3109 90
f 2960 116 91
f 92 98 117
f 92 117 2421
f 1604 105 93
f 93 105 3003
f 93 3003 3024
f 94 106 115
f 3009 106 94
f 2465 118 95
f 95 118 3105
f 1860 1390 95
f 95 1390 2465
f 2164 1860 95
f 3105 2164 95
f 96 100 124
f 124 123 96
f 97 1303 1593
f 1970 1303 97
f 97 1593 1660
f 1645 1629 97
f 97 1629 1970
f 1660 1645 97
f 98 110 152
f 152 117 98
f 99 103 119
f 99 119 1724
f 1724 1604 99
f 135 124 100
f 136 107 101
f 101 134 136
f 1389 134 101
f 102 107 3108
f 102 131 2984
f 3108 131 102
f 103 112 147
f 147 119 103
f 2612 1238 104
f 104 1238 3140
f 104 1876 2701
f 3275 1876 104
f 2701 2612 104
f 104 3140 3275
f 1724 127 105
f 105 127 3003
f 105 1604 1724
f 125 115 106
f 128 125 106
f 2782 128 106
f 3004 2782 106
f 3009 3004 106
f 107 136 145
f 107 145 3108
f 2013 1384 108
f 108 1384 2166
f 2166 1388 108
f 108 1388 2626
f 108 1408 2013
f 2626 1408 108
f 109 146 2812
f 110 111 142
f 110 142 152
f 131 129 111
f 111 129 159
f 2984 131 111
f 159 142 111
f 112 137 153
f 2426 137 112
f 153 147 112
f 113 114 1851
f 2102 114 113
f 1753 1462 113
f 1851 1753 113
f 114 1410 1720
f 1953 1410 114
f 1720 1421 114
f 114 1421 1851
f 114 1871 1953
f 2102 1871 114
f 115 125 130
f 115 130 3201
f 115 3201 3279
f 169 135 116
f 190 169 116
f 219 190 116
f 2419 219 116
f 2960 2419 116
f 117 152 154
f 117 154 2421
f 118 2465 2955
f 118 2923 2930
f 2955 2923 118
f 118 2930 3105
f 119 127 1724
f 2704 127 119
f 119 147 200
f 119 200 2704
f 173 122 120
f 1242 166 120
f 120 166 2666
f 2666 173 120
f 1385 1242 120
f 175 140 121
f 121 140 2746
f 121 144 175
f 173 137 122
f 123 124 160
f 162 126 123
f 123 160 162
f 124 135 160
f 125 128 3293
f 3245 130 125
f 3345 3245 125
f 125 3293 3345
f 176 132 126
f 126 162 176
f 2379 1757 127
f 127 1757 3003
f 127 1996 2379
f 2704 1996 127
f 128 2782 3293
f 129 131 156
f 129 156 3038
f 179 159 129
f 3038 179 129
f 2647 177 130
f 130 177 2919
f 3245 2647 130
f 130 2919 3201
f 3108 156 131
f 209 138 132
f 132 138 3297
f 132 176 209
f 133 163 2885
f 2896 163 133
f 133 1859 2896
f 3140 1859 133
f 133 2885 3275
f 3275 3140 133
f 143 136 134
f 134 140 141
f 1389 140 134
f 134 141 143
f 169 160 135
f 136 143 149
f 149 145 136
f 192 153 137
f 137 173 192
f 197 144 138
f 209 197 138
f 139 150 2423
f 2919 150 139
f 139 1863 2494
f 3064 1863 139
f 139 2423 3064
f 139 2494 3201
f 3201 2919 139
f 148 141 140
f 164 148 140
f 175 164 140
f 140 1389 2746
f 2935 143 141
f 141 148 2935
f 183 152 142
f 142 159 178
f 142 178 183
f 155 149 143
f 143 151 155
f 2935 151 143
f 198 175 144
f 144 197 198
f 145 149 170
f 145 170 3108
f 146 172 187
f 146 187 2843
f 2843 2812 146
f 147 153 200
f 171 158 148
f 148 158 2935
f 148 164 185
f 185 171 148
f 149 155 168
f 149 168 180
f 3176 170 149
f 149 180 3176
f 211 167 150
f 150 167 2423
f 150 177 213
f 2919 177 150
f 213 211 150
f 3318 155 151
f 151 158 2644
f 2935 158 151
f 151 2644 3318
f 183 154 152
f 153 192 1839
f 1839 200 153
f 154 183 191
f 154 191 2969
f 2969 2421 154
f 2727 168 155
f 3318 2727 155
f 3108 170 156
f 156 170 3336
f 156 181 3038
f 3336 181 156
f 157 1317 1566
f 2641 1317 157
f 2226 1409 157
f 157 1409 2641
f 157 1566 2099
f 157 2099 2226
f 158 171 2852
f 2852 2644 158
f 201 178 159
f 159 179 201
f 195 162 160
f 160 169 195
f 2626 1388 161
f 161 1388 2951
f 161 1411 2773
f 2951 1411 161
f 2773 1415 161
f 161 1415 3099
f 3099 2626 161
f 199 176 162
f 162 195 199
f 2756 194 163
f 163 194 2885
f 2915 2756 163
f 163 2896 2915
f 164 175 198
f 2714 185 164
f 164 198 2714
f 2628 496 165
f 165 496 2862
f 165 1429 1853
f 2862 1429 165
f 165 1853 2628
f 2216 202 166
f 166 202 2666
f 166 1242 1864
f 166 1864 2216
f 214 188 167
f 167 188 1870
f 167 211 214
f 167 1870 3064
f 3064 2423 167
f 2588 180 168
f 168 1433 2588
f 2981 1433 168
f 168 2727 2981
f 169 190 196
f 196 195 169
f 3176 174 170
f 170 174 3336
f 171 185 3276
f 3276 2852 171
f 205 187 172
f 1231 205 172
f 2134 1231 172
f 2009 192 173
f 173 202 233
f 2666 202 173
f 173 233 2009
f 3135 204 174
f 174 204 3336
f 174 2560 3135
f 3176 2560 174
f 176 199 215
f 215 209 176
f 225 213 177
f 2647 225 177
f 208 183 178
f 178 201 208
f 212 201 179
f 3076 212 179
f 179 3038 3076
f 180 193 2560
f 2588 193 180
f 180 2560 3176
f 181 2971 3076
f 3336 2971 181
f 3076 3038 181
f 182 1433 3052
f 3265 1433 182
f 182 2418 2667
f 3052 2418 182
f 182 2667 2982
f 182 2982 3265
f 207 191 183
f 208 207 183
f 184 210 1434
f 2641 210 184
f 2238 1420 184
f 184 1420 2641
f 184 1434 2579
f 2579 2238 184
f 2714 203 185
f 185 203 2729
f 185 2729 3276
f 186 1241 3021
f 3096 1241 186
f 186 2911 3017
f 3212 2911 186
f 186 3017 3096
f 186 3021 3212
f 187 205 218
f 187 218 2945
f 2945 2843 187
f 188 214 1889
f 2145 1870 188
f 188 1889 2593
f 2213 2145 188
f 2593 2213 188
f 189 1439 2833
f 3084 1439 189
f 189 2418 2655
f 2667 2418 189
f 189 2655 3175
f 2833 2667 189
f 3175 3084 189
f 219 196 190
f 191 207 220
f 191 220 2969
f 2627 1839 192
f 192 2009 2627
f 193 222 3018
f 3265 222 193
f 3135 2560 193
f 193 2588 3265
f 193 3018 3135
f 1251 216 194
f 194 216 3020
f 2448 1251 194
f 2756 2448 194
f 3020 2885 194
f 195 196 221
f 221 199 195
f 196 219 237
f 237 221 196
f 217 198 197
f 197 209 2146
f 238 217 197
f 2146 238 197
f 217 206 198
f 198 206 2714
f 223 215 199
f 199 221 223
f 1911 1399 200
f 200 1399 1972
f 200 1839 1911
f 200 1972 2704
f 232 208 201
f 201 212 234
f 234 232 201
f 235 233 202
f 2216 235 202
f 203 206 224
f 2714 206 203
f 203 224 2729
f 245 226 204
f 204 226 2971
f 3135 245 204
f 204 2971 3336
f 229 218 205
f 288 229 205
f 358 288 205
f 1231 358 205
f 206 217 238
f 249 224 206
f 206 238 3154
f 3154 249 206
f 207 208 232
f 247 220 207
f 207 232 271
f 271 247 207
f 209 215 240
f 209 240 2146
f 1444 1434 210
f 2239 1444 210
f 3091 2239 210
f 210 2641 3091
f 211 213 311
f 274 214 211
f 311 274 211
f 212 226 2222
f 3076 226 212
f 270 234 212
f 2222 270 212
f 213 225 301
f 213 301 359
f 359 311 213
f 254 241 214
f 214 241 1889
f 274 254 214
f 215 223 253
f 243 240 215
f 253 243 215
f 216 1251 2571
f 216 2571 2859
f 216 2859 3020
f 218 229 250
f 218 250 1552
f 218 1552 2945
f 246 237 219
f 2419 246 219
f 220 247 2969
f 251 223 221
f 221 237 242
f 221 242 251
f 2982 228 222
f 222 228 3018
f 3265 2982 222
f 223 251 253
f 224 249 2749
f 2749 2729 224
f 225 239 301
f 2911 239 225
f 225 2647 2911
f 226 245 290
f 226 290 2222
f 3076 2971 226
f 227 284 1450
f 2842 284 227
f 227 1415 2842
f 3099 1415 227
f 227 1450 2457
f 227 2457 3099
f 2865 1901 228
f 228 1901 3368
f 2982 2865 228
f 3368 3018 228
f 288 250 229
f 1533 231 230
f 230 231 1846
f 230 262 1350
f 1846 262 230
f 1350 436 230
f 230 436 1533
f 231 1412 1783
f 1980 1412 231
f 231 1427 1488
f 2188 1427 231
f 1488 1442 231
f 231 1442 1980
f 231 1533 2188
f 231 1783 1846
f 232 234 271
f 233 235 252
f 233 252 3163
f 3163 2009 233
f 234 270 277
f 277 271 234
f 278 252 235
f 2405 278 235
f 235 2216 2405
f 1281 438 236
f 236 438 1350
f 1458 1281 236
f 236 1350 1455
f 236 1455 1458
f 279 242 237
f 237 246 275
f 237 275 279
f 238 248 280
f 2146 248 238
f 280 276 238
f 238 276 3154
f 2910 301 239
f 239 309 2910
f 3212 309 239
f 239 2911 3212
f 240 243 289
f 289 248 240
f 240 248 2146
f 241 254 302
f 241 302 386
f 241 386 1445
f 241 1445 2466
f 2466 1889 241
f 279 251 242
f 243 253 307
f 307 289 243
f 244 439 1281
f 1322 439 244
f 244 1281 1457
f 1564 1322 244
f 244 1457 1540
f 244 1540 1564
f 297 290 245
f 3308 297 245
f 245 3135 3308
f 281 275 246
f 2419 281 246
f 247 271 291
f 291 282 247
f 247 282 2969
f 312 280 248
f 248 289 2770
f 2770 312 248
f 249 276 285
f 3154 276 249
f 249 285 2574
f 2574 2566 249
f 249 2566 2749
f 288 286 250
f 250 286 2875
f 2742 1552 250
f 2875 2742 250
f 287 253 251
f 251 279 287
f 252 278 3131
f 3131 2974 252
f 252 2974 3163
f 253 287 307
f 254 274 387
f 387 302 254
f 257 256 255
f 255 256 3214
f 283 257 255
f 3196 283 255
f 255 1903 1910
f 3214 1903 255
f 255 1910 3196
f 256 257 260
f 256 260 1255
f 1255 1254 256
f 256 1254 3214
f 257 258 260
f 283 258 257
f 258 259 3129
f 3197 259 258
f 3129 260 258
f 258 283 400
f 258 400 3197
f 259 1256 3129
f 3248 1256 259
f 259 3197 3248
f 2905 1255 260
f 2248 1959 260
f 260 1959 2905
f 260 2240 2248
f 3129 2240 260
f 268 265 261
f 261 265 442
f 1417 268 261
f 261 442 1322
f 261 1322 1564
f 1540 1417 261
f 1564 1540 261
f 262 440 1346
f 1391 440 262
f 262 1346 1350
f 1846 1391 262
f 263 1537 2599
f 2775 1537 263
f 263 2599 3075
f 2789 2775 263
f 3167 2789 263
f 3075 3000 263
f 263 3000 3159
f 263 3159 3167
f 1346 443 264
f 264 443 1358
f 1455 1346 264
f 264 1358 1458
f 1458 1455 264
f 269 267 265
f 265 267 445
f 265 268 1344
f 1344 269 265
f 445 442 265
f 266 444 1215
f 1358 444 266
f 266 1215 1417
f 1457 1358 266
f 266 1417 1540
f 1540 1457 266
f 267 269 447
f 447 445 267
f 1215 446 268
f 268 446 1344
f 1417 1215 268
f 1344 447 269
f 295 277 270
f 270 290 317
f 2222 290 270
f 317 295 270
f 271 277 291
f 1465 1256 272
f 272 1256 3248
f 2227 1465 272
f 272 1701 3069
f 3187 1701 272
f 272 2170 2227
f 3069 2170 272
f 3248 3187 272
f 273 294 332
f 3368 294 273
f 332 297 273
f 273 297 3308
f 3308 3018 273
f 273 3018 3368
f 274 311 412
f 412 387 274
f 303 279 275
f 275 281 292
f 275 292 303
f 276 280 312
f 313 285 276
f 276 312 313
f 318 291 277
f 277 295 318
f 1775 298 278
f 278 298 3013
f 2241 1775 278
f 2405 2241 278
f 278 3013 3131
f 303 287 279
f 335 292 281
f 281 299 335
f 2419 299 281
f 282 291 319
f 319 300 282
f 282 300 1895
f 282 1895 2969
f 283 349 400
f 3190 349 283
f 3196 3190 283
f 1474 1450 284
f 1817 1474 284
f 284 1475 1817
f 2907 1475 284
f 2842 2463 284
f 284 2463 2907
f 285 313 3332
f 285 1919 2574
f 3332 1919 285
f 286 288 358
f 286 308 310
f 358 308 286
f 286 310 2875
f 287 303 314
f 314 307 287
f 289 307 329
f 289 329 2770
f 290 297 325
f 325 317 290
f 291 318 334
f 334 319 291
f 331 303 292
f 335 331 292
f 1258 1210 293
f 293 1210 2630
f 2399 1258 293
f 293 1434 1444
f 2630 1434 293
f 293 1444 2399
f 361 332 294
f 2755 361 294
f 294 1901 3335
f 3368 1901 294
f 3335 2755 294
f 295 317 338
f 338 318 295
f 296 537 1355
f 1998 537 296
f 296 558 1276
f 1355 558 296
f 1378 1214 296
f 296 1214 1524
f 296 1276 1378
f 296 1524 1998
f 332 325 297
f 327 320 298
f 298 320 3073
f 1695 327 298
f 1775 1695 298
f 3073 3013 298
f 299 321 335
f 2839 321 299
f 299 2419 2839
f 300 319 344
f 340 322 300
f 300 322 2839
f 344 340 300
f 2839 1895 300
f 301 336 402
f 2910 336 301
f 402 359 301
f 387 386 302
f 331 314 303
f 324 305 304
f 304 305 1480
f 304 323 324
f 2414 323 304
f 304 1480 1578
f 304 1578 1916
f 304 1916 2414
f 305 324 2424
f 305 1288 1480
f 1747 1288 305
f 2424 1747 305
f 405 349 306
f 306 349 3190
f 306 362 398
f 2475 362 306
f 306 398 405
f 306 1910 2578
f 3190 1910 306
f 2578 2475 306
f 307 314 347
f 347 329 307
f 346 310 308
f 358 346 308
f 2161 336 309
f 309 336 2910
f 3090 2161 309
f 309 2710 3090
f 3212 2710 309
f 346 333 310
f 310 333 2706
f 2706 2431 310
f 310 2431 2875
f 311 359 415
f 415 412 311
f 3111 313 312
f 2937 353 312
f 312 353 3111
f 312 2770 2937
f 3111 352 313
f 313 352 3332
f 314 331 348
f 348 347 314
f 1261 337 315
f 315 337 1961
f 2260 1261 315
f 2565 1474 315
f 315 1474 2766
f 315 1961 2565
f 2766 2260 315
f 316 320 3067
f 3073 320 316
f 316 2974 3013
f 3067 2974 316
f 316 3013 3073
f 317 325 366
f 366 338 317
f 363 334 318
f 318 338 373
f 373 363 318
f 319 334 344
f 320 327 341
f 320 341 3067
f 321 328 350
f 2839 328 321
f 350 335 321
f 340 328 322
f 322 328 2839
f 371 324 323
f 323 370 371
f 2228 370 323
f 2414 2228 323
f 324 371 2424
f 325 332 3065
f 3065 366 325
f 2991 345 326
f 326 345 3130
f 326 1469 2968
f 3130 1469 326
f 2415 1544 326
f 326 1544 2991
f 2933 2415 326
f 2968 2933 326
f 327 339 341
f 1821 339 327
f 327 1695 2695
f 2695 1821 327
f 328 340 354
f 354 350 328
f 329 347 2774
f 329 367 368
f 2774 367 329
f 329 368 2937
f 2937 2770 329
f 1728 1407 330
f 330 1407 2399
f 330 1444 2239
f 2399 1444 330
f 2239 1728 330
f 331 335 355
f 355 348 331
f 332 361 3065
f 351 342 333
f 333 342 3357
f 333 346 351
f 3357 2706 333
f 363 344 334
f 335 350 355
f 424 402 336
f 336 421 424
f 2161 421 336
f 337 1261 3270
f 3149 1961 337
f 3270 2258 337
f 337 2258 3280
f 3280 3149 337
f 338 366 377
f 377 373 338
f 2791 341 339
f 339 342 351
f 3077 342 339
f 339 351 2791
f 339 1821 3077
f 340 344 378
f 378 354 340
f 2791 1898 341
f 341 1898 3067
f 342 3077 3357
f 343 1475 2568
f 2866 1475 343
f 343 2479 2894
f 3098 2479 343
f 343 2568 2958
f 2894 2866 343
f 343 2958 3098
f 344 363 381
f 381 378 344
f 345 360 1490
f 2991 360 345
f 345 1490 1915
f 345 1915 3130
f 3384 351 346
f 346 358 3384
f 347 348 375
f 347 375 2774
f 348 355 375
f 418 400 349
f 349 405 418
f 350 354 383
f 380 355 350
f 383 380 350
f 3384 2791 351
f 374 372 352
f 352 372 3359
f 3111 374 352
f 352 3012 3332
f 3359 3012 352
f 353 368 376
f 2937 368 353
f 376 374 353
f 353 374 3111
f 354 378 383
f 380 375 355
f 356 1473 2513
f 2761 1473 356
f 2040 1933 356
f 356 1933 2761
f 2979 2040 356
f 356 2513 2864
f 356 2864 2979
f 2088 403 357
f 357 403 2627
f 2627 2009 357
f 357 2009 3163
f 3067 2088 357
f 357 2974 3067
f 3163 2974 357
f 358 404 2263
f 3016 404 358
f 358 1231 1233
f 358 1233 3016
f 358 2263 3384
f 359 402 423
f 423 415 359
f 1933 1490 360
f 3360 1933 360
f 2991 2694 360
f 360 2694 3360
f 361 369 2631
f 2755 369 361
f 2631 379 361
f 361 379 3065
f 411 398 362
f 1210 411 362
f 2475 1210 362
f 363 373 381
f 2681 1923 364
f 364 1923 2856
f 2894 2681 364
f 364 2856 2917
f 364 2864 2894
f 2979 2864 364
f 364 2917 2979
f 1867 1477 365
f 365 1477 2898
f 2250 1867 365
f 365 2249 2250
f 2669 2249 365
f 365 2478 2669
f 2898 2478 365
f 384 377 366
f 3001 384 366
f 3065 3001 366
f 2736 368 367
f 367 375 385
f 2774 375 367
f 367 385 2736
f 388 376 368
f 2736 388 368
f 369 390 2631
f 3260 390 369
f 2755 2249 369
f 369 2249 3260
f 417 371 370
f 370 416 417
f 2185 416 370
f 2228 2185 370
f 371 417 2184
f 371 2184 2424
f 372 374 389
f 372 389 2603
f 372 2603 3359
f 373 377 393
f 393 381 373
f 374 376 391
f 2007 389 374
f 374 391 2007
f 375 380 392
f 392 385 375
f 376 388 391
f 377 384 3178
f 3178 393 377
f 378 381 1431
f 394 383 378
f 1431 394 378
f 2631 2123 379
f 379 2123 3001
f 379 3001 3065
f 380 383 394
f 394 392 380
f 381 393 395
f 381 395 1431
f 2259 1495 382
f 382 1495 3260
f 382 2249 2669
f 3260 2249 382
f 2669 2259 382
f 3001 399 384
f 384 399 3178
f 385 392 1597
f 385 1597 2736
f 386 387 2554
f 2444 1445 386
f 1708 1641 386
f 386 1641 2444
f 2554 1708 386
f 387 412 427
f 387 427 1678
f 387 1678 2554
f 1946 391 388
f 388 396 1946
f 2736 396 388
f 2007 397 389
f 389 397 3291
f 3291 2603 389
f 390 397 2123
f 3291 397 390
f 390 2123 2631
f 390 3260 3291
f 1946 401 391
f 391 401 2754
f 2754 2007 391
f 392 394 1597
f 3341 395 393
f 393 3178 3341
f 1431 396 394
f 394 396 1597
f 395 396 1431
f 1946 396 395
f 3341 1946 395
f 2736 1597 396
f 397 2007 2754
f 2754 2123 397
f 425 405 398
f 398 411 428
f 428 425 398
f 2754 401 399
f 399 401 3178
f 399 2123 2754
f 3001 2123 399
f 418 413 400
f 400 413 433
f 400 433 2317
f 400 2317 3197
f 401 1946 3341
f 3341 3178 401
f 426 423 402
f 402 424 426
f 1666 429 403
f 403 429 1911
f 2088 1666 403
f 403 1911 2627
f 404 406 453
f 3016 406 404
f 404 453 1951
f 404 1951 2263
f 425 418 405
f 406 410 1600
f 2398 410 406
f 1600 453 406
f 406 2096 2398
f 2432 2096 406
f 3016 2432 406
f 1973 1600 407
f 407 1600 2451
f 407 1608 2003
f 2734 1608 407
f 2003 1973 407
f 407 2451 2734
f 408 421 2161
f 2877 421 408
f 408 1244 1257
f 3090 1244 408
f 408 1257 2877
f 408 2161 3090
f 420 419 409
f 409 419 1753
f 2352 420 409
f 409 1753 1851
f 409 1851 2675
f 2675 2352 409
f 410 414 1600
f 1981 414 410
f 2398 1981 410
f 452 428 411
f 411 431 452
f 1210 431 411
f 412 415 427
f 413 418 430
f 413 430 433
f 1462 419 414
f 414 419 2451
f 2179 1462 414
f 2451 1600 414
f 414 1981 2179
f 415 423 427
f 451 417 416
f 416 450 451
f 2185 450 416
f 417 451 2184
f 418 425 430
f 419 420 2734
f 419 1462 1753
f 2734 2451 419
f 420 1570 1608
f 2352 1570 420
f 420 1608 2734
f 1498 424 421
f 2877 1498 421
f 422 431 1258
f 1262 431 422
f 422 1258 2399
f 1343 1262 422
f 422 1330 1343
f 1407 1330 422
f 2399 1407 422
f 423 426 454
f 463 427 423
f 423 454 463
f 449 426 424
f 1498 449 424
f 425 428 455
f 458 430 425
f 425 455 458
f 426 449 465
f 465 454 426
f 427 463 1678
f 428 452 471
f 471 455 428
f 1252 456 429
f 429 456 1911
f 1666 1252 429
f 467 433 430
f 430 458 472
f 472 467 430
f 1453 452 431
f 431 1210 1258
f 431 1262 1453
f 432 437 1587
f 2188 437 432
f 2047 1427 432
f 432 1427 2188
f 432 1587 1633
f 432 1633 2047
f 448 434 433
f 433 434 2317
f 466 448 433
f 467 466 433
f 434 448 2970
f 3199 2317 434
f 434 2970 3385
f 3385 3199 434
f 435 1506 3378
f 3385 1506 435
f 3365 3193 435
f 435 3193 3385
f 3378 3365 435
f 436 437 1533
f 1929 437 436
f 1320 440 436
f 436 440 1929
f 1350 1320 436
f 2188 1533 437
f 2312 1587 437
f 437 1929 2499
f 2499 2312 437
f 438 443 1320
f 1513 443 438
f 438 1281 1580
f 438 1320 1350
f 1580 1513 438
f 1322 444 439
f 439 444 1513
f 1580 1281 439
f 439 1513 1580
f 1391 441 440
f 440 441 1929
f 1320 443 440
f 440 443 1346
f 441 1239 1271
f 1746 1239 441
f 441 1271 2499
f 441 1391 1931
f 1931 1746 441
f 2499 1929 441
f 442 445 446
f 442 446 1207
f 442 1207 1322
f 1691 1358 443
f 443 1513 1691
f 444 1207 1215
f 1322 1207 444
f 444 1358 1691
f 1691 1513 444
f 447 446 445
f 446 447 1344
f 1215 1207 446
f 448 466 468
f 448 468 3274
f 448 2368 2970
f 3191 2368 448
f 3274 3191 448
f 2632 465 449
f 449 1498 2632
f 1780 451 450
f 450 478 1780
f 2155 478 450
f 2185 2155 450
f 1780 479 451
f 451 479 2142
f 451 2142 2158
f 451 2158 2184
f 1453 471 452
f 1600 480 453
f 453 480 2113
f 453 1221 1951
f 2113 1221 453
f 1813 463 454
f 454 465 2027
f 2027 1813 454
f 474 458 455
f 455 471 474
f 1221 475 456
f 456 475 1399
f 1252 1221 456
f 456 1399 1911
f 2378 464 457
f 457 464 2889
f 457 490 2162
f 2889 490 457
f 457 2162 3092
f 457 2289 2378
f 3092 2289 457
f 485 472 458
f 458 474 485
f 459 461 2414
f 2491 461 459
f 1716 1704 459
f 459 1704 2540
f 1916 1716 459
f 2414 1916 459
f 2540 2491 459
f 2424 462 460
f 460 462 2491
f 1704 1521 460
f 460 1521 1747
f 2540 1704 460
f 460 1747 2424
f 460 2491 2540
f 461 469 2228
f 2492 469 461
f 461 2228 2414
f 461 2491 2492
f 2424 470 462
f 462 470 2492
f 2492 2491 462
f 463 1212 1678
f 1813 1212 463
f 2378 496 464
f 464 496 2628
f 464 1891 2569
f 2628 1891 464
f 464 2569 2889
f 2358 2027 465
f 2850 2358 465
f 465 2632 2850
f 466 467 481
f 482 468 466
f 466 481 482
f 467 472 484
f 484 481 467
f 468 482 483
f 468 483 3274
f 469 476 2185
f 2278 476 469
f 469 2185 2228
f 2492 2278 469
f 2184 477 470
f 470 477 2278
f 2424 2184 470
f 470 2278 2492
f 504 474 471
f 1453 504 471
f 485 484 472
f 473 1468 1718
f 1958 1468 473
f 1718 1476 473
f 473 1476 1745
f 1608 1570 473
f 473 1570 1958
f 1745 1608 473
f 503 485 474
f 504 503 474
f 1229 488 475
f 475 488 1995
f 475 1221 1229
f 1995 1399 475
f 476 486 2185
f 2281 486 476
f 476 2278 2281
f 2184 487 477
f 477 487 2281
f 2281 2278 477
f 478 494 1780
f 2083 494 478
f 2155 2083 478
f 1780 495 479
f 479 495 2142
f 1456 1229 480
f 480 1229 2113
f 480 1273 1456
f 1973 1273 480
f 480 1600 1973
f 3381 482 481
f 481 484 3377
f 481 3377 3381
f 3381 483 482
f 500 499 483
f 483 499 3269
f 3381 500 483
f 483 3269 3274
f 484 485 3189
f 3189 501 484
f 484 501 3377
f 485 503 3189
f 486 492 2155
f 2286 492 486
f 486 2155 2185
f 486 2281 2286
f 2158 493 487
f 487 493 2286
f 2184 2158 487
f 2286 2281 487
f 1456 491 488
f 488 491 1997
f 488 1229 1456
f 1997 1995 488
f 489 1295 1546
f 1731 1295 489
f 489 1546 1633
f 1633 1550 489
f 489 1550 1731
f 490 1270 2162
f 2468 1270 490
f 490 1424 2468
f 2569 1424 490
f 2889 2569 490
f 491 1456 1568
f 491 1557 1939
f 2039 1557 491
f 491 1568 1952
f 491 1939 1997
f 491 1952 2039
f 492 497 2083
f 2261 497 492
f 492 2083 2155
f 2350 2261 492
f 492 2286 2350
f 2142 498 493
f 493 498 2261
f 2158 2142 493
f 493 2261 2350
f 2350 2286 493
f 1528 518 494
f 494 518 2349
f 2083 1528 494
f 2349 1780 494
f 495 519 1522
f 2349 519 495
f 495 1522 2142
f 495 1780 2349
f 496 2284 2862
f 2949 2284 496
f 496 2378 2949
f 497 514 1528
f 2268 514 497
f 497 1528 2083
f 497 2261 2268
f 1522 515 498
f 498 515 2268
f 2142 1522 498
f 2268 2261 498
f 499 500 509
f 510 508 499
f 499 508 3269
f 499 509 510
f 500 501 507
f 3377 501 500
f 500 507 509
f 3381 3377 500
f 501 502 507
f 3189 502 501
f 502 503 2972
f 3189 503 502
f 2485 507 502
f 2528 2485 502
f 2972 2528 502
f 503 504 2972
f 504 1453 1532
f 504 1532 1822
f 504 1822 2972
f 2942 512 505
f 505 512 3145
f 3151 2942 505
f 3208 3106 505
f 505 3106 3364
f 505 3145 3208
f 3364 3151 505
f 3146 513 506
f 506 513 3374
f 2929 2254 506
f 506 2254 3146
f 506 2786 2929
f 3374 2786 506
f 2365 509 507
f 3106 2365 507
f 507 2485 3364
f 3364 3106 507
f 508 510 2365
f 508 2365 2671
f 508 2671 3150
f 508 3150 3269
f 2365 510 509
f 1742 1239 511
f 511 1239 2552
f 511 1696 1845
f 2929 1696 511
f 1845 1742 511
f 511 2365 2650
f 2671 2365 511
f 511 2552 2926
f 511 2650 2929
f 2926 2671 511
f 512 516 2814
f 2942 516 512
f 512 2814 3145
f 3182 517 513
f 513 517 3374
f 513 3146 3182
f 514 521 1528
f 2268 521 514
f 1522 522 515
f 515 522 2268
f 3184 520 516
f 516 520 3225
f 3225 2814 516
f 516 2942 3184
f 3119 524 517
f 517 524 3186
f 3182 3119 517
f 517 3186 3374
f 570 527 518
f 518 527 2343
f 1787 570 518
f 518 1528 1787
f 518 2343 2349
f 519 528 571
f 2343 528 519
f 519 571 1518
f 519 1518 1522
f 2349 2343 519
f 3184 523 520
f 520 523 3221
f 520 3221 3225
f 521 533 1519
f 2275 533 521
f 521 1519 1528
f 521 2268 2328
f 2328 2275 521
f 1518 534 522
f 522 534 2275
f 1522 1518 522
f 2328 2268 522
f 522 2275 2328
f 3184 529 523
f 523 529 3224
f 3224 3221 523
f 524 531 3186
f 3205 531 524
f 524 3119 3218
f 3218 3205 524
f 1765 526 525
f 525 526 2928
f 525 1419 1483
f 2928 1419 525
f 525 1483 1551
f 525 1551 1906
f 1906 1765 525
f 2147 593 526
f 526 593 2583
f 526 1765 2147
f 526 2583 2733
f 526 2733 2928
f 570 541 527
f 527 541 2343
f 528 542 571
f 2343 542 528
f 3181 530 529
f 529 530 3207
f 3305 3181 529
f 529 3184 3305
f 529 3207 3247
f 3247 3224 529
f 3181 543 530
f 530 543 3239
f 3231 3207 530
f 3239 3231 530
f 531 532 544
f 2779 532 531
f 531 544 2901
f 3210 2779 531
f 531 2901 3186
f 531 3205 3210
f 3209 544 532
f 532 2779 3209
f 533 539 1493
f 2277 539 533
f 533 1493 1519
f 533 2275 2277
f 1508 540 534
f 534 540 2277
f 1518 1508 534
f 2277 2275 534
f 535 537 1998
f 2324 537 535
f 535 545 2324
f 2804 545 535
f 535 1998 2804
f 1682 538 536
f 536 538 2394
f 536 546 1682
f 2324 546 536
f 2394 2324 536
f 1945 1355 537
f 2548 1945 537
f 537 2324 2394
f 537 2394 2548
f 1277 1204 538
f 538 1204 1945
f 1682 1277 538
f 538 1945 2548
f 2548 2394 538
f 539 547 1493
f 2282 547 539
f 539 2277 2282
f 1508 548 540
f 540 548 2282
f 2282 2277 540
f 2331 542 541
f 541 542 2343
f 541 570 2331
f 2331 571 542
f 3181 552 543
f 543 552 3239
f 544 553 2964
f 3209 553 544
f 2964 2901 544
f 545 556 2193
f 2804 556 545
f 545 2193 2344
f 2344 2324 545
f 546 557 1682
f 2346 557 546
f 546 2324 2344
f 546 2344 2346
f 2285 550 547
f 547 550 2954
f 2954 1493 547
f 547 2282 2285
f 548 551 2285
f 2377 551 548
f 548 1508 2377
f 2285 2282 548
f 2738 550 549
f 549 550 3348
f 549 554 2738
f 3348 554 549
f 550 2285 2329
f 550 2329 3348
f 2738 2654 550
f 550 2654 2954
f 2377 1685 551
f 551 1685 3158
f 2329 2285 551
f 3226 2329 551
f 551 3158 3369
f 3369 3226 551
f 2177 562 552
f 552 562 3242
f 3181 2177 552
f 3242 3239 552
f 553 563 2964
f 3213 563 553
f 553 3209 3213
f 554 560 2738
f 3344 560 554
f 3348 3344 554
f 555 561 3195
f 3198 561 555
f 555 3158 3198
f 3369 3158 555
f 555 3195 3226
f 555 3226 3369
f 1976 573 556
f 556 573 3329
f 2804 1976 556
f 2346 2193 556
f 3329 2346 556
f 557 575 1785
f 3235 575 557
f 1785 1682 557
f 557 2346 3235
f 558 559 580
f 1204 559 558
f 558 580 1224
f 1355 1204 558
f 558 1224 1276
f 581 580 559
f 1225 581 559
f 559 1204 1205
f 559 1205 1225
f 560 564 2738
f 3220 564 560
f 3344 3220 560
f 3198 565 561
f 561 565 3222
f 3222 3195 561
f 2010 1558 562
f 562 1558 3120
f 2177 2010 562
f 562 3120 3254
f 3254 3242 562
f 2242 566 563
f 563 566 2806
f 3213 2242 563
f 563 2806 2964
f 564 574 2738
f 3227 574 564
f 564 3220 3227
f 3158 576 565
f 565 576 3230
f 3198 3158 565
f 3230 3222 565
f 3304 568 566
f 566 568 3351
f 566 2242 3304
f 3351 2806 566
f 3206 569 567
f 567 569 3238
f 3120 1558 567
f 567 1558 3206
f 3238 3120 567
f 3216 572 568
f 568 572 3351
f 568 2246 3216
f 3304 2246 568
f 3206 577 569
f 569 577 3215
f 569 3215 3238
f 1519 588 570
f 570 588 2331
f 1787 1519 570
f 571 589 1518
f 2331 589 571
f 572 1283 2927
f 3237 1283 572
f 572 2927 3351
f 572 3216 3237
f 2220 574 573
f 573 574 3227
f 573 1976 2220
f 573 3227 3329
f 574 2220 2654
f 574 2654 2738
f 575 576 2117
f 3235 576 575
f 2117 1785 575
f 3158 2117 576
f 3235 3230 576
f 3122 578 577
f 577 578 3236
f 577 2967 3122
f 3206 2967 577
f 3236 3215 577
f 3122 582 578
f 578 582 3232
f 578 3232 3236
f 579 583 2975
f 3233 583 579
f 579 2975 3379
f 3379 3233 579
f 580 581 1398
f 1294 1224 580
f 580 1265 1294
f 1398 1265 580
f 581 1225 1293
f 581 1293 1398
f 3082 584 582
f 582 584 3185
f 3185 2272 582
f 582 2272 3232
f 3122 3082 582
f 2279 585 583
f 583 585 3133
f 3233 2279 583
f 3133 2975 583
f 3082 586 584
f 584 586 3185
f 585 587 1799
f 2293 587 585
f 585 1799 3133
f 585 2279 2293
f 586 591 2273
f 2998 591 586
f 2273 2265 586
f 586 2265 3185
f 3082 2998 586
f 587 592 1799
f 2273 592 587
f 587 2265 2273
f 2293 2265 587
f 594 589 588
f 588 589 2331
f 1425 594 588
f 1493 1425 588
f 1519 1493 588
f 589 594 595
f 589 595 1508
f 589 1508 1518
f 590 591 1509
f 2296 591 590
f 590 1265 1398
f 1850 1265 590
f 590 1398 2296
f 590 1509 1850
f 2998 1509 591
f 2296 2273 591
f 592 1398 1499
f 2296 1398 592
f 592 1499 1799
f 592 2273 2296
f 593 1613 2583
f 3123 1613 593
f 593 2147 2354
f 593 2354 3123
f 596 595 594
f 1425 596 594
f 595 596 597
f 595 597 2055
f 1740 1508 595
f 2055 1740 595
f 603 597 596
f 596 602 603
f 1494 602 596
f 1425 1423 596
f 596 1423 1494
f 597 603 1422
f 597 1422 2055
f 598 600 1509
f 2587 600 598
f 3058 604 598
f 598 604 3211
f 598 1509 3058
f 3211 2587 598
f 1499 601 599
f 599 601 2217
f 599 605 1795
f 2335 605 599
f 1795 1499 599
f 599 2217 2335
f 600 1354 1509
f 2217 1354 600
f 2587 2217 600
f 1293 611 601
f 601 611 1354
f 1499 1293 601
f 601 1354 2217
f 1781 603 602
f 1494 621 602
f 602 621 1781
f 603 622 1516
f 1781 622 603
f 1516 1422 603
f 2167 606 604
f 604 606 3250
f 3058 2167 604
f 3250 3211 604
f 605 607 1795
f 3217 607 605
f 605 2335 3217
f 2167 608 606
f 606 608 3251
f 3251 3250 606
f 607 609 2247
f 2589 609 607
f 2247 1795 607
f 3177 2589 607
f 3217 3177 607
f 2559 613 608
f 608 613 3241
f 608 2167 2559
f 3241 3240 608
f 608 3240 3251
f 3234 615 609
f 609 615 3267
f 3267 2247 609
f 609 2589 3234
f 610 611 699
f 1354 611 610
f 699 632 610
f 610 632 1224
f 610 1224 1294
f 610 1294 1354
f 1225 699 611
f 1293 1225 611
f 612 613 2559
f 3228 613 612
f 1748 623 612
f 612 623 3228
f 2715 1748 612
f 612 2559 2715
f 613 3228 3241
f 614 615 3234
f 3267 615 614
f 614 620 624
f 3229 620 614
f 614 624 3028
f 614 3028 3267
f 3234 3229 614
f 616 617 1619
f 2538 617 616
f 1669 634 616
f 616 634 2759
f 616 1619 2531
f 2531 1669 616
f 3310 2538 616
f 616 2759 3310
f 617 625 629
f 2538 625 617
f 617 629 2616
f 2616 1619 617
f 2649 619 618
f 618 619 3169
f 618 635 1286
f 3169 635 618
f 618 1286 2649
f 1818 626 619
f 619 626 2802
f 619 1479 1818
f 2649 1479 619
f 619 2802 3169
f 3382 624 620
f 3229 2596 620
f 620 2596 3382
f 662 649 621
f 621 649 1781
f 668 662 621
f 2765 668 621
f 621 1494 1517
f 621 1517 2765
f 622 650 663
f 1781 650 622
f 622 663 669
f 622 669 2061
f 2061 1516 622
f 1748 627 623
f 623 627 3363
f 623 3223 3228
f 3363 3223 623
f 624 1618 3028
f 3382 1618 624
f 3353 629 625
f 625 2538 3088
f 625 3088 3353
f 1818 631 626
f 626 631 3126
f 3126 2802 626
f 1748 628 627
f 627 628 2236
f 627 2236 3363
f 2159 630 628
f 628 630 2236
f 628 1748 2159
f 629 636 2616
f 3353 636 629
f 3094 638 630
f 630 638 3356
f 630 2159 3094
f 3244 2236 630
f 3356 3244 630
f 1818 637 631
f 631 637 2747
f 631 2747 3126
f 699 633 632
f 632 633 1341
f 1276 1224 632
f 1378 1276 632
f 632 1341 1378
f 633 699 1234
f 1234 1205 633
f 633 1205 1272
f 633 1272 1872
f 1435 1341 633
f 1872 1435 633
f 1669 645 634
f 634 645 2934
f 3074 2759 634
f 634 2934 3074
f 635 646 2132
f 2533 646 635
f 2132 1286 635
f 3169 2533 635
f 636 640 2616
f 3295 640 636
f 636 2570 3295
f 3353 2570 636
f 637 642 1596
f 2530 642 637
f 637 1596 3200
f 637 1818 2530
f 3200 2747 637
f 3094 647 638
f 638 647 3312
f 638 3312 3356
f 2207 648 639
f 639 648 2434
f 639 1240 1282
f 2434 1240 639
f 639 1282 2207
f 1401 641 640
f 640 641 2616
f 3295 1401 640
f 1401 643 641
f 641 643 1423
f 641 1423 2616
f 1422 644 642
f 642 644 2322
f 2530 1422 642
f 2322 1596 642
f 643 651 1494
f 2537 651 643
f 643 1401 2537
f 1494 1423 643
f 1422 652 644
f 644 652 2537
f 2537 2322 644
f 1922 1287 645
f 645 1287 2847
f 645 1669 1922
f 2847 2543 645
f 645 2543 2934
f 646 655 1683
f 2525 655 646
f 646 1683 2132
f 2543 2525 646
f 646 2533 2543
f 2993 659 647
f 647 659 3313
f 3094 2993 647
f 3313 3312 647
f 661 660 648
f 648 660 2408
f 3051 661 648
f 648 2207 3051
f 648 2408 2434
f 649 650 1781
f 2342 650 649
f 649 662 2342
f 2342 663 650
f 651 656 1494
f 2276 656 651
f 2542 2276 651
f 651 2537 2542
f 1422 657 652
f 652 657 2276
f 652 2276 2542
f 2542 2537 652
f 653 1287 1922
f 2547 1287 653
f 1378 1341 653
f 653 1341 1435
f 1922 1378 653
f 653 1435 2547
f 1683 655 654
f 654 655 2525
f 654 1272 1683
f 1872 1272 654
f 654 1435 1872
f 2547 1435 654
f 654 2525 2547
f 656 666 1517
f 2300 666 656
f 1517 1494 656
f 656 2276 2300
f 1516 667 657
f 657 667 2300
f 657 1422 1516
f 2300 2276 657
f 658 659 2993
f 3179 659 658
f 658 664 3266
f 3331 664 658
f 2993 2456 658
f 658 2456 3331
f 3266 3179 658
f 3179 2762 659
f 659 2762 3313
f 660 661 3307
f 660 665 3027
f 3278 665 660
f 3027 2408 660
f 3307 3278 660
f 3051 2336 661
f 661 2336 3307
f 662 668 2318
f 662 2318 2342
f 2318 669 663
f 2342 2318 663
f 664 1289 3266
f 3331 1289 664
f 2973 671 665
f 665 671 3027
f 3278 2973 665
f 666 672 1517
f 2295 672 666
f 2300 2295 666
f 667 673 2295
f 2480 673 667
f 667 1516 2480
f 667 2295 2300
f 668 707 1531
f 2129 707 668
f 668 1531 2318
f 2765 2129 668
f 1531 708 669
f 669 708 2061
f 2318 1531 669
f 670 1217 1843
f 2244 1217 670
f 1672 1640 670
f 670 1640 1713
f 1843 1672 670
f 670 1713 2244
f 671 675 2580
f 3255 675 671
f 671 2580 3027
f 671 2973 3255
f 2274 687 672
f 672 687 2471
f 2471 1517 672
f 2295 2274 672
f 2143 688 673
f 673 688 2274
f 2480 2143 673
f 673 2274 2295
f 2888 681 674
f 674 681 3299
f 674 1289 2888
f 3110 1289 674
f 3299 3110 674
f 675 680 2580
f 3156 680 675
f 3255 3156 675
f 684 678 676
f 676 678 2883
f 3342 684 676
f 676 1838 2355
f 2987 1838 676
f 2883 1947 676
f 676 1947 2987
f 676 2355 2407
f 676 2407 3342
f 677 678 685
f 2643 678 677
f 677 685 686
f 677 686 1582
f 677 1582 2672
f 2672 2643 677
f 678 684 685
f 678 2643 2883
f 1418 1349 679
f 679 1349 2054
f 1542 1418 679
f 2549 1542 679
f 679 2054 2411
f 679 2098 2549
f 2672 2098 679
f 679 2411 2825
f 2825 2672 679
f 680 2104 2580
f 2853 2104 680
f 3171 2853 680
f 680 3156 3171
f 2884 1947 681
f 681 1947 2992
f 2888 2884 681
f 681 2992 3299
f 694 683 682
f 682 683 3059
f 705 694 682
f 1921 705 682
f 682 1447 1921
f 2030 1447 682
f 3059 2030 682
f 683 694 696
f 683 696 698
f 683 698 2407
f 2407 2355 683
f 683 2355 3059
f 3362 685 684
f 684 700 701
f 3342 700 684
f 684 701 3362
f 3362 686 685
f 1793 1582 686
f 3002 1793 686
f 3081 3002 686
f 3362 3081 686
f 687 690 2129
f 2283 690 687
f 687 2129 2471
f 687 2274 2283
f 2143 691 688
f 688 691 2283
f 2283 2274 688
f 759 709 689
f 689 709 2659
f 2702 759 689
f 689 1893 2576
f 2659 1893 689
f 689 2576 2702
f 1771 702 690
f 690 702 2152
f 2283 1771 690
f 2152 2129 690
f 691 703 1771
f 2156 703 691
f 691 1771 2283
f 691 2143 2156
f 692 704 1311
f 1441 704 692
f 1432 1220 692
f 692 1220 1761
f 692 1311 2012
f 1715 1432 692
f 1761 1441 692
f 692 1594 1715
f 2012 1594 692
f 1617 712 693
f 693 712 1761
f 693 1359 1426
f 1592 1359 693
f 693 1426 1855
f 1761 1592 693
f 1855 1617 693
f 721 696 694
f 694 705 721
f 1428 1217 695
f 695 1217 2244
f 1404 1285 695
f 695 1285 1658
f 2244 1404 695
f 1626 1428 695
f 1658 1626 695
f 2453 698 696
f 724 713 696
f 696 713 2453
f 696 721 724
f 737 706 697
f 697 706 2050
f 697 709 737
f 2041 709 697
f 2050 1452 697
f 697 1452 2230
f 2230 2041 697
f 2453 700 698
f 698 700 3342
f 3342 2407 698
f 699 1225 1234
f 715 701 700
f 2914 715 700
f 700 2453 2914
f 715 714 701
f 701 714 3362
f 702 710 2152
f 2497 710 702
f 702 1771 2497
f 2194 711 703
f 703 711 2497
f 2497 1771 703
f 703 2156 2194
f 1232 717 704
f 704 717 1311
f 1441 1232 704
f 727 721 705
f 1921 727 705
f 737 736 706
f 706 736 763
f 706 763 1266
f 706 1266 1577
f 706 1577 2050
f 730 708 707
f 707 708 1531
f 2129 730 707
f 708 730 731
f 708 731 2156
f 2143 2061 708
f 2156 2143 708
f 759 737 709
f 709 2041 2659
f 710 718 2209
f 2493 718 710
f 2209 2152 710
f 2497 2493 710
f 2186 719 711
f 711 719 2493
f 2194 2186 711
f 711 2493 2497
f 712 735 2392
f 2397 735 712
f 712 1232 1441
f 2392 1232 712
f 712 1441 1761
f 712 1617 2397
f 729 716 713
f 713 716 2914
f 713 724 729
f 2914 2453 713
f 714 715 3326
f 714 2488 3002
f 3326 2488 714
f 714 3002 3081
f 714 3081 3362
f 2914 716 715
f 715 716 2944
f 715 2944 3326
f 716 729 753
f 716 753 2944
f 717 728 1396
f 2014 728 717
f 717 1232 2014
f 1396 1311 717
f 718 722 2410
f 2500 722 718
f 2410 2209 718
f 718 2493 2500
f 2356 723 719
f 719 723 2500
f 719 2186 2356
f 2500 2493 719
f 1593 1338 720
f 720 1338 2613
f 720 1573 1651
f 2070 1573 720
f 1660 1593 720
f 720 1651 1660
f 2613 2070 720
f 760 724 721
f 721 727 761
f 761 760 721
f 722 725 2410
f 2484 725 722
f 2500 2484 722
f 2356 726 723
f 723 726 2484
f 723 2484 2500
f 760 729 724
f 881 866 725
f 725 866 2410
f 1601 881 725
f 725 1353 1601
f 2539 1353 725
f 725 2484 2539
f 726 867 882
f 2356 867 726
f 726 882 1310
f 726 1310 1703
f 1703 1353 726
f 726 1353 2539
f 2539 2484 726
f 727 732 765
f 1921 732 727
f 765 761 727
f 728 762 1396
f 2014 762 728
f 3316 753 729
f 729 760 770
f 729 770 2824
f 729 2824 3316
f 768 731 730
f 2152 768 730
f 730 2129 2152
f 731 768 769
f 731 769 2194
f 2194 2156 731
f 771 765 732
f 1301 771 732
f 732 1291 1301
f 1921 1291 732
f 733 734 789
f 2978 734 733
f 789 764 733
f 733 764 2702
f 2576 2511 733
f 733 2511 2978
f 2702 2576 733
f 3015 789 734
f 734 1296 3268
f 3302 1296 734
f 734 2978 3302
f 3268 3015 734
f 735 779 785
f 1942 779 735
f 735 785 1854
f 735 1854 2392
f 2397 1942 735
f 736 737 773
f 773 763 736
f 737 759 767
f 737 767 773
f 2020 740 738
f 738 740 3326
f 738 753 2848
f 2944 753 738
f 738 1620 2020
f 2848 1620 738
f 3326 2944 738
f 739 1351 1750
f 2517 1351 739
f 1677 1565 739
f 739 1565 2517
f 2395 1677 739
f 739 1750 2549
f 2670 2395 739
f 739 2549 2605
f 739 2605 2670
f 740 2020 2488
f 740 2488 3326
f 741 742 745
f 970 742 741
f 745 743 741
f 741 743 1202
f 1202 970 741
f 746 745 742
f 1348 746 742
f 971 757 742
f 742 757 1912
f 742 970 971
f 1368 1348 742
f 1912 1368 742
f 743 745 748
f 743 748 1534
f 743 966 1202
f 1534 966 743
f 744 749 1269
f 1534 749 744
f 1269 951 744
f 744 951 1534
f 745 746 931
f 1345 748 745
f 745 931 1345
f 1298 931 746
f 1348 1274 746
f 746 1274 1750
f 1351 1298 746
f 1750 1351 746
f 747 749 751
f 1269 749 747
f 751 750 747
f 747 750 933
f 933 930 747
f 747 930 1269
f 1228 749 748
f 748 749 1534
f 748 932 1228
f 1345 932 748
f 936 751 749
f 749 934 936
f 1228 934 749
f 750 751 752
f 750 752 937
f 935 933 750
f 937 935 750
f 937 752 751
f 751 936 937
f 753 754 2848
f 2989 754 753
f 3316 2989 753
f 1625 755 754
f 754 755 3168
f 2989 1625 754
f 3168 2848 754
f 755 1318 1526
f 1625 1318 755
f 755 1526 2849
f 2849 2361 755
f 755 2361 3168
f 1526 1352 756
f 756 1352 2743
f 1636 1526 756
f 2668 1636 756
f 2743 2668 756
f 757 971 1314
f 757 1314 1638
f 757 1638 1912
f 758 766 787
f 2048 766 758
f 758 787 1301
f 758 1301 1663
f 1329 1308 758
f 758 1308 2048
f 1663 1329 758
f 759 764 767
f 2702 764 759
f 760 761 770
f 761 765 2657
f 2657 770 761
f 762 784 1706
f 2095 784 762
f 1706 1396 762
f 2014 1798 762
f 762 1798 2095
f 763 773 842
f 842 778 763
f 763 778 1266
f 798 767 764
f 764 789 798
f 765 771 833
f 765 833 2657
f 2064 787 766
f 766 2048 2064
f 797 773 767
f 798 797 767
f 818 769 768
f 768 817 818
f 2209 817 768
f 768 2152 2209
f 769 818 2186
f 769 2186 2194
f 884 825 770
f 770 825 2824
f 2657 884 770
f 771 787 855
f 1301 787 771
f 855 833 771
f 772 781 2725
f 3334 781 772
f 772 2725 3339
f 3339 3334 772
f 773 797 928
f 928 842 773
f 774 775 2122
f 2615 775 774
f 774 1960 2214
f 3097 1960 774
f 774 2122 3053
f 774 2214 2615
f 774 3053 3097
f 775 779 1942
f 2826 779 775
f 775 1942 2795
f 2795 2122 775
f 775 2615 2826
f 776 825 1800
f 2824 825 776
f 776 1373 1656
f 1800 1373 776
f 776 1656 2867
f 3316 2824 776
f 776 2867 3316
f 777 778 831
f 1266 778 777
f 777 831 886
f 777 886 1308
f 1361 1266 777
f 777 1308 1361
f 887 831 778
f 778 842 887
f 2730 785 779
f 2826 2730 779
f 3170 790 780
f 780 790 3338
f 780 1653 2688
f 2691 1653 780
f 780 2688 3170
f 3350 2691 780
f 780 3338 3350
f 781 782 2699
f 2988 782 781
f 781 1900 1960
f 2699 1900 781
f 781 1960 2725
f 3334 2988 781
f 3036 1647 782
f 782 1647 3340
f 2868 2699 782
f 3219 2868 782
f 782 2988 3036
f 3340 3219 782
f 791 788 783
f 783 788 3057
f 795 791 783
f 783 792 795
f 2758 792 783
f 783 793 2758
f 3057 793 783
f 2095 845 784
f 784 845 2502
f 2502 1706 784
f 785 846 1831
f 2563 846 785
f 785 1831 1854
f 2730 2563 785
f 2557 2221 786
f 786 2221 3102
f 786 2438 2557
f 2688 2438 786
f 3170 2688 786
f 3102 2961 786
f 786 2961 3170
f 2441 855 787
f 2064 1679 787
f 787 1679 2441
f 788 791 796
f 788 796 800
f 788 800 801
f 788 801 3057
f 870 798 789
f 3015 870 789
f 3170 2961 790
f 790 2961 3354
f 3354 3338 790
f 791 795 2790
f 806 796 791
f 2790 806 791
f 2758 794 792
f 792 794 2838
f 815 795 792
f 2940 815 792
f 2838 821 792
f 792 821 2940
f 793 807 830
f 3057 807 793
f 793 830 3107
f 3107 2758 793
f 1503 799 794
f 794 799 2838
f 794 804 1503
f 3107 804 794
f 794 2758 3107
f 795 815 3320
f 3320 2790 795
f 803 800 796
f 820 803 796
f 796 806 819
f 796 819 820
f 797 798 903
f 797 903 928
f 798 870 903
f 1576 810 799
f 799 810 2536
f 799 1503 1576
f 799 2536 2838
f 3034 801 800
f 800 803 3101
f 3101 3034 800
f 835 807 801
f 801 807 3057
f 3034 835 801
f 1503 804 802
f 802 804 2946
f 802 805 1576
f 1984 805 802
f 1576 1503 802
f 2380 1984 802
f 2946 2380 802
f 816 809 803
f 803 809 3101
f 827 816 803
f 803 820 827
f 830 811 804
f 804 811 2946
f 3107 830 804
f 805 810 1576
f 3192 810 805
f 805 1984 2387
f 2090 2089 805
f 805 2089 3192
f 2387 2090 805
f 832 819 806
f 3320 832 806
f 806 2790 3320
f 2931 830 807
f 807 835 850
f 807 850 2931
f 3142 2086 808
f 808 2086 3355
f 808 2386 2717
f 3355 2386 808
f 808 2717 3324
f 808 2818 3142
f 3324 2818 808
f 816 813 809
f 809 813 840
f 828 814 809
f 809 814 3101
f 840 828 809
f 810 844 2536
f 3343 844 810
f 3192 875 810
f 810 875 3343
f 811 822 2946
f 3040 822 811
f 811 830 853
f 811 853 3040
f 812 1709 2387
f 2818 1709 812
f 812 1984 2380
f 2387 1984 812
f 812 2380 2718
f 812 2718 3142
f 3142 2818 812
f 813 816 829
f 813 829 840
f 814 828 837
f 814 837 3034
f 814 3034 3101
f 2940 841 815
f 815 841 3045
f 815 3045 3320
f 816 827 834
f 834 829 816
f 866 818 817
f 2410 866 817
f 817 2209 2410
f 818 866 867
f 818 867 2356
f 2356 2186 818
f 843 820 819
f 819 832 843
f 836 827 820
f 843 836 820
f 2838 2536 821
f 821 2536 3162
f 3162 2940 821
f 2388 1538 822
f 822 1538 2636
f 822 2032 2380
f 3194 2032 822
f 822 2380 2946
f 3040 2388 822
f 822 2636 3194
f 823 824 826
f 2921 824 823
f 823 826 1699
f 823 1699 2925
f 823 1702 2921
f 2925 1702 823
f 1712 826 824
f 1714 1712 824
f 2800 1714 824
f 2921 2800 824
f 825 884 3010
f 2211 1800 825
f 3010 2211 825
f 826 838 1709
f 1712 838 826
f 1709 1699 826
f 854 834 827
f 827 836 848
f 827 848 854
f 873 837 828
f 828 840 849
f 828 849 857
f 828 857 873
f 829 834 874
f 869 840 829
f 879 869 829
f 829 874 879
f 2931 853 830
f 944 886 831
f 831 887 944
f 862 843 832
f 3045 862 832
f 3320 3045 832
f 833 855 2111
f 833 884 2657
f 2783 884 833
f 833 2111 2783
f 834 854 874
f 835 837 1717
f 3034 837 835
f 1717 850 835
f 836 843 865
f 865 848 836
f 837 873 1717
f 2645 1709 838
f 838 1712 2524
f 2524 2435 838
f 838 2435 2645
f 839 858 1722
f 2396 858 839
f 1722 1702 839
f 839 1702 2925
f 3258 2396 839
f 2925 2717 839
f 839 2717 3258
f 864 849 840
f 869 864 840
f 878 877 841
f 841 877 3045
f 3162 878 841
f 841 2940 3162
f 969 887 842
f 842 928 969
f 843 862 885
f 885 865 843
f 3029 872 844
f 844 872 3162
f 3162 2536 844
f 3343 3029 844
f 845 856 863
f 2689 856 845
f 845 863 2897
f 2897 899 845
f 845 899 3134
f 845 2095 2689
f 3134 2502 845
f 3035 860 846
f 846 860 3152
f 846 893 3035
f 3327 893 846
f 3054 1831 846
f 846 2563 3043
f 846 3043 3327
f 3152 3054 846
f 847 1722 2918
f 3022 1722 847
f 847 2522 3022
f 3041 2522 847
f 847 2918 3080
f 3080 3041 847
f 880 854 848
f 848 865 896
f 898 880 848
f 848 896 898
f 883 857 849
f 849 864 883
f 894 889 850
f 850 889 2931
f 1717 894 850
f 876 856 851
f 851 856 2689
f 851 861 876
f 3148 861 851
f 2689 1676 851
f 851 1676 3055
f 851 3055 3148
f 871 859 852
f 852 859 3148
f 852 860 868
f 3152 860 852
f 852 868 871
f 852 2190 3054
f 3148 2190 852
f 852 3054 3152
f 2931 888 853
f 853 888 3322
f 3322 3040 853
f 880 874 854
f 855 1936 2111
f 2441 1936 855
f 901 863 856
f 856 876 901
f 2306 873 857
f 857 883 895
f 857 895 2306
f 2218 1722 858
f 2396 2112 858
f 858 2112 2696
f 2696 2218 858
f 2458 861 859
f 859 861 3148
f 859 871 2739
f 2598 2458 859
f 2739 2598 859
f 891 868 860
f 918 891 860
f 3035 918 860
f 2404 876 861
f 2458 2404 861
f 862 877 904
f 3045 877 862
f 904 885 862
f 863 901 938
f 863 938 2897
f 864 869 909
f 890 883 864
f 909 890 864
f 865 885 906
f 906 896 865
f 881 867 866
f 867 881 882
f 891 871 868
f 869 879 897
f 869 897 923
f 923 909 869
f 958 903 870
f 870 917 958
f 3015 917 870
f 871 891 2976
f 2976 2739 871
f 872 900 902
f 3029 900 872
f 872 902 2642
f 872 2642 3162
f 915 894 873
f 873 894 1717
f 2306 915 873
f 2846 879 874
f 874 880 2846
f 875 2089 2823
f 3192 2089 875
f 2823 2118 875
f 875 2118 3029
f 875 3029 3343
f 2473 901 876
f 876 2404 2473
f 877 878 908
f 908 904 877
f 878 902 914
f 2642 902 878
f 914 908 878
f 3162 2642 878
f 2846 897 879
f 880 898 1928
f 880 1928 2846
f 1630 882 881
f 881 1601 1630
f 1630 1310 882
f 883 890 913
f 913 895 883
f 2808 2119 884
f 884 2119 3010
f 884 2783 2808
f 885 904 910
f 910 906 885
f 1623 916 886
f 886 916 2048
f 886 944 1623
f 2048 1308 886
f 969 944 887
f 888 911 919
f 2931 911 888
f 888 919 3325
f 3325 3322 888
f 889 894 925
f 925 911 889
f 889 911 2931
f 890 909 945
f 920 913 890
f 945 920 890
f 891 918 2976
f 892 1392 1936
f 2002 1392 892
f 892 1679 1768
f 2441 1679 892
f 892 1768 2121
f 892 1936 2441
f 2121 2002 892
f 960 918 893
f 893 918 3035
f 893 949 960
f 3327 949 893
f 894 915 2821
f 2821 925 894
f 895 913 950
f 950 915 895
f 895 915 2306
f 924 898 896
f 896 906 953
f 965 924 896
f 896 953 965
f 3286 923 897
f 897 2846 3286
f 898 924 1928
f 899 938 973
f 2897 938 899
f 899 946 954
f 973 946 899
f 899 954 3134
f 955 902 900
f 2692 955 900
f 2118 1326 900
f 900 1326 2692
f 3029 2118 900
f 3203 938 901
f 901 2473 3203
f 959 914 902
f 902 955 959
f 995 928 903
f 903 958 980
f 903 980 995
f 904 908 948
f 948 910 904
f 905 943 1721
f 3112 943 905
f 905 1721 3272
f 905 2523 3112
f 3333 2523 905
f 905 3272 3333
f 906 910 953
f 1977 1736 907
f 907 1736 2391
f 2496 1977 907
f 907 2111 2496
f 2783 2111 907
f 907 2391 2808
f 2808 2783 907
f 908 914 947
f 908 947 948
f 909 923 945
f 910 948 952
f 910 952 953
f 963 919 911
f 911 925 968
f 3121 963 911
f 911 968 3121
f 912 939 940
f 1327 939 912
f 912 940 1373
f 3010 1327 912
f 912 1373 1800
f 912 1800 2211
f 912 2211 3010
f 913 920 956
f 956 950 913
f 959 947 914
f 915 950 967
f 915 967 2821
f 1623 1379 916
f 916 1379 1738
f 1738 1599 916
f 916 1599 2048
f 2676 958 917
f 917 1296 2619
f 3268 1296 917
f 917 2619 2676
f 917 3015 3268
f 918 960 2108
f 2108 2077 918
f 918 2077 2976
f 919 963 3311
f 919 3311 3325
f 920 945 962
f 962 956 920
f 921 957 1729
f 1758 957 921
f 921 1729 2112
f 2881 1758 921
f 2396 2084 921
f 921 2084 2881
f 921 2112 2396
f 2049 1470 922
f 922 1470 2060
f 922 1994 2623
f 3147 1994 922
f 2623 2049 922
f 922 2060 2684
f 922 2684 3125
f 922 3125 3147
f 964 945 923
f 3089 964 923
f 3286 3089 923
f 924 965 1928
f 2821 968 925
f 2427 1312 926
f 926 1312 2784
f 926 1376 1957
f 2683 1376 926
f 926 1957 3139
f 3139 2427 926
f 3157 2683 926
f 926 2784 3160
f 3160 3157 926
f 927 1590 1693
f 2737 1590 927
f 927 1693 2835
f 2828 1762 927
f 927 1762 3174
f 3174 2737 927
f 2835 2828 927
f 1014 969 928
f 928 995 1014
f 1763 961 929
f 929 961 2834
f 929 1721 1763
f 3281 1721 929
f 929 2834 3079
f 929 3079 3281
f 930 933 936
f 936 934 930
f 930 934 1035
f 930 1035 1218
f 930 1218 1269
f 931 970 1211
f 1298 970 931
f 931 1211 1345
f 1662 1228 932
f 932 1345 1661
f 932 1661 1662
f 933 935 937
f 937 936 933
f 1662 1035 934
f 934 1228 1662
f 3042 973 938
f 3203 3042 938
f 2614 940 939
f 939 1327 1766
f 939 1766 2828
f 2828 2614 939
f 1634 941 940
f 940 941 2809
f 2809 1373 940
f 2835 1634 940
f 940 2614 2835
f 1670 942 941
f 941 942 1686
f 941 1634 3138
f 3138 1670 941
f 941 1686 2809
f 1670 1595 942
f 942 1595 1994
f 3125 1686 942
f 942 1994 3147
f 3147 3125 942
f 1763 1721 943
f 943 1726 2535
f 3112 1726 943
f 2535 1763 943
f 944 969 998
f 944 998 1307
f 944 1307 1379
f 944 1379 1623
f 992 962 945
f 945 964 989
f 945 989 992
f 1339 954 946
f 946 973 1339
f 978 948 947
f 947 959 972
f 947 972 978
f 981 952 948
f 948 978 981
f 991 960 949
f 949 985 991
f 1687 985 949
f 3327 1687 949
f 950 956 986
f 3347 967 950
f 950 986 994
f 950 994 3347
f 951 966 1534
f 1662 966 951
f 1218 1035 951
f 951 1035 1662
f 1269 1218 951
f 974 953 952
f 999 974 952
f 952 981 999
f 990 965 953
f 953 974 976
f 953 976 990
f 1034 1019 954
f 954 1019 2502
f 1339 1034 954
f 954 2502 3134
f 977 959 955
f 2469 977 955
f 2692 2469 955
f 956 962 987
f 987 986 956
f 2869 1337 957
f 957 1337 3294
f 3294 1729 957
f 957 1758 2869
f 2906 980 958
f 958 2676 2906
f 2876 972 959
f 959 977 2876
f 960 991 2108
f 961 1763 2535
f 961 1993 2412
f 2535 1993 961
f 961 2412 3124
f 3124 2834 961
f 992 987 962
f 963 979 984
f 3121 979 963
f 963 984 2807
f 963 2807 3366
f 3366 3311 963
f 3346 989 964
f 964 3089 3346
f 965 990 1928
f 966 970 1202
f 1211 970 966
f 1661 1211 966
f 1662 1661 966
f 1003 997 967
f 967 997 2821
f 3347 1003 967
f 993 979 968
f 968 979 3121
f 997 993 968
f 2821 997 968
f 1018 998 969
f 969 1014 1018
f 1298 971 970
f 971 1298 1381
f 971 1299 1314
f 1974 1299 971
f 1381 1374 971
f 971 1374 2635
f 2635 1974 971
f 1004 978 972
f 1006 1004 972
f 2876 1006 972
f 3042 1339 973
f 1002 976 974
f 974 999 1002
f 975 996 2469
f 3257 996 975
f 975 1326 2124
f 2692 1326 975
f 975 2124 3257
f 975 2469 2692
f 1021 990 976
f 976 1002 1021
f 2469 1016 977
f 977 1016 2876
f 1008 981 978
f 978 1004 1008
f 1005 984 979
f 979 993 1001
f 979 1001 1005
f 2520 995 980
f 980 1055 1073
f 2906 1055 980
f 980 1073 2520
f 1008 999 981
f 2510 1017 982
f 982 1017 3257
f 2124 1732 982
f 982 1732 2510
f 3257 2124 982
f 2586 1337 983
f 983 1337 2869
f 983 2133 2416
f 2680 2133 983
f 983 2416 2586
f 2869 2680 983
f 984 1005 2807
f 1022 991 985
f 1057 1022 985
f 1306 1057 985
f 1687 1306 985
f 986 987 1011
f 1011 994 986
f 987 992 1013
f 1015 1011 987
f 987 1013 1015
f 1738 1379 988
f 988 1379 2066
f 2066 1689 988
f 988 1689 2069
f 988 1698 1738
f 2069 1698 988
f 1013 992 989
f 1020 1013 989
f 3346 1020 989
f 990 1021 1928
f 991 1022 1342
f 991 1342 2844
f 2844 2108 991
f 993 997 1010
f 1012 1001 993
f 993 1010 1012
f 1031 1003 994
f 994 1003 3347
f 994 1011 1031
f 1052 1014 995
f 2520 1052 995
f 996 1026 3044
f 3252 1026 996
f 3044 2469 996
f 3257 3252 996
f 997 1003 1029
f 1029 1010 997
f 998 1018 2075
f 2075 1307 998
f 1027 1002 999
f 999 1008 1045
f 1045 1027 999
f 2138 1025 1000
f 1000 1025 3317
f 3093 2138 1000
f 1000 2639 3093
f 3317 2639 1000
f 1023 1005 1001
f 1001 1012 1032
f 3246 1023 1001
f 1001 1032 3246
f 1028 1021 1002
f 1002 1027 1028
f 1031 1029 1003
f 1004 1006 1033
f 3298 1008 1004
f 1004 1033 3037
f 1004 3037 3298
f 1005 1023 3180
f 3180 2807 1005
f 1006 1024 1033
f 2876 1024 1006
f 1007 1030 2163
f 3306 1030 1007
f 2163 1733 1007
f 1007 1733 2834
f 1007 2834 3124
f 1007 3124 3306
f 3298 1045 1008
f 1056 1049 1009
f 1009 1049 2606
f 1983 1056 1009
f 1009 1396 1664
f 1954 1396 1009
f 1009 1664 1983
f 2606 1954 1009
f 1032 1012 1010
f 1010 1029 1066
f 2716 1032 1010
f 1010 1066 1098
f 1010 1098 2716
f 1011 1015 1044
f 1044 1031 1011
f 1041 1015 1013
f 1013 1020 1068
f 1068 1041 1013
f 1052 1018 1014
f 1015 1041 1044
f 1038 1024 1016
f 1016 1024 2876
f 3044 1026 1016
f 1016 1026 3289
f 3289 1038 1016
f 1016 2469 3044
f 2510 1938 1017
f 1017 1938 2546
f 1017 2546 3386
f 1017 3252 3257
f 3386 3252 1017
f 1018 1052 2075
f 1019 1034 1061
f 1019 1061 1983
f 1983 1664 1019
f 1019 1664 2502
f 1089 1068 1020
f 2429 1089 1020
f 3089 2429 1020
f 3346 3089 1020
f 1021 1028 1051
f 1051 1048 1021
f 1021 1048 2891
f 2891 1928 1021
f 1022 1057 3103
f 3103 1342 1022
f 1023 1036 2719
f 3246 1036 1023
f 1023 2719 3180
f 1038 1033 1024
f 1025 2138 2653
f 1025 2422 2711
f 3050 2422 1025
f 1025 2653 3050
f 2711 2658 1025
f 1025 2658 2900
f 1025 2900 3317
f 1026 1039 1043
f 3386 1039 1026
f 1026 1043 3289
f 1026 3252 3386
f 1059 1028 1027
f 1027 1045 1059
f 1059 1051 1028
f 1029 1031 1075
f 1075 1066 1029
f 2149 1786 1030
f 1030 1786 2585
f 3306 2149 1030
f 2585 2163 1030
f 1031 1044 1081
f 1081 1075 1031
f 1063 1050 1032
f 1032 1050 3246
f 2716 1063 1032
f 1033 1038 1792
f 1033 1792 3046
f 3046 3037 1033
f 1034 1040 1071
f 1339 1040 1034
f 1083 1061 1034
f 1034 1071 1083
f 1053 1046 1036
f 1036 1046 2617
f 2682 1053 1036
f 1036 2617 2719
f 3246 2682 1036
f 1037 1054 2996
f 3271 1054 1037
f 1037 1774 2658
f 2996 1774 1037
f 2602 2553 1037
f 1037 2553 3271
f 2711 2602 1037
f 1037 2658 2711
f 1038 1043 1058
f 3289 1043 1038
f 1038 1058 1792
f 1047 1043 1039
f 2831 1047 1039
f 3386 2831 1039
f 3315 1071 1040
f 1040 1339 3014
f 3014 2489 1040
f 1040 2489 3315
f 1082 1044 1041
f 1041 1068 1077
f 1041 1077 1082
f 1042 1074 2151
f 2375 1074 1042
f 2151 1993 1042
f 1042 1993 2624
f 2950 2375 1042
f 1042 2624 2950
f 1043 1047 1060
f 1067 1058 1043
f 1043 1060 1067
f 1082 1081 1044
f 1096 1059 1045
f 3298 1096 1045
f 1060 1047 1046
f 1046 1047 2924
f 1046 1053 1060
f 3285 2617 1046
f 1046 2924 3285
f 1047 2831 2924
f 1048 1051 1085
f 1048 1085 1090
f 1048 1090 2891
f 1049 1056 1084
f 1087 1064 1049
f 1049 1064 2022
f 1049 1084 1087
f 1049 2022 2606
f 1062 1053 1050
f 1050 1053 2682
f 1088 1062 1050
f 1050 1063 1088
f 1050 2682 3246
f 1051 1059 1085
f 1052 1073 1969
f 2520 1073 1052
f 1052 1969 2078
f 2078 2075 1052
f 1070 1060 1053
f 1053 1062 1070
f 1054 1791 2962
f 3271 1791 1054
f 2827 2311 1054
f 1054 2311 2996
f 2962 2827 1054
f 1055 1065 1080
f 3319 1065 1055
f 1080 1073 1055
f 2906 2676 1055
f 1055 2676 3319
f 1101 1084 1056
f 1056 1086 1101
f 2103 1086 1056
f 1056 1983 2103
f 1057 1078 1097
f 2101 1078 1057
f 1057 1097 3103
f 1057 1306 2101
f 1058 1067 1091
f 1058 1091 1792
f 1095 1085 1059
f 1096 1095 1059
f 1070 1067 1060
f 1061 1083 1123
f 1061 1086 2103
f 2980 1086 1061
f 1061 1123 2980
f 2103 1983 1061
f 1088 1070 1062
f 1133 1088 1063
f 1063 1098 1120
f 2716 1098 1063
f 1063 1120 1133
f 1087 1079 1064
f 1064 1079 2366
f 2367 2022 1064
f 1064 2366 2367
f 2206 1080 1065
f 1065 2150 2206
f 2873 2150 1065
f 3319 2873 1065
f 1066 1075 1126
f 1126 1098 1066
f 1067 1070 2841
f 2841 1091 1067
f 1105 1077 1068
f 1068 1089 1122
f 1122 1105 1068
f 2153 1804 1069
f 1069 1804 2700
f 2412 2151 1069
f 1069 2151 2604
f 2604 2153 1069
f 2700 2412 1069
f 1070 1088 2841
f 1123 1083 1071
f 1071 1118 1123
f 3315 1118 1071
f 1072 2097 2622
f 2840 2097 1072
f 2413 2197 1072
f 1072 2197 2416
f 2622 2413 1072
f 1072 2416 2840
f 1073 1080 1100
f 1073 1100 1111
f 1073 1111 2851
f 2851 1969 1073
f 1074 1806 2604
f 2744 1806 1074
f 2604 2151 1074
f 1074 2375 2744
f 1075 1081 1121
f 1075 1121 1126
f 1129 1096 1076
f 1076 1096 3298
f 1076 1103 1129
f 2591 1103 1076
f 3046 2591 1076
f 1076 3037 3046
f 3298 3037 1076
f 1108 1082 1077
f 1077 1105 1108
f 1107 1097 1078
f 1151 1107 1078
f 1829 1151 1078
f 1078 1809 1829
f 2101 1809 1078
f 1079 1087 1099
f 1079 1099 2455
f 2455 2366 1079
f 3005 1100 1080
f 1080 2206 2956
f 1080 2956 3005
f 1081 1082 1121
f 1082 1108 1121
f 1102 1087 1084
f 1084 1101 1102
f 1106 1090 1085
f 1085 1095 1119
f 1119 1106 1085
f 1116 1101 1086
f 2980 1116 1086
f 1109 1099 1087
f 1087 1102 1109
f 1088 1133 1139
f 1139 1136 1088
f 1088 1136 2841
f 1089 1112 1122
f 2429 1112 1089
f 1090 1106 1113
f 1090 1113 2420
f 1090 2420 2891
f 1125 1103 1091
f 1091 1103 2591
f 2841 1125 1091
f 2591 1792 1091
f 1092 1093 1497
f 1723 1093 1092
f 1114 1094 1092
f 1092 1094 1909
f 1497 1114 1092
f 1909 1414 1092
f 1092 1414 2364
f 2364 1723 1092
f 1093 1115 1497
f 2076 1115 1093
f 1779 1689 1093
f 1093 1689 2594
f 1093 1723 1779
f 2594 2076 1093
f 1094 1114 1130
f 1094 1130 1461
f 1094 1461 1900
f 1094 1900 1909
f 1095 1096 1129
f 1129 1119 1095
f 1097 1107 1127
f 1097 1127 1612
f 1097 1612 2744
f 1097 2744 3103
f 1126 1120 1098
f 1099 1109 1128
f 1128 1110 1099
f 1099 1110 2369
f 1099 2369 2455
f 3007 1111 1100
f 1100 3005 3007
f 1137 1102 1101
f 1101 1116 1137
f 1132 1109 1102
f 1137 1132 1102
f 1103 1125 2686
f 2686 1129 1103
f 2990 1124 1104
f 1104 1124 3261
f 2149 1804 1104
f 1104 1804 2154
f 3261 2149 1104
f 1104 2154 2990
f 1135 1108 1105
f 1105 1122 1131
f 1105 1131 1135
f 1144 1113 1106
f 1106 1119 1140
f 1106 1140 1144
f 3071 1127 1107
f 1107 1151 3071
f 1135 1121 1108
f 1132 1128 1109
f 1110 1128 2058
f 2058 1944 1110
f 1110 1944 2369
f 1111 2433 2851
f 3007 2433 1111
f 1138 1122 1112
f 1159 1138 1112
f 1112 1142 1159
f 2858 1142 1112
f 1112 2429 2726
f 1112 2726 2858
f 1144 1134 1113
f 1113 1134 2420
f 1164 1130 1114
f 1182 1164 1114
f 1934 1182 1114
f 1114 1497 1644
f 1114 1644 1944
f 1944 1934 1114
f 1979 1497 1115
f 2078 1979 1115
f 1115 2076 2078
f 1141 1137 1116
f 2980 1141 1116
f 1117 1118 2622
f 3292 1118 1117
f 3256 1160 1117
f 1117 1160 3292
f 1117 2097 2430
f 2622 2097 1117
f 1117 2430 3256
f 3292 1123 1118
f 1118 2489 2622
f 3315 2489 1118
f 1119 1129 1145
f 1145 1140 1119
f 1120 1126 1154
f 1154 1133 1120
f 1150 1126 1121
f 1121 1135 1150
f 1149 1131 1122
f 1122 1138 1149
f 1123 1152 2980
f 3292 1152 1123
f 2990 1791 1124
f 1124 1791 3271
f 2553 2545 1124
f 1124 2545 3261
f 3271 2553 1124
f 1125 1136 2558
f 2841 1136 1125
f 1125 2558 2686
f 1126 1150 1170
f 1170 1154 1126
f 1127 1148 2965
f 3071 1148 1127
f 2965 1612 1127
f 1128 1132 1146
f 1128 1146 2703
f 2703 2058 1128
f 1156 1145 1129
f 2686 1156 1129
f 1130 1164 1223
f 1130 1223 1461
f 1153 1135 1131
f 1131 1149 1153
f 1132 1137 1158
f 1158 1146 1132
f 3330 1139 1133
f 1133 1154 3330
f 1144 1143 1134
f 1134 1143 2420
f 1153 1150 1135
f 1136 1139 3372
f 3372 2558 1136
f 1137 1141 1157
f 1137 1157 1158
f 1162 1149 1138
f 1138 1159 1162
f 1139 3330 3372
f 1155 1144 1140
f 1140 1145 1163
f 1163 1155 1140
f 1141 1152 2854
f 2980 1152 1141
f 2854 1157 1141
f 1142 1147 1165
f 2858 1147 1142
f 1165 1159 1142
f 1143 1144 1161
f 1161 1147 1143
f 1143 1147 2726
f 2726 2420 1143
f 1144 1155 1168
f 1168 1161 1144
f 1145 1156 1163
f 1146 1158 1175
f 1146 1175 1183
f 1146 1183 2703
f 1147 1161 1165
f 2858 2726 1147
f 1169 1166 1148
f 1148 1166 2105
f 2941 1169 1148
f 1148 2105 3048
f 3071 2941 1148
f 3048 2965 1148
f 1162 1153 1149
f 1150 1153 1170
f 1829 1195 1151
f 1151 1195 2941
f 1151 2941 3071
f 1152 1172 2854
f 3292 1172 1152
f 1153 1162 1167
f 1153 1167 1170
f 1154 1170 1190
f 1154 1190 1198
f 1154 1198 3330
f 1155 1163 1178
f 1178 1168 1155
f 1179 1163 1156
f 2558 1179 1156
f 2686 2558 1156
f 1171 1158 1157
f 2854 1171 1157
f 1158 1171 1175
f 1173 1162 1159
f 1159 1165 1173
f 3056 1176 1160
f 1160 1176 3204
f 3256 3056 1160
f 1160 3204 3292
f 1186 1165 1161
f 1161 1168 1177
f 1161 1177 1186
f 1173 1167 1162
f 1179 1178 1163
f 1182 1174 1164
f 1164 1174 2015
f 2015 1223 1164
f 1184 1173 1165
f 1186 1184 1165
f 1166 1169 1188
f 1188 1180 1166
f 1166 1180 2105
f 1190 1170 1167
f 1167 1173 1181
f 1167 1181 1190
f 1178 1177 1168
f 1416 1188 1169
f 2941 1416 1169
f 2811 1175 1171
f 1171 1191 2811
f 2938 1191 1171
f 1171 2854 2938
f 1172 1189 1191
f 3204 1189 1172
f 1172 1191 2938
f 2938 2854 1172
f 3292 3204 1172
f 1184 1181 1173
f 1174 1182 1187
f 1174 1187 2137
f 2137 2015 1174
f 2811 1183 1175
f 1176 1185 2957
f 3056 1185 1176
f 2957 1189 1176
f 1176 1189 3204
f 1177 1178 1192
f 1197 1186 1177
f 1177 1192 1197
f 1178 1179 1192
f 1193 1192 1179
f 3372 1193 1179
f 1179 2558 3372
f 1180 1185 2556
f 2957 1185 1180
f 1180 1188 1194
f 1180 1194 2957
f 2556 2105 1180
f 1181 1184 1196
f 1196 1190 1181
f 2008 1187 1182
f 1934 1579 1182
f 1182 1579 2008
f 1183 1579 1934
f 2004 1579 1183
f 1183 1934 2703
f 2811 2004 1183
f 1184 1186 1196
f 1185 1802 1967
f 3056 1802 1185
f 1185 1967 2556
f 1197 1196 1186
f 1187 1913 2137
f 2664 1913 1187
f 1187 2008 2664
f 2805 1194 1188
f 1188 1416 2805
f 1194 1191 1189
f 2957 1194 1189
f 1190 1196 1198
f 1191 1194 1199
f 1191 1199 2811
f 1192 1193 1197
f 1198 1197 1193
f 3330 1198 1193
f 3372 3330 1193
f 2805 1199 1194
f 1195 1200 2074
f 2618 1200 1195
f 1588 1416 1195
f 1195 1416 2941
f 2550 1588 1195
f 1195 1829 2618
f 1195 2074 2550
f 1196 1197 1198
f 2550 2004 1199
f 1199 2004 2811
f 2805 2550 1199
f 2008 1902 1200
f 1200 1902 2074
f 2664 2008 1200
f 1200 2618 2816
f 2816 2664 1200
f 1908 1569 1201
f 1201 1569 2091
f 1201 1796 1966
f 2091 1796 1201
f 2290 1908 1201
f 1966 1963 1201
f 1201 1963 2290
f 2159 1748 1203
f 1203 1748 2715
f 1203 2042 2836
f 2903 2042 1203
f 2270 2159 1203
f 2715 2167 1203
f 1203 2167 2903
f 1203 2255 2270
f 2836 2255 1203
f 1277 1205 1204
f 1204 1355 1945
f 1205 1216 1272
f 1277 1216 1205
f 1234 1225 1205
f 1375 1329 1206
f 1206 1329 1794
f 1206 1361 1375
f 1510 1361 1206
f 2741 1510 1206
f 1794 1529 1206
f 1206 1529 2741
f 1357 1292 1208
f 1208 1292 1989
f 1208 1356 1362
f 1989 1356 1208
f 1362 1357 1208
f 1209 1467 2170
f 2172 1467 1209
f 1824 1511 1209
f 1209 1511 2172
f 1209 1514 1914
f 2170 1514 1209
f 1209 1815 1824
f 1914 1815 1209
f 2475 2019 1210
f 1210 2019 2630
f 1661 1345 1211
f 1466 1259 1212
f 1212 1259 1708
f 1880 1466 1212
f 1708 1678 1212
f 1212 1813 1880
f 1213 1280 1349
f 3390 1280 1213
f 1213 1349 1418
f 1213 1418 2357
f 2357 1512 1213
f 1213 1512 3390
f 1214 1378 1922
f 1611 1524 1214
f 1669 1611 1214
f 1922 1669 1214
f 1683 1272 1216
f 1216 1277 1682
f 1609 1286 1216
f 1216 1286 1683
f 1785 1609 1216
f 1216 1682 1785
f 1217 1428 1459
f 1217 1459 1671
f 1217 1671 1843
f 1219 1267 1688
f 2499 1267 1219
f 1219 1536 1587
f 1985 1536 1219
f 1219 1587 2312
f 1219 1688 1985
f 1219 2312 2499
f 1507 1359 1220
f 1220 1359 1592
f 1220 1432 1507
f 1220 1592 1761
f 2113 1229 1221
f 1221 1252 1951
f 2376 1284 1222
f 1222 1284 2895
f 1222 1734 2449
f 2895 1734 1222
f 2449 1778 1222
f 1222 1778 2601
f 2601 2376 1222
f 2214 1461 1223
f 2015 1885 1223
f 1223 1885 2214
f 1226 1372 1711
f 1981 1372 1226
f 1226 1462 2179
f 2179 1981 1226
f 1812 1309 1227
f 1227 1309 1880
f 1813 1515 1227
f 1227 1515 2822
f 1227 1739 1812
f 2822 1739 1227
f 1880 1813 1227
f 1230 1323 1881
f 1904 1769 1230
f 1230 1769 1935
f 1230 1881 1904
f 3011 1233 1231
f 1231 2134 3011
f 2392 2014 1232
f 1233 1852 2432
f 3011 1852 1233
f 1233 2432 3016
f 1235 1602 1754
f 2697 1749 1235
f 1235 1754 3008
f 1235 2035 2697
f 3109 2035 1235
f 1235 3008 3109
f 1550 1264 1236
f 1236 1264 1990
f 1236 1347 1731
f 1827 1347 1236
f 1731 1550 1236
f 1990 1827 1236
f 2908 2199 1237
f 1237 2199 2963
f 1237 2202 2446
f 2963 2202 1237
f 1237 2446 2687
f 1237 2687 2908
f 1238 2459 3387
f 3387 3140 1238
f 1746 1268 1239
f 1239 1268 2552
f 1742 1271 1239
f 1618 1282 1240
f 3028 1618 1240
f 1240 1803 1857
f 2408 1803 1240
f 1240 1857 2191
f 2191 2018 1240
f 1240 2018 3028
f 2434 2408 1240
f 1241 2608 3021
f 3293 2608 1241
f 1241 3096 3345
f 3345 3293 1241
f 1242 1385 2013
f 1242 1408 1864
f 2013 1408 1242
f 1890 1297 1243
f 1243 1297 1952
f 1639 1554 1243
f 1243 1554 1770
f 1952 1639 1243
f 1243 1770 1890
f 2986 1257 1244
f 2381 1471 1244
f 1244 1471 2986
f 2710 2381 1244
f 3090 2710 1244
f 1486 1300 1245
f 1245 1300 1570
f 2461 1486 1245
f 1245 1570 2352
f 1245 2352 2461
f 2757 1340 1246
f 1246 1340 3072
f 1246 1788 2794
f 3072 1788 1246
f 1246 2575 2757
f 2794 2575 1246
f 1247 1430 1520
f 1986 1430 1247
f 1247 1520 1585
f 1247 1585 1808
f 1247 1808 1970
f 1247 1970 1986
f 1927 1429 1248
f 1248 1429 2890
f 1248 1432 1927
f 2231 1432 1248
f 1248 1438 2231
f 2890 1438 1248
f 1507 1432 1249
f 1249 1432 2231
f 1892 1507 1249
f 1890 1770 1249
f 1249 1770 1968
f 2231 1890 1249
f 1968 1892 1249
f 1484 1315 1250
f 1250 1315 1646
f 2425 1484 1250
f 1250 1646 2462
f 2462 2425 1250
f 1251 1469 2571
f 2968 1469 1251
f 1251 2448 2674
f 1251 2674 2968
f 1252 1666 1897
f 1252 1897 1951
f 1523 1324 1253
f 1253 1324 1808
f 1253 1468 1523
f 1718 1468 1253
f 1652 1476 1253
f 1253 1476 1718
f 1808 1652 1253
f 1254 1255 1980
f 1980 1442 1254
f 1254 1442 2798
f 2798 1903 1254
f 1254 1903 3214
f 1255 1412 1980
f 2905 1412 1255
f 1256 1465 3129
f 1257 1472 2861
f 2986 1472 1257
f 1257 2861 2877
f 1263 1260 1259
f 1259 1260 1641
f 1275 1263 1259
f 1466 1275 1259
f 1259 1641 1708
f 1260 1263 1343
f 1343 1330 1260
f 1260 1330 1728
f 1728 1641 1260
f 1261 1937 3270
f 3288 1937 1261
f 1261 2260 2761
f 2761 2694 1261
f 1261 2694 3288
f 1343 1263 1262
f 1262 1263 1356
f 1262 1356 1532
f 1532 1453 1262
f 1263 1275 1279
f 1263 1279 1362
f 1362 1356 1263
f 1550 1536 1264
f 1264 1536 1610
f 1264 1610 2001
f 1264 1621 1990
f 2001 1621 1264
f 1850 1294 1265
f 1266 1361 1510
f 1266 1510 2741
f 2741 1577 1266
f 1267 1271 1278
f 2499 1271 1267
f 1267 1278 1688
f 1684 1363 1268
f 1268 1363 2233
f 1268 1668 1684
f 1746 1668 1268
f 2368 2006 1268
f 1268 2006 2552
f 1268 2233 2368
f 1812 1739 1270
f 1270 1739 2162
f 1971 1812 1270
f 2468 1971 1270
f 1978 1278 1271
f 1742 1563 1271
f 1271 1563 1978
f 1568 1456 1273
f 1273 1554 1639
f 1955 1554 1273
f 1639 1568 1273
f 2003 1955 1273
f 1273 1973 2003
f 1274 1348 2046
f 1274 1418 1542
f 2357 1418 1274
f 1274 1542 1750
f 1274 2046 2357
f 1529 1279 1275
f 1275 1309 1319
f 1466 1309 1275
f 1275 1319 1529
f 1978 1562 1278
f 1278 1562 1985
f 1985 1688 1278
f 1279 1357 1362
f 1529 1357 1279
f 1803 1349 1280
f 2011 1803 1280
f 3390 2011 1280
f 1458 1457 1281
f 1282 1618 3287
f 3287 2207 1282
f 3300 2927 1283
f 1283 3237 3379
f 3379 3300 1283
f 2628 1853 1284
f 1284 1853 2895
f 2376 1893 1284
f 1284 1893 2768
f 1284 2056 2628
f 2768 2056 1284
f 1285 1404 1956
f 1285 1637 1912
f 1956 1637 1285
f 1285 1638 1658
f 1912 1638 1285
f 1286 1609 2649
f 2132 1683 1286
f 2547 2525 1287
f 1287 2525 2847
f 1578 1480 1288
f 1747 1521 1288
f 1288 1521 2495
f 2495 1578 1288
f 3331 2888 1289
f 3110 2916 1289
f 1289 2916 3266
f 1290 1667 1677
f 1789 1667 1290
f 1290 1677 1692
f 1290 1692 2590
f 3026 1789 1290
f 2590 1879 1290
f 1290 1879 3026
f 1447 1292 1291
f 1291 1292 1624
f 1624 1301 1291
f 1921 1447 1291
f 1292 1357 1674
f 1292 1447 1989
f 1674 1624 1292
f 1499 1398 1293
f 1509 1354 1294
f 1850 1509 1294
f 1731 1347 1295
f 1295 1347 1950
f 1295 1449 1546
f 1950 1449 1295
f 1296 2115 2832
f 3302 2115 1296
f 1296 2127 2619
f 2832 2127 1296
f 1297 1805 1966
f 2231 1805 1297
f 1297 1890 2231
f 1966 1952 1297
f 1298 1351 1856
f 1856 1381 1298
f 2079 1314 1299
f 1299 1395 1446
f 2315 1395 1299
f 1299 1446 2079
f 1974 1555 1299
f 1299 1555 2315
f 1523 1468 1300
f 1300 1468 1958
f 1300 1486 1950
f 1300 1500 1523
f 1950 1500 1300
f 1958 1570 1300
f 1301 1624 1663
f 1488 1427 1302
f 1302 1427 2047
f 1302 1449 1484
f 1546 1449 1302
f 1302 1484 1907
f 1907 1488 1302
f 1633 1546 1302
f 2047 1633 1302
f 1303 1525 1673
f 1970 1525 1303
f 1628 1593 1303
f 1673 1628 1303
f 1671 1598 1304
f 1304 1598 1982
f 1304 1628 1635
f 1982 1628 1304
f 1304 1635 1707
f 1707 1671 1304
f 1972 1399 1305
f 1305 1399 1995
f 1939 1642 1305
f 1305 1642 2110
f 1997 1939 1305
f 1996 1972 1305
f 1305 1995 1997
f 2110 1996 1305
f 1687 1680 1306
f 1306 1680 2874
f 3301 2101 1306
f 1306 2874 3301
f 2066 1379 1307
f 2073 2066 1307
f 2075 2073 1307
f 1308 1329 1375
f 1375 1361 1308
f 1547 1319 1309
f 1309 1466 1880
f 1812 1547 1309
f 1310 1630 2045
f 2505 1703 1310
f 1310 2045 2505
f 1311 1396 1954
f 1862 1605 1311
f 1311 1605 2012
f 2022 1862 1311
f 1311 1954 2022
f 1868 1366 1312
f 1312 1366 2062
f 2107 1868 1312
f 1312 2062 2784
f 2427 2107 1312
f 1989 1447 1313
f 1313 1447 2030
f 1988 1906 1313
f 1313 1906 1989
f 2030 1988 1313
f 1314 1428 1626
f 2079 1428 1314
f 1314 1626 1638
f 1315 1484 1486
f 1315 1486 2461
f 2461 1646 1315
f 1316 1586 2057
f 2830 1586 1316
f 2057 1694 1316
f 1316 1694 2443
f 1316 2443 2796
f 1316 2796 2830
f 2817 1566 1317
f 2646 1886 1317
f 1317 1886 2817
f 1317 2641 2646
f 1318 1352 1526
f 3032 1352 1318
f 1318 1625 3060
f 3060 3032 1318
f 1319 1481 1529
f 1547 1481 1319
f 1321 1367 1642
f 2939 1367 1321
f 1642 1471 1321
f 1321 1471 3352
f 1321 2608 2939
f 3352 2608 1321
f 1324 1523 2016
f 1324 1525 1970
f 2016 1525 1324
f 1970 1808 1324
f 1828 1553 1325
f 1325 1553 2871
f 1855 1828 1325
f 2438 1855 1325
f 1325 2085 2438
f 2871 2085 1325
f 2118 1732 1326
f 1326 1732 2124
f 2504 1766 1327
f 1327 2119 2504
f 3010 2119 1327
f 1328 1452 2050
f 2468 1452 1328
f 1328 1481 2051
f 2741 1481 1328
f 2050 1577 1328
f 1328 1577 2741
f 1328 2051 2468
f 1329 1663 1674
f 1329 1674 1794
f 1330 1407 1728
f 1974 1334 1331
f 1331 1334 3118
f 1331 1555 1974
f 3118 1555 1331
f 1332 1648 1925
f 2068 1648 1332
f 1925 1865 1332
f 1332 1865 2034
f 2034 1949 1332
f 1332 1949 2235
f 2235 2068 1332
f 1333 1760 1894
f 2267 1760 1333
f 2280 1869 1333
f 1333 1869 2850
f 1333 1894 2280
f 2850 2267 1333
f 2452 1766 1334
f 1334 1766 2504
f 1334 1974 2452
f 1334 2504 2870
f 1334 2870 3118
f 2036 1448 1335
f 1335 1448 2315
f 1335 1555 2135
f 2315 1555 1335
f 1335 1736 2093
f 2135 1736 1335
f 2093 2036 1335
f 2059 1549 1336
f 1336 1549 2130
f 1336 1816 2029
f 2176 1816 1336
f 1336 2029 2059
f 1336 2130 2176
f 1337 2373 2400
f 2586 2373 1337
f 1337 2400 3294
f 1982 1501 1338
f 1338 1501 1987
f 1338 1593 1628
f 1338 1628 1982
f 1338 1987 2613
f 1339 1773 3014
f 3042 1773 1339
f 1340 1825 2817
f 3388 1825 1340
f 1340 2757 3388
f 1340 2817 3072
f 1342 1727 2844
f 2950 1727 1342
f 1342 2375 2950
f 3103 2375 1342
f 1455 1350 1346
f 1827 1505 1347
f 1347 1505 1950
f 1348 1368 2046
f 1803 1705 1349
f 1349 1705 2054
f 1957 1856 1351
f 2517 1957 1351
f 3032 2743 1352
f 2362 1601 1353
f 1353 1703 2505
f 2505 2362 1353
f 1356 1380 1532
f 1989 1380 1356
f 1357 1529 1794
f 1794 1674 1357
f 1358 1457 1458
f 1607 1426 1359
f 1359 1507 1892
f 2516 1607 1359
f 1359 1892 2516
f 2251 1649 1360
f 1360 1649 2769
f 1360 2221 2251
f 3290 2221 1360
f 1360 2769 3290
f 1363 1511 2067
f 2172 1511 1363
f 1363 1684 2172
f 1363 2067 2519
f 2519 2233 1363
f 2192 1627 1364
f 1364 1627 2360
f 1364 1832 2192
f 2445 1832 1364
f 1364 2360 2445
f 1365 1374 1381
f 1887 1374 1365
f 1365 1381 1856
f 1365 1856 2677
f 2677 1887 1365
f 2026 1581 1366
f 1366 1581 2062
f 1366 1868 2026
f 2110 1642 1367
f 1367 1757 2379
f 2939 1757 1367
f 2379 2110 1367
f 1912 1637 1368
f 1368 1637 2046
f 1369 1370 2685
f 3166 1370 1369
f 3039 2985 1369
f 1369 2985 3166
f 1849 1847 1370
f 1370 1847 3321
f 2196 1849 1370
f 3166 2196 1370
f 3321 2685 1370
f 2044 1842 1371
f 1371 1842 2562
f 2509 2044 1371
f 1371 2182 2509
f 2562 2182 1371
f 2506 1711 1372
f 1372 1981 2398
f 2398 2148 1372
f 1372 2148 2506
f 2809 1656 1373
f 1887 1560 1374
f 1374 1560 2913
f 2913 2635 1374
f 1376 1856 1957
f 2677 1856 1376
f 2683 2677 1376
f 1822 1532 1380
f 1380 1551 1822
f 1989 1551 1380
f 1382 2125 2966
f 3095 2125 1382
f 1383 1388 2166
f 2951 1388 1383
f 1383 2166 2486
f 2486 2198 1383
f 1383 2198 3284
f 3284 2951 1383
f 1384 1917 2166
f 1384 2013 2038
f 1386 1387 2202
f 2912 1387 1386
f 2963 2125 1386
f 1386 2125 3095
f 1386 2202 2963
f 3095 2912 1386
f 2912 1917 1387
f 2447 2202 1387
f 1390 1860 1875
f 1390 1875 2109
f 1390 2109 2959
f 2959 2465 1390
f 1783 1752 1391
f 1391 1752 1931
f 1846 1783 1391
f 2002 1735 1392
f 1392 1735 2093
f 2111 1936 1392
f 2093 1977 1392
f 1392 1977 2496
f 2496 2111 1392
f 1860 1858 1393
f 1875 1860 1393
f 2705 1875 1393
f 1393 2204 2705
f 2777 2204 1393
f 1394 2157 2501
f 2701 2157 1394
f 2501 2204 1394
f 1394 2204 2777
f 1394 2612 2701
f 2777 2612 1394
f 2406 1446 1395
f 2315 1737 1395
f 1395 1737 2406
f 1706 1664 1396
f 1397 1650 1764
f 2292 1650 1397
f 1397 1764 2195
f 1397 2195 2882
f 2922 2292 1397
f 1397 2882 2936
f 2936 2922 1397
f 1400 1538 2389
f 2636 1538 1400
f 1400 2389 2819
f 1400 2390 2636
f 2819 2390 1400
f 2534 2322 1401
f 1401 2322 2537
f 3295 2534 1401
f 1402 1873 2781
f 2959 1873 1402
f 1402 2063 2465
f 2995 2063 1402
f 1402 2465 2959
f 1402 2781 2995
f 1667 1561 1403
f 1403 1561 2436
f 1403 1665 1667
f 2131 1665 1403
f 2436 2131 1403
f 1404 1713 1956
f 2244 1713 1404
f 1405 1443 2648
f 3354 1443 1405
f 1405 2648 2713
f 1405 2713 2732
f 1405 2732 3354
f 2457 1450 1406
f 1406 1450 2565
f 2565 1992 1406
f 1406 1992 2637
f 2460 2457 1406
f 2637 2460 1406
f 2460 1864 1408
f 2564 2460 1408
f 2626 2564 1408
f 2226 2219 1409
f 1409 2219 2641
f 1882 1657 1410
f 1410 1657 2794
f 1788 1720 1410
f 2794 1788 1410
f 1953 1882 1410
f 1411 1888 2773
f 2930 1888 1411
f 1411 2080 2930
f 3284 2080 1411
f 1411 2951 3284
f 2610 1783 1412
f 1959 1948 1412
f 1412 1948 2610
f 2905 1959 1412
f 1649 1616 1413
f 1413 1616 2997
f 2769 1649 1413
f 1413 2712 2769
f 2893 2712 1413
f 2997 2893 1413
f 1414 1463 2071
f 2140 1463 1414
f 1414 1909 2772
f 1414 2071 2364
f 2772 2140 1414
f 1415 1888 2527
f 2773 1888 1415
f 2527 2463 1415
f 1415 2463 2842
f 1416 1588 2805
f 2972 1483 1419
f 1419 1539 2528
f 2928 1539 1419
f 1419 2528 2972
f 2238 1436 1420
f 1420 1436 2437
f 2437 1886 1420
f 1420 1886 2646
f 2646 2641 1420
f 1720 1646 1421
f 1421 1646 2461
f 2675 1851 1421
f 2461 2352 1421
f 1421 2352 2675
f 1962 1659 1422
f 1422 1659 2055
f 2530 1962 1422
f 1423 1425 1840
f 1423 1840 2652
f 2652 2616 1423
f 1424 1452 2468
f 2679 1452 1424
f 2569 2374 1424
f 1424 2374 2679
f 1493 1492 1425
f 1425 1492 1840
f 1426 1607 1645
f 1426 1645 1651
f 1426 1651 1855
f 2079 1459 1428
f 2450 1853 1429
f 1429 1927 2450
f 1429 2862 3113
f 3113 2890 1429
f 1968 1520 1430
f 1430 1606 1892
f 1986 1606 1430
f 1430 1892 1968
f 1432 1715 1927
f 3265 2588 1433
f 2981 2740 1433
f 1433 2740 3052
f 2630 2579 1434
f 1436 1485 2237
f 2238 1485 1436
f 2237 2229 1436
f 1436 2229 2437
f 1437 1567 1636
f 2849 1567 1437
f 1437 1636 1879
f 1437 1879 2590
f 1437 2590 2849
f 1438 1805 2231
f 2363 1805 1438
f 1438 1930 1965
f 2890 1930 1438
f 1438 1965 2363
f 1439 1896 2269
f 2724 1896 1439
f 1439 2065 2724
f 3078 2065 1439
f 1439 2269 2833
f 3084 3078 1439
f 1440 1876 3020
f 3085 1876 1440
f 2859 2065 1440
f 1440 2065 3078
f 3078 2210 1440
f 1440 2210 3085
f 3020 2859 1440
f 2017 1460 1442
f 1442 1460 2798
f 1442 1488 1907
f 1442 1907 2017
f 1443 1496 1710
f 3354 1496 1443
f 1443 1710 2648
f 1445 1728 2239
f 2444 1728 1445
f 1445 2239 2466
f 1446 1690 2079
f 2406 1690 1446
f 1448 1735 1949
f 2036 1735 1448
f 1865 1737 1448
f 1448 1737 2315
f 2034 1865 1448
f 1448 1949 2034
f 1489 1484 1449
f 1950 1489 1449
f 1450 1474 2565
f 1451 1901 2865
f 3335 1901 1451
f 2269 2126 1451
f 1451 2126 3335
f 2833 2269 1451
f 2865 2833 1451
f 2679 2230 1452
f 1454 1695 1775
f 2695 1695 1454
f 1454 1775 2241
f 2241 1992 1454
f 1454 1992 3149
f 3280 2695 1454
f 1454 3149 3280
f 1459 1598 1671
f 1690 1598 1459
f 2079 1690 1459
f 2024 1482 1460
f 1460 1482 2785
f 1460 2017 2024
f 1460 2785 2798
f 1960 1900 1461
f 2214 1960 1461
f 1811 1690 1463
f 1463 1690 2406
f 2140 1811 1463
f 1463 1834 2071
f 2406 1834 1463
f 2191 1504 1464
f 1464 1504 2927
f 1464 1681 2191
f 3300 1681 1464
f 1464 2927 3300
f 2227 2208 1465
f 1465 2208 3129
f 2172 1684 1467
f 1467 1684 2789
f 2227 2170 1467
f 2767 2227 1467
f 2789 2767 1467
f 2788 2571 1469
f 3130 2788 1469
f 1470 1549 2060
f 2130 1549 1470
f 2049 1665 1470
f 1470 1665 2130
f 1471 1642 2986
f 1471 2381 3021
f 1471 3021 3352
f 1642 1557 1472
f 1472 1557 2091
f 2091 1569 1472
f 1472 1569 2861
f 2986 1642 1472
f 1473 1474 1817
f 2766 1474 1473
f 1473 1817 2513
f 2761 2260 1473
f 1473 2260 2766
f 2513 1817 1475
f 1475 2464 2568
f 2907 2464 1475
f 2866 2513 1475
f 1652 1622 1476
f 1476 1622 1955
f 1955 1745 1476
f 1477 1867 2693
f 2693 1896 1477
f 1477 1896 2793
f 2793 2721 1477
f 1477 2721 2898
f 1478 1509 2998
f 3058 1509 1478
f 1478 2042 2903
f 2998 2042 1478
f 2903 2167 1478
f 1478 2167 3058
f 2530 1818 1479
f 1479 1962 2530
f 2649 1962 1479
f 2741 1529 1481
f 1481 1547 1971
f 1481 1971 2051
f 2043 1924 1482
f 1482 1924 2855
f 1482 2024 2043
f 2855 2785 1482
f 1822 1551 1483
f 2972 1822 1483
f 1489 1486 1484
f 2425 1907 1484
f 2043 2024 1485
f 1485 2024 2252
f 2472 2043 1485
f 2252 2237 1485
f 1485 2238 2256
f 1485 2256 2472
f 1486 1489 1950
f 1487 1521 2319
f 2495 1521 1487
f 2319 1575 1487
f 1487 1575 2495
f 2856 1915 1490
f 1490 1933 2040
f 1490 2040 2917
f 2917 2856 1490
f 1492 1493 2954
f 2690 1840 1492
f 1492 2654 2690
f 2954 2654 1492
f 2259 1943 1495
f 1495 1943 3291
f 3291 3260 1495
f 3290 1710 1496
f 1496 2961 3102
f 3354 2961 1496
f 1496 3102 3290
f 1741 1644 1497
f 1979 1741 1497
f 2581 2120 1498
f 1498 2120 2632
f 2877 2581 1498
f 1499 1795 1799
f 1500 1505 1523
f 1950 1505 1500
f 1501 1598 1811
f 1982 1598 1501
f 1501 1811 2021
f 1501 1833 1987
f 2021 1833 1501
f 2599 1752 1502
f 1502 1752 2610
f 3075 2599 1502
f 1502 2610 3376
f 1502 2813 3075
f 3376 2813 1502
f 1857 1541 1504
f 1504 1541 2964
f 2191 1857 1504
f 1504 2806 2927
f 2964 2806 1504
f 2016 1523 1505
f 1505 1827 2751
f 2751 2016 1505
f 3375 3253 1506
f 1506 3253 3378
f 3385 3375 1506
f 1508 1740 2377
f 1824 1650 1511
f 1511 1650 2292
f 2292 2067 1511
f 1978 1589 1512
f 1512 1589 3390
f 2357 1978 1512
f 1514 1701 2372
f 3069 1701 1514
f 2195 1914 1514
f 1514 2170 3069
f 2372 2195 1514
f 1515 1813 2027
f 2358 1869 1515
f 1515 1869 2822
f 1515 2027 2358
f 1516 2061 2480
f 1517 2471 2765
f 1787 1528 1519
f 1520 1554 1622
f 1968 1554 1520
f 1622 1585 1520
f 1521 1704 1716
f 1521 1716 2319
f 1524 1611 1976
f 1524 1976 2804
f 2804 1998 1524
f 2751 1673 1525
f 1525 2016 2751
f 1636 1567 1526
f 1526 1567 2849
f 2812 1574 1527
f 1527 1574 2896
f 2801 1767 1527
f 1527 1767 2812
f 1527 2750 2801
f 2896 2750 1527
f 2448 1552 1530
f 1530 1552 2742
f 2674 2448 1530
f 2875 2662 1530
f 1530 2662 2933
f 2933 2674 1530
f 1530 2742 2875
f 1535 1836 2620
f 1904 1881 1535
f 1535 1881 2476
f 2620 1904 1535
f 1536 1550 1587
f 1985 1610 1536
f 1537 1668 2723
f 2775 1668 1537
f 2723 2599 1537
f 1538 2388 2389
f 2722 2245 1539
f 1539 2245 3087
f 3087 2528 1539
f 2733 2722 1539
f 2928 2733 1539
f 1541 1857 2011
f 1541 2011 2243
f 1541 2243 2837
f 1541 2837 2901
f 1541 2901 2964
f 2549 1750 1542
f 1543 1552 2448
f 2945 1552 1543
f 1543 1574 2843
f 2915 1574 1543
f 1543 2448 2756
f 1543 2756 2915
f 1543 2843 2945
f 2415 1830 1544
f 1544 1830 2977
f 2863 1937 1544
f 1544 1937 3288
f 2977 2863 1544
f 3288 2991 1544
f 1545 1553 1573
f 2799 1553 1545
f 1545 1573 2028
f 1545 2028 3086
f 1545 2776 2799
f 3086 2776 1545
f 1547 1812 1971
f 2305 2208 1548
f 1548 2208 2698
f 3259 2305 1548
f 1548 2698 3202
f 1548 3202 3259
f 1549 2059 2139
f 2139 2060 1549
f 1633 1587 1550
f 1989 1906 1551
f 1828 1573 1553
f 1553 2799 2871
f 1955 1622 1554
f 1968 1770 1554
f 3118 2135 1555
f 1556 2010 2177
f 2255 2010 1556
f 1556 2177 2722
f 2270 2255 1556
f 2860 2270 1556
f 1556 2722 2860
f 1557 1642 1939
f 2039 1796 1557
f 1557 1796 2091
f 1558 2010 3206
f 1559 1621 1632
f 1990 1621 1559
f 1559 1632 1713
f 1713 1640 1559
f 1559 1640 1990
f 1560 1887 2663
f 2663 2409 1560
f 1560 2409 3174
f 3174 2913 1560
f 1561 1667 1816
f 1561 1816 2436
f 1562 1614 2000
f 2357 1614 1562
f 1562 1978 2357
f 2000 1985 1562
f 1563 1589 1978
f 3390 1589 1563
f 1563 1742 1845
f 1563 1845 3390
f 1667 1665 1565
f 1565 1665 1868
f 1677 1667 1565
f 1565 1868 2107
f 1565 2107 3139
f 3139 2517 1565
f 1566 1825 1883
f 2817 1825 1566
f 1566 1883 2099
f 1568 1639 1952
f 1569 1908 2100
f 1569 2100 2581
f 1569 2581 2861
f 1571 1833 2021
f 3303 1833 1571
f 1571 2021 2140
f 1571 2140 2772
f 1571 2772 3219
f 1571 3219 3340
f 3340 3303 1571
f 2319 1578 1572
f 1572 1578 2495
f 1572 1584 2323
f 2490 1584 1572
f 2323 2319 1572
f 2495 2490 1572
f 1828 1651 1573
f 2070 2028 1573
f 1574 2812 2843
f 2915 2896 1574
f 2323 1583 1575
f 1575 1583 2490
f 1575 2319 2323
f 1575 2490 2495
f 1578 1716 1916
f 2319 1716 1578
f 1579 1902 2008
f 2550 1902 1579
f 1579 2004 2550
f 1581 2026 2353
f 3019 2062 1581
f 1581 2353 2830
f 1581 2830 3019
f 1582 1793 2072
f 1582 2072 2672
f 1826 1820 1583
f 1583 1820 2490
f 2025 1826 1583
f 2323 2025 1583
f 1584 1820 2169
f 2490 1820 1584
f 2169 2025 1584
f 1584 2025 2323
f 1585 1622 1652
f 1585 1652 1808
f 1586 1595 2057
f 2353 1595 1586
f 2830 2353 1586
f 1588 2550 2805
f 2443 1693 1590
f 2796 2443 1590
f 1590 2737 2796
f 2252 1654 1591
f 1591 1654 2425
f 1591 1884 2237
f 2462 1884 1591
f 1591 2237 2252
f 1591 2425 2462
f 2467 1643 1594
f 1594 1643 2803
f 2555 1715 1594
f 1594 2012 2467
f 1594 2449 2555
f 2803 2449 1594
f 1595 1670 2057
f 2353 1994 1595
f 1596 2322 3200
f 1598 1690 1811
f 1768 1679 1599
f 1599 1679 2064
f 1599 1738 1768
f 2064 2048 1599
f 2362 1630 1601
f 1645 1607 1603
f 1603 1607 2516
f 1603 1629 1645
f 1986 1629 1603
f 2516 1986 1603
f 1605 1862 2584
f 2467 2012 1605
f 1605 2150 2313
f 2584 2150 1605
f 1605 2313 2660
f 2660 2467 1605
f 2516 1892 1606
f 1606 1986 2516
f 1608 1745 2003
f 1609 1659 1962
f 2117 1659 1609
f 1609 1785 2117
f 1609 1962 2649
f 1610 1985 2001
f 1611 1669 2531
f 2531 1840 1611
f 1611 1840 2690
f 2220 1976 1611
f 2690 2220 1611
f 2656 1806 1612
f 1612 1806 2744
f 2965 2656 1612
f 3062 2583 1613
f 3123 2609 1613
f 1613 2609 3132
f 3132 3062 1613
f 1614 1615 2001
f 2046 1615 1614
f 2001 2000 1614
f 2357 2046 1614
f 1637 1632 1615
f 1615 1632 2001
f 2046 1637 1615
f 1616 1649 2251
f 1616 2251 2799
f 2799 2776 1616
f 1616 2776 2997
f 1617 1855 2327
f 1617 2327 2397
f 1618 2880 3296
f 3382 2880 1618
f 3296 3287 1618
f 2652 2531 1619
f 1619 2616 2652
f 2361 1692 1620
f 1620 1692 2670
f 2670 2020 1620
f 2848 2361 1620
f 2001 1632 1621
f 1674 1663 1624
f 1625 2989 3060
f 1658 1638 1626
f 2044 1631 1627
f 1627 1631 2360
f 1627 1842 2044
f 2192 1842 1627
f 1673 1635 1628
f 1986 1970 1629
f 1630 1631 2045
f 2362 1631 1630
f 1631 2044 2045
f 2362 2360 1631
f 1632 1637 1956
f 1956 1713 1632
f 2443 1694 1634
f 1634 1694 3138
f 2835 2443 1634
f 1635 1673 1707
f 2668 1879 1636
f 1640 1672 2751
f 1640 1827 1990
f 2751 1827 1640
f 1641 1728 2444
f 2735 1778 1643
f 1643 1778 2803
f 2467 2115 1643
f 1643 2115 2735
f 1644 1741 1759
f 1644 1759 2369
f 2369 1944 1644
f 1660 1651 1645
f 1646 1720 2462
f 2893 2183 1647
f 1647 2183 3172
f 3036 2893 1647
f 1647 3172 3340
f 1648 1779 1814
f 2069 1779 1648
f 1648 1814 1925
f 2068 1920 1648
f 1648 1920 2069
f 2171 1764 1650
f 1650 1824 2171
f 1651 1828 1855
f 2397 2327 1653
f 1653 2327 2688
f 2953 2397 1653
f 1653 2691 2953
f 2017 1907 1654
f 1654 1907 2425
f 2024 2017 1654
f 2252 2024 1654
f 1655 1999 2745
f 1656 2529 2867
f 3282 2529 1656
f 1656 2809 3282
f 1882 1866 1657
f 1657 1866 2932
f 1657 2144 2575
f 2932 2144 1657
f 1657 2575 2794
f 2117 1685 1659
f 1659 1685 2377
f 1659 1740 2055
f 2377 1740 1659
f 1664 1706 2502
f 2049 1868 1665
f 2131 2130 1665
f 1898 1897 1666
f 2088 1898 1666
f 1667 1789 1816
f 2775 1684 1668
f 1668 1746 2723
f 3138 2057 1670
f 1707 1672 1671
f 1671 1672 1843
f 1707 1673 1672
f 1672 1673 2751
f 1675 1938 2371
f 2546 1938 1675
f 2371 2037 1675
f 1675 2037 2633
f 2633 2546 1675
f 2095 2052 1676
f 1676 2052 3055
f 2689 2095 1676
f 2395 1692 1677
f 1678 1708 2554
f 1680 1687 3043
f 2563 2023 1680
f 1680 2023 2731
f 3043 2563 1680
f 1680 2731 2874
f 1799 1795 1681
f 1681 1795 2247
f 3300 1799 1681
f 1681 2018 2191
f 2247 2018 1681
f 1684 2775 2789
f 1685 2117 3158
f 3282 2809 1686
f 1686 3125 3282
f 3327 3043 1687
f 1689 1779 2069
f 1689 2066 2594
f 1692 2361 2590
f 1692 2395 2670
f 1693 2443 2835
f 1694 2057 3138
f 2243 1845 1696
f 2837 2243 1696
f 2929 2786 1696
f 1696 2786 3186
f 3186 2837 1696
f 2720 1767 1697
f 1697 1767 2801
f 1697 2199 2908
f 3387 2199 1697
f 2908 2720 1697
f 1697 2801 2886
f 1697 2886 3387
f 1768 1738 1698
f 2201 1768 1698
f 1698 1920 2068
f 2069 1920 1698
f 1698 2068 2201
f 1699 1709 2818
f 1699 2818 3324
f 3324 2925 1699
f 1700 1844 3049
f 3155 1844 1700
f 3049 2878 1700
f 1700 2878 3063
f 1700 3063 3144
f 1700 3144 3155
f 1701 1797 2372
f 3187 1797 1701
f 1702 1722 3022
f 3022 2921 1702
f 1705 1803 2408
f 2592 2054 1705
f 1705 2408 2592
f 2645 2387 1709
f 3114 2648 1710
f 3290 3114 1710
f 2506 1848 1711
f 1712 1714 2523
f 1712 2523 3333
f 3333 2524 1712
f 2621 2523 1714
f 2800 2621 1714
f 1715 1734 2450
f 2555 1734 1715
f 2450 1927 1715
f 2072 1793 1719
f 1719 1793 2488
f 2488 2020 1719
f 1719 2020 2670
f 2098 2072 1719
f 2549 2098 1719
f 2605 2549 1719
f 2670 2605 1719
f 1720 1788 2462
f 1721 2393 3272
f 3281 2393 1721
f 1722 2218 2918
f 1814 1779 1723
f 2071 1814 1723
f 2364 2071 1723
f 1725 2218 2625
f 2918 2218 1725
f 2473 2404 1725
f 1725 2404 2918
f 3203 2473 1725
f 2625 2597 1725
f 1725 2597 3203
f 1726 2106 2829
f 3112 2106 1726
f 2624 2535 1726
f 2829 2624 1726
f 2829 2106 1727
f 1727 2106 3141
f 1727 2108 2844
f 3141 2108 1727
f 2950 2829 1727
f 2696 2112 1729
f 2400 2215 1729
f 1729 2215 2696
f 3294 2400 1729
f 1730 1773 2114
f 3014 1773 1730
f 1730 2114 2797
f 1730 2413 2572
f 2797 2413 1730
f 2572 2489 1730
f 1730 2489 3014
f 1732 2118 2999
f 2892 2510 1732
f 2999 2892 1732
f 2892 2116 1733
f 1733 2116 3079
f 1733 2163 2892
f 3079 2834 1733
f 1734 1853 2450
f 2895 1853 1734
f 2555 2449 1734
f 3117 1949 1735
f 1735 2002 3117
f 1735 2036 2093
f 1736 1977 2093
f 1736 2135 2391
f 1737 1865 2406
f 2280 2162 1739
f 2822 2280 1739
f 3007 1759 1741
f 1741 1979 2433
f 1741 2433 3007
f 2366 1756 1743
f 1743 1756 2956
f 1743 2206 2872
f 2956 2206 1743
f 2367 2366 1743
f 2872 2367 1743
f 1744 1801 2311
f 2902 1801 1744
f 1744 2311 2827
f 1744 2634 2673
f 2827 2634 1744
f 1744 2673 2902
f 1745 1955 2003
f 1931 1752 1746
f 1746 1752 2723
f 1877 1871 1749
f 1749 1871 2102
f 3003 1757 1751
f 1751 1757 3004
f 3004 1784 1751
f 1751 1784 3024
f 3024 3003 1751
f 1752 1783 2610
f 1752 2599 2723
f 1754 1784 3008
f 3024 1784 1754
f 1755 1756 2455
f 2956 1756 1755
f 2369 1759 1755
f 1755 1759 3007
f 2455 2369 1755
f 3005 2956 1755
f 3007 3005 1755
f 1756 2366 2455
f 1757 2939 3006
f 3006 3004 1757
f 1758 2128 2869
f 3314 2128 1758
f 2595 2382 1758
f 1758 2382 3314
f 2881 2595 1758
f 2709 1894 1760
f 2267 2100 1760
f 1760 2100 2483
f 1760 2483 2709
f 1762 2452 2635
f 2828 2452 1762
f 1762 2635 2913
f 1762 2913 3174
f 1764 2171 2195
f 1765 1906 1988
f 1765 1988 2147
f 1766 2452 2828
f 2201 2121 1768
f 1769 1904 1905
f 1772 2053 3093
f 3180 2053 1772
f 1772 2385 2920
f 3093 2385 1772
f 2920 2807 1772
f 1772 2807 3180
f 2512 2114 1773
f 3042 2512 1773
f 2416 2133 1774
f 1774 2133 2658
f 1774 2311 2840
f 2996 2311 1774
f 2840 2416 1774
f 3033 1809 1776
f 1776 1809 3301
f 1776 2136 2815
f 3367 2136 1776
f 2815 2310 1776
f 1776 2310 3033
f 1776 3301 3367
f 1987 1833 1777
f 1777 1833 3303
f 3116 1987 1777
f 1777 3086 3116
f 3172 3086 1777
f 3303 3172 1777
f 1778 2449 2803
f 1778 2511 2601
f 2978 2511 1778
f 1778 2735 2978
f 1782 1924 2577
f 2578 1924 1782
f 2577 2019 1782
f 1782 2019 2578
f 1784 3004 3023
f 3023 3008 1784
f 2454 2037 1786
f 1786 2037 2585
f 1786 2149 3261
f 1786 2175 2454
f 3261 2175 1786
f 1788 1884 2462
f 2638 1884 1788
f 1788 2229 2638
f 3072 2229 1788
f 2029 1816 1789
f 3026 2029 1789
f 1790 2422 3050
f 3100 2422 1790
f 2780 2544 1790
f 1790 2544 3277
f 1790 2545 3100
f 3277 2545 1790
f 3050 2780 1790
f 3389 2962 1791
f 1791 2990 3389
f 1792 2591 3046
f 3002 2488 1793
f 2039 1966 1796
f 3187 2359 1797
f 1797 2359 3193
f 3164 2372 1797
f 3365 3164 1797
f 1797 3193 3365
f 2014 1854 1798
f 1798 1854 2052
f 1798 2052 2095
f 3300 3133 1799
f 2430 2097 1801
f 1801 2097 2840
f 2840 2311 1801
f 2902 2430 1801
f 2902 1967 1802
f 1802 2430 2902
f 3256 2430 1802
f 1802 3056 3256
f 2011 1857 1803
f 1804 2149 2700
f 1804 2153 2845
f 2845 2154 1804
f 2363 1966 1805
f 1806 1807 2604
f 2656 1807 1806
f 2428 2153 1807
f 1807 2153 2604
f 2778 2428 1807
f 1807 2656 2778
f 3033 1829 1809
f 1809 2101 3301
f 1810 1964 2678
f 3047 1964 1810
f 1810 2116 3047
f 3079 2116 1810
f 2678 2393 1810
f 1810 2393 3281
f 3281 3079 1810
f 2140 2021 1811
f 2071 1925 1814
f 1815 1819 1823
f 2160 1819 1815
f 1815 1823 1824
f 1815 1914 2160
f 1816 2176 2436
f 1819 1820 1826
f 2169 1820 1819
f 1826 1823 1819
f 1819 2160 2168
f 1819 2168 2169
f 1821 2695 2753
f 1821 2753 3077
f 2173 1824 1823
f 1823 1826 2174
f 2174 2173 1823
f 2173 2171 1824
f 3388 1883 1825
f 1826 2025 2174
f 3033 2618 1829
f 1830 2415 2933
f 1830 2431 2706
f 2875 2431 1830
f 1830 2662 2875
f 2933 2662 1830
f 1830 2706 2977
f 2052 1854 1831
f 3054 2052 1831
f 1832 2180 2561
f 2562 2180 1832
f 2445 2182 1832
f 1832 2182 2562
f 1832 2187 2192
f 2561 2187 1832
f 1834 1925 2071
f 2406 1925 1834
f 1835 2130 2131
f 2442 2130 1835
f 1835 2131 2189
f 2189 2187 1835
f 1835 2187 2561
f 2561 2442 1835
f 2651 2620 1836
f 1842 1841 1837
f 1837 1841 2189
f 2562 1842 1837
f 2189 2180 1837
f 1837 2180 2562
f 2943 2355 1838
f 2810 2665 1838
f 1838 2665 2899
f 2987 2810 1838
f 1838 2899 2943
f 2627 1911 1839
f 1840 2531 2652
f 1841 1842 2192
f 1841 2187 2189
f 2192 2187 1841
f 2087 2086 1844
f 1844 2086 3049
f 2595 2087 1844
f 3155 2595 1844
f 1845 2243 3390
f 1847 1849 2134
f 1847 1899 2200
f 1847 2200 3321
f 2506 2487 1848
f 1848 2487 2985
f 2196 1975 1849
f 1849 1975 3011
f 3011 2134 1849
f 1852 1975 2506
f 3011 1975 1852
f 1852 2148 2432
f 2506 2148 1852
f 1854 2014 2392
f 2438 2327 1855
f 1858 1860 2164
f 1858 2164 2198
f 2886 2750 1859
f 1859 2750 2896
f 3387 2886 1859
f 1859 3140 3387
f 3052 1874 1861
f 1861 1874 3061
f 1861 2204 2501
f 3061 2204 1861
f 1861 2501 3243
f 1861 2655 3052
f 3243 2655 1861
f 1862 2022 2367
f 1862 2367 2584
f 3030 2035 1863
f 1863 2035 3109
f 3109 2494 1863
f 1863 2771 3030
f 3064 2771 1863
f 2582 2216 1864
f 1864 2460 2582
f 1865 1925 2406
f 1866 1871 1877
f 1953 1871 1866
f 1866 1882 1953
f 1866 2212 2932
f 2250 2126 1867
f 1867 2126 2693
f 2049 2026 1868
f 1869 2280 2822
f 1869 2358 2850
f 2212 1918 1870
f 1870 1918 3064
f 1870 2145 2212
f 1873 2109 2205
f 2959 2109 1873
f 1873 2205 2764
f 2764 2752 1873
f 1873 2752 2781
f 1874 2740 2787
f 3052 2740 1874
f 1874 2752 2764
f 2787 2752 1874
f 1874 2764 3083
f 3083 3061 1874
f 2205 2109 1875
f 2705 2205 1875
f 3085 2701 1876
f 1876 2885 3020
f 3275 2885 1876
f 1878 2077 2266
f 2976 2077 1878
f 1878 2266 3391
f 2621 2600 1878
f 1878 2600 2952
f 3391 2621 1878
f 1878 2952 2976
f 1879 2668 3026
f 3143 2099 1883
f 3388 3143 1883
f 2638 2237 1884
f 1885 2015 3066
f 2615 2214 1885
f 1885 2403 2826
f 3066 2403 1885
f 2826 2615 1885
f 2437 2229 1886
f 1886 2229 3072
f 3072 2817 1886
f 2677 2663 1887
f 2481 2223 1888
f 1888 2223 2527
f 2923 2481 1888
f 2930 2923 1888
f 1889 2219 2226
f 2466 2219 1889
f 1889 2226 2593
f 1891 2056 2374
f 2628 2056 1891
f 1891 2374 2569
f 2659 2234 1893
f 1893 2234 2768
f 1893 2376 2576
f 1894 2162 2280
f 3092 2162 1894
f 2709 2289 1894
f 1894 2289 3092
f 1895 2419 2515
f 2839 2419 1895
f 2515 2421 1895
f 1895 2421 2969
f 2693 2269 1896
f 1896 2724 2793
f 1897 1898 2791
f 2263 1951 1897
f 3384 2263 1897
f 1897 2791 3384
f 1898 2088 3067
f 2868 1909 1900
f 1900 2699 2868
f 2550 2074 1902
f 2785 1910 1903
f 2798 2785 1903
f 2620 1905 1904
f 2483 2100 1908
f 1908 2290 2483
f 2868 2772 1909
f 2855 2578 1910
f 1910 2785 2855
f 1910 3190 3196
f 2994 2137 1913
f 2816 2310 1913
f 1913 2310 2994
f 1913 2664 2816
f 2171 2160 1914
f 2195 2171 1914
f 1915 2629 2788
f 2792 2629 1915
f 1915 2788 3130
f 2856 2792 1915
f 2486 2166 1917
f 3030 2771 1918
f 1918 2771 3064
f 1919 2573 2574
f 2879 2573 1919
f 3012 2879 1919
f 3332 3012 1919
f 1923 2477 2478
f 2681 2477 1923
f 1923 2478 2898
f 1923 2611 2856
f 2898 2611 1923
f 1924 2043 2472
f 1924 2472 2577
f 1924 2578 2855
f 1926 2456 2760
f 2810 2456 1926
f 1926 2609 2665
f 3132 2609 1926
f 1926 2665 2810
f 1926 2760 3132
f 1928 2420 2707
f 2891 2420 1928
f 1928 2707 2846
f 2284 1965 1930
f 2862 2284 1930
f 3113 2862 1930
f 1930 2890 3113
f 1932 2159 2270
f 2760 2159 1932
f 1932 2270 3062
f 3132 2760 1932
f 1932 3062 3132
f 3360 2761 1933
f 1934 1944 2703
f 2745 1999 1935
f 2863 2258 1937
f 1937 2258 3270
f 2510 2371 1938
f 1940 1941 3098
f 3249 1941 1940
f 1940 2262 3249
f 3359 2262 1940
f 2958 2879 1940
f 1940 2879 3359
f 3098 2958 1940
f 1941 2259 2477
f 3249 2259 1941
f 1941 2477 2479
f 1941 2479 3098
f 1942 2397 2953
f 2953 2795 1942
f 1943 2259 3249
f 1943 2262 2603
f 3249 2262 1943
f 1943 2603 3291
f 1944 2058 2703
f 1947 2883 2992
f 1947 2884 2987
f 1948 1959 2640
f 3376 2610 1948
f 1948 2640 3376
f 3117 2235 1949
f 1952 1966 2039
f 2606 2022 1954
f 1957 2517 3139
f 1959 2248 2305
f 1959 2305 2640
f 3097 2725 1960
f 3149 2565 1961
f 1963 1965 2290
f 2363 1965 1963
f 1963 1966 2363
f 1964 2090 2645
f 2948 2090 1964
f 2645 2435 1964
f 1964 2435 2678
f 1964 2708 2948
f 3047 2708 1964
f 1965 2284 2526
f 2526 2290 1965
f 1967 1991 2401
f 2673 1991 1967
f 1967 2401 2556
f 2902 2673 1967
f 1969 1979 2078
f 2851 1979 1969
f 2468 2051 1971
f 1972 1996 2704
f 2635 2452 1974
f 1975 2196 2487
f 1975 2487 2506
f 2851 2433 1979
f 1985 2000 2001
f 3116 2613 1987
f 1988 2030 2203
f 2203 2082 1988
f 1988 2082 2354
f 2354 2147 1988
f 2428 2401 1991
f 2845 2428 1991
f 2673 2634 1991
f 1991 2634 3389
f 3389 2845 1991
f 1992 2241 2637
f 1992 2565 3149
f 1993 2151 2412
f 1993 2535 2624
f 1994 2353 2623
f 1996 2110 2379
f 2002 2121 3117
f 2138 2053 2005
f 2005 2053 2719
f 2653 2138 2005
f 2617 2417 2005
f 2005 2417 2653
f 2719 2617 2005
f 2006 2368 3191
f 2926 2552 2006
f 3150 2926 2006
f 3191 3150 2006
f 2010 2255 2836
f 2010 2836 2967
f 2010 2967 3206
f 3390 2243 2011
f 2015 2137 3066
f 2018 2247 3028
f 2019 2475 2578
f 2019 2577 2630
f 2023 2403 2731
f 2826 2403 2023
f 2023 2563 2730
f 2023 2730 2826
f 2025 2169 2174
f 2026 2049 2623
f 2623 2353 2026
f 2028 2070 3116
f 3116 3086 2028
f 3026 2059 2029
f 3059 2203 2030
f 2031 2094 2729
f 2955 2094 2031
f 2749 2225 2031
f 2031 2225 2923
f 2031 2729 2749
f 2031 2923 2955
f 2470 2380 2032
f 2878 2470 2032
f 3194 2878 2032
f 2724 2065 2033
f 2033 2065 3031
f 2033 2629 2721
f 3031 2629 2033
f 2033 2721 2793
f 2793 2724 2033
f 2454 2165 2037
f 2037 2165 2633
f 2037 2371 2585
f 2979 2917 2040
f 2041 2230 2659
f 2967 2836 2042
f 3122 2967 2042
f 2042 2998 3082
f 2042 3082 3122
f 2509 2045 2044
f 2509 2505 2045
f 3054 2190 2052
f 2052 2190 3055
f 2053 2138 3093
f 3180 2719 2053
f 2054 2104 2411
f 2592 2104 2054
f 2056 2234 2374
f 2768 2234 2056
f 2668 2139 2059
f 3026 2668 2059
f 2060 2139 2607
f 2060 2607 2684
f 2061 2143 2480
f 3263 2784 2062
f 2062 3019 3263
f 2063 2094 2465
f 2729 2094 2063
f 3276 2729 2063
f 2995 2852 2063
f 2063 2852 3276
f 2065 2859 3031
f 2066 2073 2594
f 2067 2292 2922
f 3253 2519 2067
f 2067 2922 3337
f 3337 3253 2067
f 2068 2121 2201
f 2235 2121 2068
f 2070 2613 3116
f 2072 2098 2672
f 2073 2075 2076
f 2073 2076 2594
f 2078 2076 2075
f 2077 2108 3141
f 3141 2266 2077
f 2198 2164 2080
f 2080 2164 3105
f 3284 2198 2080
f 3105 2930 2080
f 2748 2122 2081
f 2081 2122 2795
f 3350 2748 2081
f 2081 2795 2953
f 2081 2953 3350
f 2082 2203 2943
f 3123 2354 2082
f 2899 2609 2082
f 2082 2609 3123
f 2943 2899 2082
f 2386 2087 2084
f 2084 2087 2881
f 3258 2386 2084
f 2084 2396 3258
f 2557 2438 2085
f 2871 2557 2085
f 2086 2087 3355
f 2086 2470 3049
f 3142 2470 2086
f 2087 2386 3355
f 2087 2595 2881
f 2089 2090 2948
f 2089 2708 2823
f 2948 2708 2089
f 2090 2387 2645
f 2819 2389 2092
f 2092 2389 3325
f 2920 2819 2092
f 3311 2920 2092
f 3325 3311 2092
f 2955 2465 2094
f 2096 2148 2398
f 2432 2148 2096
f 2099 2144 2213
f 3143 2144 2099
f 2099 2213 2226
f 2100 2267 2581
f 2853 2411 2104
f 2592 2580 2104
f 2105 2556 2778
f 2778 2656 2105
f 2105 2656 3048
f 2106 2266 3141
f 3391 2266 2106
f 2106 3112 3391
f 2107 2427 3139
f 2402 2400 2114
f 2114 2400 2532
f 2512 2402 2114
f 2114 2532 2797
f 2115 2467 2660
f 2115 2660 2832
f 3302 2735 2115
f 2999 2708 2116
f 2116 2708 3047
f 2116 2892 2999
f 2118 2823 2999
f 2870 2504 2119
f 2119 2808 2870
f 2581 2267 2120
f 2120 2267 2632
f 2121 2235 3117
f 2122 2748 3053
f 2125 2459 2966
f 3309 2459 2125
f 2125 2963 3309
f 2126 2250 3335
f 2126 2269 2693
f 2313 2150 2127
f 2127 2150 2873
f 2660 2313 2127
f 2873 2619 2127
f 2832 2660 2127
f 2128 2639 3283
f 3314 2639 2128
f 2128 2680 2869
f 3283 2680 2128
f 2765 2471 2129
f 2442 2176 2130
f 2131 2178 2189
f 2436 2178 2131
f 2900 2658 2133
f 2133 2680 2900
f 3118 2391 2135
f 2731 2403 2136
f 2136 2403 3066
f 2136 2439 2815
f 3066 2439 2136
f 2874 2731 2136
f 3367 2874 2136
f 2994 2439 2137
f 2137 2439 3066
f 2743 2607 2139
f 2139 2668 2743
f 2141 2546 3070
f 3386 2546 2141
f 2924 2831 2141
f 2141 2831 3386
f 2141 2887 2924
f 3070 2887 2141
f 2932 2213 2144
f 2757 2575 2144
f 3143 2757 2144
f 2932 2212 2145
f 2145 2213 2932
f 3306 2700 2149
f 2872 2206 2150
f 2150 2584 2872
f 2153 2428 2845
f 2154 2845 3389
f 3389 2990 2154
f 2701 2210 2157
f 2157 2210 3084
f 3243 2501 2157
f 2157 3084 3175
f 2157 3175 3243
f 2159 2760 3094
f 2173 2168 2160
f 2160 2171 2173
f 2163 2371 2510
f 2585 2371 2163
f 2163 2510 2892
f 2165 2454 2544
f 2165 2544 2633
f 2715 2559 2167
f 2174 2169 2168
f 2168 2173 2174
f 2545 2454 2175
f 3261 2545 2175
f 2442 2436 2176
f 2177 2245 2722
f 3181 2245 2177
f 2178 2180 2189
f 2561 2180 2178
f 2178 2436 2442
f 2178 2442 2561
f 2181 2417 2617
f 2780 2417 2181
f 2181 2617 3285
f 3373 2780 2181
f 3285 2887 2181
f 2181 2887 3373
f 2445 2360 2182
f 2182 2360 2509
f 2997 2776 2183
f 2183 2776 3086
f 2183 2893 2997
f 2183 3086 3172
f 3148 3055 2190
f 2346 2344 2193
f 2195 2372 2882
f 2985 2487 2196
f 3166 2985 2196
f 2532 2373 2197
f 2197 2373 2586
f 2197 2413 2532
f 2586 2416 2197
f 3309 2963 2199
f 3387 3309 2199
f 2447 2446 2202
f 3059 2943 2203
f 3061 2705 2204
f 2205 2705 3061
f 3083 2764 2205
f 2205 3061 3083
f 2332 2287 2207
f 2207 2287 3051
f 2348 2332 2207
f 3287 2348 2207
f 2208 2227 2767
f 2305 2240 2208
f 2208 2240 3129
f 2767 2698 2208
f 2210 2701 3085
f 2210 3078 3084
f 2593 2226 2213
f 2215 2400 2402
f 2215 2402 2625
f 2215 2625 2696
f 2637 2405 2216
f 2216 2582 2637
f 2587 2335 2217
f 2696 2625 2218
f 2219 2466 3091
f 3091 2641 2219
f 2690 2654 2220
f 2557 2251 2221
f 3290 3102 2221
f 2223 2224 2463
f 2566 2224 2223
f 2481 2225 2223
f 2223 2225 2566
f 2223 2463 2527
f 2464 2463 2224
f 2573 2464 2224
f 2224 2566 2574
f 2574 2573 2224
f 2225 2481 2923
f 2749 2566 2225
f 2229 2237 2638
f 2374 2234 2230
f 2230 2234 2659
f 2679 2374 2230
f 2970 2368 2233
f 2233 2519 2970
f 2236 2288 2309
f 2348 2288 2236
f 2236 2309 3363
f 3244 2348 2236
f 2579 2256 2238
f 3091 2466 2239
f 2305 2248 2240
f 2241 2405 2637
f 2291 2257 2242
f 2242 2257 3304
f 3213 2291 2242
f 3151 3087 2245
f 3184 3151 2245
f 2245 3181 3305
f 3305 3184 2245
f 2246 2257 2307
f 3304 2257 2246
f 2246 2307 3216
f 3267 3028 2247
f 2755 2250 2249
f 2250 2755 3335
f 2251 2557 2871
f 2871 2799 2251
f 3234 2320 2253
f 2253 2320 3241
f 2253 2947 3234
f 3370 2947 2253
f 2253 3241 3370
f 2254 2314 2321
f 2650 2314 2254
f 2254 2321 3264
f 2929 2650 2254
f 3264 3146 2254
f 2577 2472 2256
f 2579 2577 2256
f 2257 2291 3120
f 3238 2307 2257
f 2257 3120 3238
f 2863 2728 2258
f 2258 2728 3077
f 3077 2753 2258
f 2258 2753 3280
f 2478 2477 2259
f 2669 2478 2259
f 3359 2603 2262
f 2264 2294 3213
f 3242 2294 2264
f 3209 2326 2264
f 2264 2326 3239
f 3213 3209 2264
f 2264 3239 3242
f 2265 2293 3185
f 2850 2632 2267
f 2270 2860 3062
f 2271 2320 3177
f 3240 2320 2271
f 3217 2333 2271
f 2271 2333 3250
f 2271 3177 3217
f 3251 3240 2271
f 2271 3250 3251
f 2293 2279 2272
f 2272 2279 3233
f 3185 2293 2272
f 2272 2334 3232
f 3233 2334 2272
f 2284 2482 2526
f 2949 2482 2284
f 2287 2332 3312
f 2762 2336 2287
f 2287 2336 3051
f 3313 2762 2287
f 2287 3312 3313
f 3383 2309 2288
f 2288 2348 3287
f 3296 2880 2288
f 2288 2880 3383
f 2288 3287 3296
f 2949 2378 2289
f 2709 2482 2289
f 2289 2482 2949
f 2290 2482 2483
f 2526 2482 2290
f 3213 2294 2291
f 2291 2294 3254
f 3254 3120 2291
f 2294 3242 3254
f 3218 2299 2297
f 2297 2299 3221
f 2297 2340 3205
f 3224 2340 2297
f 2297 3205 3218
f 2297 3221 3224
f 3188 2299 2298
f 2298 2299 3218
f 2298 2321 3188
f 3264 2321 2298
f 2298 3218 3349
f 3349 3264 2298
f 2299 3188 3225
f 3225 3221 2299
f 2301 2338 3179
f 3278 2338 2301
f 2916 2567 2301
f 2301 2567 3278
f 3266 2916 2301
f 2301 3179 3266
f 3195 2303 2302
f 2302 2303 3348
f 2302 2329 3226
f 3348 2329 2302
f 3226 3195 2302
f 3195 2304 2303
f 2303 2304 3220
f 2303 3220 3344
f 2303 3344 3348
f 2304 2339 3220
f 3222 2339 2304
f 2304 3195 3222
f 3127 2640 2305
f 3259 3127 2305
f 2307 2316 3216
f 3238 2316 2307
f 3223 2309 2308
f 2308 2309 3383
f 3137 2330 2308
f 2308 2330 3223
f 3115 2596 2308
f 2308 2596 3137
f 3383 3115 2308
f 2309 3223 3363
f 2310 2815 2994
f 2310 2816 3033
f 3208 2321 2314
f 2314 2650 3161
f 3161 3106 2314
f 2314 3106 3208
f 3215 2347 2316
f 2316 2347 3216
f 3238 3215 2316
f 2317 2359 3197
f 3199 2359 2317
f 2320 2589 3177
f 3234 2589 2320
f 2320 3240 3241
f 3208 3188 2321
f 2322 2534 3200
f 3220 2339 2325
f 2325 2339 3222
f 2325 2345 3227
f 3235 2345 2325
f 3227 3220 2325
f 2325 3222 3230
f 2325 3230 3235
f 3209 2337 2326
f 2326 2337 3239
f 2327 2438 2688
f 3137 2947 2330
f 2330 2947 3370
f 3228 3223 2330
f 3370 3228 2330
f 2332 2348 3244
f 2332 3244 3356
f 3356 3312 2332
f 2333 2335 3211
f 3217 2335 2333
f 2333 3211 3250
f 2334 2347 3232
f 3233 2347 2334
f 2335 2587 3211
f 2762 2338 2336
f 2336 2338 3307
f 2779 2340 2337
f 2337 2340 3207
f 3209 2779 2337
f 2337 3207 3231
f 2337 3231 3239
f 2338 2762 3179
f 2338 3278 3307
f 2340 2779 3210
f 3210 3205 2340
f 3247 3207 2340
f 2340 3224 3247
f 3104 2507 2341
f 3235 2346 2345
f 2345 2346 3329
f 3329 3227 2345
f 2347 3215 3236
f 3237 3216 2347
f 3236 3232 2347
f 2347 3233 3237
f 2351 2514 2992
f 3171 2514 2351
f 2351 2643 2825
f 2883 2643 2351
f 2351 2825 3171
f 2992 2883 2351
f 2355 2943 3059
f 2359 3187 3248
f 3199 3193 2359
f 3248 3197 2359
f 2360 2362 2509
f 2849 2590 2361
f 2361 2848 3168
f 2362 2505 2509
f 3161 2650 2365
f 2365 3106 3161
f 2872 2584 2367
f 2370 2922 2936
f 3337 2922 2370
f 2370 2936 3328
f 3328 3164 2370
f 2370 3164 3378
f 2370 3253 3337
f 3378 3253 2370
f 3328 2882 2372
f 2372 3164 3328
f 2532 2400 2373
f 3103 2744 2375
f 2601 2576 2376
f 2380 2470 2718
f 2381 2710 3212
f 3212 3021 2381
f 2661 2384 2382
f 2382 2384 3314
f 2382 2595 3155
f 3155 2661 2382
f 2383 2385 2661
f 2819 2385 2383
f 2383 2390 2819
f 3144 2390 2383
f 2383 2661 3155
f 3155 3144 2383
f 2661 2385 2384
f 2384 2385 3093
f 3093 2639 2384
f 2384 2639 3314
f 2385 2819 2920
f 3258 2717 2386
f 3325 2389 2388
f 2388 3040 3322
f 2388 3322 3325
f 3063 2636 2390
f 3144 3063 2390
f 2870 2808 2391
f 3118 2870 2391
f 2393 2435 2524
f 2678 2435 2393
f 2393 2524 3272
f 2401 2428 2556
f 2402 2512 2597
f 2402 2597 2625
f 2404 2458 3080
f 3080 2918 2404
f 3027 2592 2408
f 3183 2518 2409
f 2409 2518 3262
f 2409 2663 3173
f 2409 3173 3183
f 3262 3174 2409
f 2853 2825 2411
f 2412 2700 3124
f 2797 2532 2413
f 2622 2572 2413
f 3050 2653 2417
f 2417 2780 3050
f 3052 2655 2418
f 2960 2515 2419
f 2420 2429 2707
f 2726 2429 2420
f 2421 2515 2763
f 2422 2553 2602
f 3100 2553 2422
f 2422 2602 2711
f 2778 2556 2428
f 3089 2707 2429
f 2994 2815 2439
f 2908 2687 2440
f 2440 2720 2908
f 3277 2544 2454
f 2454 2545 3277
f 2993 2760 2456
f 2456 2810 3331
f 2457 2460 2564
f 2457 2564 3099
f 2458 2598 3080
f 2459 3309 3387
f 2637 2582 2460
f 2463 2464 2907
f 2573 2568 2464
f 3142 2718 2470
f 2470 2878 3049
f 2681 2479 2477
f 2479 2681 2894
f 2709 2483 2482
f 2485 2528 3087
f 2485 3087 3151
f 2485 3151 3364
f 2489 2572 2622
f 2494 3109 3279
f 3279 3201 2494
f 2503 2514 3156
f 3273 2514 2503
f 2503 2567 2916
f 3255 2567 2503
f 2503 2916 3273
f 2503 3156 3255
f 2511 2576 2601
f 3042 2597 2512
f 2866 2864 2513
f 3299 2992 2514
f 3171 3156 2514
f 2514 3273 3299
f 2518 3019 3068
f 3183 3019 2518
f 2518 3068 3262
f 3375 2970 2519
f 2519 3253 3375
f 2521 2538 2551
f 3088 2538 2521
f 2521 2551 3025
f 2983 2570 2521
f 2521 2570 3353
f 3025 2983 2521
f 3353 3088 2521
f 2522 2600 2800
f 3041 2600 2522
f 2522 2800 2921
f 2522 2921 3022
f 2523 2621 3391
f 3391 3112 2523
f 3333 3272 2524
f 2525 2543 2847
f 2684 2607 2529
f 2529 2607 3032
f 3125 2684 2529
f 3060 2867 2529
f 2529 3032 3060
f 3282 3125 2529
f 2533 2541 2759
f 3169 2541 2533
f 2934 2543 2533
f 2533 2759 3074
f 3074 2934 2533
f 2534 2570 2983
f 3295 2570 2534
f 2534 2983 3200
f 2538 2541 2551
f 3310 2541 2538
f 3169 2551 2541
f 3310 2759 2541
f 3373 2633 2544
f 2544 2780 3373
f 2545 2553 3100
f 2546 2633 3070
f 2551 2802 3025
f 3169 2802 2551
f 2564 2626 3099
f 3255 2973 2567
f 2567 2973 3278
f 2568 2573 2879
f 2568 2879 2958
f 2788 2629 2571
f 2571 2629 3031
f 3031 2859 2571
f 2577 2579 2630
f 2580 2592 3027
f 2877 2861 2581
f 2860 2733 2583
f 3062 2860 2583
f 2596 3115 3382
f 3229 3137 2596
f 2597 3042 3203
f 2598 2739 3165
f 2598 3041 3080
f 3165 3041 2598
f 2600 2621 2800
f 3165 2952 2600
f 2600 3041 3165
f 2607 2743 3032
f 3293 2939 2608
f 3352 3021 2608
f 2899 2665 2609
f 2721 2629 2611
f 2611 2629 2792
f 2898 2721 2611
f 2611 2792 2856
f 2614 2828 2835
f 3033 2816 2618
f 3319 2676 2619
f 2619 2873 3319
f 2624 2829 2950
f 3373 3070 2633
f 2634 2827 2962
f 2634 2962 3389
f 2636 3063 3194
f 3317 3283 2639
f 2640 3127 3376
f 2643 2672 2825
f 2781 2752 2644
f 2644 2752 3318
f 2995 2781 2644
f 2644 2852 2995
f 3017 2911 2647
f 3245 3017 2647
f 3114 2712 2648
f 2648 2712 3153
f 3153 2713 2648
f 3243 3175 2655
f 2656 2965 3048
f 2663 2677 3128
f 2663 3128 3173
f 2667 2833 2865
f 2667 2865 2982
f 2671 2926 3150
f 2674 2933 2968
f 2677 2683 3128
f 3317 2900 2680
f 2680 3283 3317
f 3173 3128 2683
f 2683 3157 3173
f 3350 2953 2691
f 2694 2761 3360
f 2694 2991 3288
f 3280 2753 2695
f 2698 2767 2789
f 2698 2789 3202
f 3306 3124 2700
f 2706 2728 2863
f 3357 2728 2706
f 2706 2863 2977
f 3286 2846 2707
f 2707 3089 3286
f 2999 2823 2708
f 3114 2769 2712
f 2712 2893 3036
f 2712 3036 3153
f 3339 2732 2713
f 2713 3153 3334
f 2713 3334 3339
f 2717 2925 3324
f 2722 2733 2860
f 2725 3097 3339
f 2727 2752 2787
f 3318 2752 2727
f 2727 2787 2981
f 3357 3077 2728
f 3053 2748 2732
f 2732 2748 3338
f 3339 3053 2732
f 2732 3338 3354
f 3302 2978 2735
f 3262 2796 2737
f 2737 3174 3262
f 2976 2952 2739
f 2739 2952 3165
f 2981 2787 2740
f 2747 2983 3025
f 3200 2983 2747
f 2747 3025 3126
f 3350 3338 2748
f 2886 2801 2750
f 2757 3143 3388
f 2760 2993 3094
f 2769 3114 3290
f 2772 2868 3219
f 3006 2939 2782
f 2782 2939 3293
f 2782 3004 3006
f 3263 3160 2784
f 3374 3186 2786
f 2789 3167 3202
f 3068 2830 2796
f 3262 3068 2796
f 3126 3025 2802
f 3351 2927 2806
f 2807 2920 3366
f 2987 2888 2810
f 2810 2888 3331
f 2813 3000 3075
f 3127 3000 2813
f 3376 3127 2813
f 3380 3145 2814
f 2814 3225 3380
f 2825 2853 3171
f 3068 3019 2830
f 3186 2901 2837
f 2864 2866 2894
f 3060 2989 2867
f 2867 2989 3316
f 3367 3301 2874
f 3194 3063 2878
f 2879 3012 3359
f 3382 3115 2880
f 2880 3115 3383
f 3328 2936 2882
f 2884 2888 2987
f 3285 2924 2887
f 2887 3070 3373
f 2916 3110 3273
f 2920 3311 3366
f 2942 3151 3184
f 2947 3137 3229
f 2947 3229 3234
f 2970 3375 3385
f 3131 3013 2974
f 2975 3133 3300
f 2975 3300 3379
f 3153 3036 2988
f 3334 3153 2988
f 3000 3127 3259
f 3259 3159 3000
f 3004 3009 3023
f 3023 3009 3008
f 3245 3096 3017
f 3308 3135 3018
f 3019 3183 3263
f 3339 3097 3053
f 3096 3245 3345
f 3299 3273 3110
f 3119 3182 3349
f 3349 3218 3119
f 3380 3208 3145
f 3349 3182 3146
f 3146 3264 3349
f 3150 3191 3274
f 3274 3269 3150
f 3157 3160 3263
f 3263 3173 3157
f 3202 3167 3159
f 3259 3202 3159
f 3164 3365 3378
f 3172 3303 3340
f 3263 3183 3173
f 3188 3208 3380
f 3380 3225 3188
f 3193 3199 3385
f 3370 3241 3228
f 3379 3237 3233

