# https://github.com/mikedh/trimesh
v -0.22222222 -0.22201618 -0.50000000
v -0.22222222 -0.22222222 -0.48666667
v -0.22222222 -0.13349994 -0.50000000
v -0.22180062 -0.13333334 -0.48666667
v -0.22222222 0.13333331 -0.50000000
v -0.22222222 0.13333331 -0.48666667
v -0.22222222 0.22222222 -0.50000000
v -0.22222222 0.22222222 -0.48666667
v -0.21666668 -0.21666668 -0.48666667
v -0.21666668 -0.13936364 -0.48666667
v -0.21666668 0.13936365 -0.48666667
v -0.21666668 0.21666667 -0.48666667
v -0.20640868 0.13632116 -0.46837532
v -0.20797081 -0.18818023 -0.47116081
v -0.20797081 -0.15504529 -0.47116081
v -0.20797081 0.15504528 -0.47116081
v -0.20797081 0.18818020 -0.47116081
v -0.20437027 -0.13546741 -0.46474056
v -0.20090104 -0.15201282 -0.45855446
v -0.20021788 -0.18818023 -0.47550873
v -0.20021788 -0.15504529 -0.47550873
v -0.20021788 0.15504528 -0.47550873
v -0.20021788 0.18818020 -0.47550873
v -0.19899977 0.13257699 -0.45516423
v -0.19592661 -0.13054499 -0.44968440
v -0.19515586 0.14875810 -0.44831002
v -0.19366417 -0.14779015 -0.44565014
v -0.19107048 0.12687566 -0.44102526
v -0.18946520 0.15007011 -0.45633525
v -0.18961123 -0.15016919 -0.45659565
v -0.18818023 -0.20797081 -0.47116081
v -0.18816933 -0.20020698 -0.47548930
v -0.18797171 0.20021786 -0.47550873
v -0.18818023 0.20797081 -0.47116081
v -0.18748078 -0.12375992 -0.43462436
v -0.18609050 0.14191992 -0.43214530
v -0.18430791 -0.14032180 -0.42896670
v -0.17898591 0.14253387 -0.43764914
v -0.18322836 0.11942289 -0.42704172
v -0.18020668 -0.11591431 -0.42165367
v -0.18038862 -0.14371063 -0.44015052
v -0.17515787 0.10935983 -0.41265097
v -0.17556804 -0.13100048 -0.41338237
v -0.17868125 0.13465913 -0.41893362
v -0.17393497 -0.13782899 -0.42864280
v -0.17143529 0.12565682 -0.40601312
v -0.17312073 -0.10635355 -0.40901848
v -0.17142104 0.13520222 -0.42416013
v -0.16876110 0.09910854 -0.40124467
v -0.16794060 -0.12059869 -0.39978163
v -0.16672865 -0.09536746 -0.39762055
v -0.16718052 -0.13027838 -0.41659872
v -0.16477763 0.12721229 -0.41231405
v -0.16469322 0.11539878 -0.39399112
v -0.16330243 0.08839028 -0.39151114
v -0.16081670 -0.10843267 -0.38707877
v -0.16103886 -0.08319032 -0.38747490
v -0.15625536 0.11429670 -0.39711623
v -0.15867315 0.10427281 -0.38325654
v -0.15657204 -0.07111470 -0.37950997
v -0.15653068 0.07107055 -0.37943622
v -0.15431568 -0.09445929 -0.37548657
v -0.15212689 0.08901525 -0.37158368
v -0.15504529 -0.20797081 -0.47116081
v -0.15504529 -0.20021788 -0.47550873
v -0.15504529 0.20021786 -0.47550873
v -0.15504529 0.20797081 -0.47116081
v -0.15344376 -0.06072930 -0.37393183
v -0.15218524 0.05576431 -0.37168772
v -0.15222320 -0.10689241 -0.38992785
v -0.15107280 -0.05104859 -0.36970411
v -0.15030914 -0.18987931 -0.45707368
v -0.14856815 0.09920932 -0.38341040
v -0.15037815 0.18995838 -0.45721466
v -0.14918278 0.19584095 -0.44953164
v -0.14889875 -0.07968858 -0.36582749
v -0.14831893 -0.03599343 -0.36479359
v -0.14929263 0.04218621 -0.36652982
v -0.14789378 0.07649125 -0.36403548
v -0.14563467 -0.09225363 -0.37817950
v -0.14671469 0.02686512 -0.36269769
v -0.14287126 -0.17937267 -0.43833895
v -0.14649734 -0.02048516 -0.36154546
v -0.14572676 -0.00470449 -0.36017140
v -0.14588489 0.01113483 -0.36045337
v -0.14414559 -0.06270943 -0.35735197
v -0.14371063 0.18038861 -0.44015052
v -0.14262132 0.05608063 -0.35463399
v -0.14340527 -0.18774709 -0.43509921
v -0.14041600 0.18441312 -0.42915428
v -0.14126615 0.08014213 -0.37038997
v -0.14148365 -0.05033396 -0.35260540
v -0.14002541 0.04143295 -0.35000513
v -0.13949935 -0.07445373 -0.36723953
v -0.13943517 -0.03727193 -0.34895266
v -0.13651507 0.17265942 -0.42636833
v -0.13936364 -0.21666668 -0.48666667
v -0.13936364 -0.13936364 -0.48666667
v -0.13936364 0.13936365 -0.48666667
v -0.13936364 0.21666667 -0.48666667
v -0.13857002 -0.13857002 -0.48058397
v -0.13809187 0.02524429 -0.34655738
v -0.13704952 0.13704950 -0.47175885
v -0.13687279 -0.20789335 -0.47102268
v -0.13764424 -0.01959474 -0.34575919
v -0.13540536 -0.05943726 -0.35993939
v -0.13715194 0.01078051 -0.34488135
v -0.13710597 -0.00051812 -0.34479939
v -0.13581560 -0.13581560 -0.46613683
v -0.13691068 -0.17247078 -0.42603195
v -0.13546741 0.20437024 -0.46474056
v -0.13250431 0.17684178 -0.41565359
v -0.13570330 -0.17968858 -0.42072982
v -0.13304947 -0.04643766 -0.35573852
v -0.13287952 0.13287950 -0.45614956
v -0.13301576 -0.13301576 -0.45648003
v -0.13333334 -0.22222222 -0.50000000
v -0.13333334 -0.22222222 -0.48666667
v -0.13333334 -0.13361002 -0.50000000
v -0.13333334 -0.13333334 -0.48666667
v -0.13333334 0.13333331 -0.50000000
v -0.13333334 0.13333331 -0.48666667
v -0.13348913 0.22222222 -0.50000000
v -0.13333334 0.22222222 -0.48666667
v -0.13314030 -0.11334971 -0.33772809
v -0.13314030 0.11334970 -0.33772809
v -0.13316786 -0.19971893 -0.45644661
v -0.13120462 -0.03410832 -0.35244892
v -0.13054499 0.19592662 -0.44968439
v -0.13137045 0.03509904 -0.35274462
v -0.13027839 0.16718051 -0.41659872
v -0.13111112 -0.13111112 -0.30333335
v -0.13111112 -0.13111112 -0.29444444
v -0.13111112 0.13111112 -0.30333335
v -0.13111112 0.13111112 -0.29444444
v -0.12823023 -0.12823023 -0.44399010
v -0.12966152 0.01634847 -0.34969737
v -0.12721229 -0.16477763 -0.41231405
v -0.12687566 -0.19107048 -0.44102526
v -0.12919121 -0.00189681 -0.34885874
v -0.12718081 -0.17256414 -0.40802600
v -0.12820831 0.12820830 -0.44388346
v -0.12538738 -0.11334971 -0.34207600
v -0.12538738 0.11334970 -0.34207600
v -0.11697770 0.15784804 -0.39995772
v -0.12444444 -0.12444444 -0.32222222
v -0.12444444 0.12444443 -0.32222222
v -0.12409436 0.18781194 -0.43521486
v -0.12180091 0.16873550 -0.40119907
v -0.12117285 0.12117284 -0.43003005
v -0.12329970 -0.12329970 -0.43376665
v -0.11942289 -0.18322836 -0.42704172
v -0.11429670 -0.15625547 -0.39711617
v -0.11581936 0.18012258 -0.42151145
v -0.11531767 -0.11531767 -0.42075054
v -0.11705016 -0.16565224 -0.39570117
v -0.11040279 -0.17593436 -0.41403556
v -0.11380987 0.11380986 -0.41848629
v -0.11334971 -0.13314030 -0.33772809
v -0.11334971 -0.12538738 -0.34207600
v -0.11334971 0.12538734 -0.34207600
v -0.11334971 0.13314029 -0.33772809
v -0.10839532 0.16079718 -0.38704396
v -0.11138700 -0.11089263 -0.29444444
v -0.11111111 -0.05555556 -0.29444444
v -0.11111111 0.05555553 -0.29444444
v -0.11111111 0.11111111 -0.29444444
v -0.10174483 0.04786555 -0.26783772
v -0.10431044 0.10431044 -0.40673243
v -0.10569138 0.15162928 -0.38886883
v -0.10553015 0.17216918 -0.40810884
v -0.10628336 -0.10628336 -0.40892510
v -0.10382426 -0.04958032 -0.27386006
v -0.10510101 -0.08637440 -0.27755023
v -0.10510101 -0.06994347 -0.27755023
v -0.10510101 0.06994345 -0.27755023
v -0.10510101 0.08637439 -0.27755023
v -0.09920934 -0.14856815 -0.38341040
v -0.10578816 -0.15945385 -0.38464863
v -0.09861397 0.09861396 -0.25841210
v -0.09910855 -0.16876110 -0.40124467
v -0.09101921 0.07255033 -0.23544615
v -0.09346145 -0.07491116 -0.24300954
v -0.09684196 -0.09684195 -0.39899894
v -0.09779098 -0.09779098 -0.25599094
v -0.09536746 0.16672862 -0.39762056
v -0.09225363 0.14563467 -0.37817950
v -0.09173181 0.04009836 -0.23767938
v -0.09296201 0.09296199 -0.39541045
v -0.09226822 0.15341245 -0.37387600
v -0.09634018 -0.08637440 -0.27942473
v -0.09634018 -0.06994347 -0.27942473
v -0.09634018 0.06994345 -0.27942473
v -0.09634018 0.08637439 -0.27942473
v -0.09203030 -0.15333387 -0.37373589
v -0.09469495 -0.04233780 -0.24682880
v -0.08931778 -0.05406917 -0.23012025
v -0.09090574 -0.08044221 -0.26354728
v -0.09037052 -0.06388314 -0.26198252
v -0.08452621 0.05817421 -0.24430675
v -0.08576564 0.08576564 -0.21855777
v -0.08818701 0.07802164 -0.25544059
v -0.08519167 -0.08476052 -0.21666620
v -0.08462923 -0.08462923 -0.38856128
v -0.08839030 -0.16330243 -0.39151114
v -0.08233542 -0.03330616 -0.20748423
v -0.08637440 -0.10510101 -0.27755023
v -0.08637440 -0.09652693 -0.27938477
v -0.08637440 0.09634018 -0.27942473
v -0.08664743 0.10503725 -0.27736623
v -0.08279149 -0.05657000 -0.23892539
v -0.08490862 0.16172002 -0.38868952
v -0.08243822 0.04830657 -0.20783000
v -0.07615576 -0.04302825 -0.18645081
v -0.07979422 0.08973488 -0.25998379
v -0.07240002 -0.09074561 -0.23458788
v -0.07491110 0.09346138 -0.24300958
v -0.07814561 0.14840463 -0.36494646
v -0.08014213 -0.14126615 -0.37038997
v -0.07684394 0.02959848 -0.18883358
v -0.07801987 -0.08795105 -0.25462172
v -0.08122324 0.08122323 -0.38598253
v -0.07763913 -0.07763913 -0.19136266
v -0.07323111 -0.14688795 -0.36224194
v -0.07633496 -0.06653519 -0.21830705
v -0.07125690 0.04618730 -0.20145622
v -0.07310928 0.06288556 -0.20764824
v -0.07160088 0.05320860 -0.17023929
v -0.06966581 0.03797979 -0.16315585
v -0.07445373 0.13949933 -0.36723953
v -0.07850611 0.07850611 -0.19433238
v -0.07111470 0.15657204 -0.37950997
v -0.06688669 -0.04257992 -0.18635866
v -0.07046003 0.07107093 -0.37910290
v -0.07139537 -0.02613927 -0.16948494
v -0.07219886 -0.07219886 -0.38006179
v -0.07107056 -0.15653068 -0.37943622
v -0.07009750 0.02535215 -0.16475608
v -0.06980093 -0.10496965 -0.27717046
v -0.06994347 -0.09634018 -0.27942473
v -0.07001515 0.09625747 -0.27918516
v -0.06994347 0.10510099 -0.27755023
v -0.06566753 0.07551570 -0.21545782
v -0.06163431 -0.07140666 -0.20189776
v -0.06199002 0.13619279 -0.36134354
v -0.06489493 0.14467107 -0.35828901
v -0.06376842 -0.06376842 -0.14077040
v -0.06298014 0.06298014 -0.13744613
v -0.06666668 -0.06666668 -0.10500069
v -0.06640222 -0.06666668 -0.08888889
v -0.06666668 0.06666667 -0.10500069
v -0.06660342 0.06666667 -0.08888889
v -0.06049300 -0.09609689 -0.25106221
v -0.06315577 0.08964325 -0.25982865
v -0.05793901 -0.08427791 -0.24353569
v -0.06371882 0.09895398 -0.25961751
v -0.06352580 -0.05383465 -0.17442161
v -0.06175625 0.03906569 -0.16796837
v -0.06473340 -0.04641132 -0.14456120
v -0.06473340 -0.03443415 -0.14456120
v -0.06473340 0.03443413 -0.14456120
v -0.06473340 0.04641132 -0.14456120
v -0.06470323 -0.02222222 -0.14444444
v -0.06470323 0.02222222 -0.14444444
v -0.05761464 -0.14296987 -0.35525550
v -0.06038648 -0.06088481 -0.11125255
v -0.06082864 0.06082863 -0.11137104
v -0.05694074 -0.15247332 -0.37220141
v -0.06113374 0.15313684 -0.37413640
v -0.06202424 -0.04372972 -0.13393826
v -0.06202424 0.04372972 -0.13393826
v -0.05945901 0.04967480 -0.15888476
v -0.05268909 -0.07068382 -0.16687540
v -0.05608014 0.08202483 -0.23654914
v -0.05882199 -0.04058319 -0.12098829
v -0.05882199 0.04058319 -0.12098829
v -0.05534597 0.09026957 -0.23314166
v -0.05787286 0.05787285 -0.11645879
v -0.05777779 -0.05777779 -0.11666667
v -0.05603355 -0.04641132 -0.14642264
v -0.05603355 -0.03443415 -0.14642264
v -0.05603355 0.03443413 -0.14642264
v -0.05603355 0.04641132 -0.14642264
v -0.05555556 -0.11111111 -0.29444444
v -0.05555556 -0.05555556 -0.37149482
v -0.05555556 -0.05555556 -0.29444444
v -0.05555556 -0.04789592 -0.36856009
v -0.05555556 -0.03232021 -0.36378178
v -0.05555556 -0.01625809 -0.36105346
v -0.05578414 0.01488674 -0.36089294
v -0.05555556 0.02698791 -0.36273340
v -0.05555556 0.04278999 -0.36669952
v -0.05555556 0.05555553 -0.37149482
v -0.05555556 0.05555553 -0.29444444
v -0.05555556 0.11111111 -0.29444444
v -0.05262815 0.06230825 -0.16995068
v -0.04805465 -0.10197907 -0.26851530
v -0.05088767 -0.05088767 -0.27837390
v -0.04912854 0.13351519 -0.35656894
v -0.05333335 -0.05333335 -0.08888889
v -0.05333335 0.05333332 -0.08888889
v -0.05332661 -0.04372972 -0.13579924
v -0.05332661 0.04372972 -0.13579924
v -0.04885746 0.04885745 -0.05156549
v -0.04789592 0.05555553 -0.36856009
v -0.05104859 0.15107280 -0.36970411
v -0.04796562 -0.07323013 -0.20807176
v -0.04836609 0.10237025 -0.26966316
v -0.05113717 -0.03322957 -0.07117865
v -0.05113717 0.03322957 -0.07117865
v -0.05033396 0.14148365 -0.35260540
v -0.05012654 -0.04058319 -0.12284881
v -0.05012654 0.04058319 -0.12284881
v -0.05091871 -0.08540560 -0.21757931
v -0.04455373 0.06930501 -0.19477939
v -0.04647466 0.02858684 -0.03110855
v -0.04496380 0.07850770 -0.19457426
v -0.04252846 -0.02465690 0.00588210
v -0.04664233 -0.04664233 -0.03235157
v -0.04290248 -0.14025536 -0.35041517
v -0.04641132 -0.06473340 -0.14456120
v -0.04641132 -0.05603355 -0.14642264
v -0.04654429 0.05616775 -0.14693303
v -0.04641132 0.06473340 -0.14456120
v -0.03880409 -0.08999914 -0.23227135
v -0.03806161 -0.06977575 -0.16356169
v -0.04351804 -0.06211080 -0.13427767
v -0.04372972 -0.05332661 -0.13579924
v -0.04372972 0.05332659 -0.13579924
v -0.04372972 0.06202424 -0.13393826
v -0.03502790 0.13136608 -0.35273420
v -0.03755510 -0.05555556 -0.36524065
v -0.04312787 -0.14912112 -0.36686148
v -0.03599343 0.14831894 -0.36479359
v -0.04122601 0.09322645 -0.24230194
v -0.04241005 -0.03322957 -0.07304594
v -0.04241005 0.03322957 -0.07304594
v -0.04211875 0.04211874 -0.24592811
v -0.03986586 0.02200515 0.03272863
v -0.03682061 -0.03682061 0.06661902
v -0.04269175 0.04269174 0.00444586
v -0.03759276 -0.03759276 -0.22679258
v -0.03727193 0.13943515 -0.34895266
v -0.03869079 -0.06134314 -0.16643587
v -0.03713061 -0.02793248 -0.02699030
v -0.04058319 -0.05882199 -0.12098829
v -0.04028634 -0.05012654 -0.12284881
v -0.04058319 0.05012652 -0.12284881
v -0.04058319 0.05882197 -0.12098829
v -0.03796786 0.02878613 -0.03474803
v -0.03577690 -0.13145978 -0.35290390
v -0.03759716 0.06044744 -0.16311983
v -0.03968427 0.07191979 -0.17139464
v -0.03705823 0.03705821 0.06368418
v -0.03419609 0.08362330 -0.21178008
v -0.03451229 0.01667376 0.09397558
v -0.03370777 0.03373004 -0.20911954
v -0.03375315 -0.01591785 0.10365904
v -0.03443415 -0.06473340 -0.14456120
v -0.03443415 -0.05603355 -0.14642264
v -0.03443415 0.05603354 -0.14642264
v -0.03443415 0.06473340 -0.14456120
v -0.03178708 -0.03178708 0.13110925
v -0.03161456 0.03161456 0.13357194
v -0.03283773 -0.03283773 0.39254789
v -0.03333333 -0.03333333 0.40002806
v -0.03333333 0.03333333 0.39336141
v -0.03333333 0.03333333 0.40002806
v -0.03322957 -0.05113717 -0.07117865
v -0.03322957 -0.04241005 -0.07304594
v -0.03322957 0.04241005 -0.07304594
v -0.03322957 0.05113716 -0.07117865
v -0.02948120 -0.07666425 -0.18820780
v -0.02856598 0.01937988 0.05977217
v -0.03232021 0.05555553 -0.36378178
v -0.02633809 -0.14708612 -0.36259532
v -0.02793248 0.03713059 -0.02699030
v -0.02948465 -0.04737623 -0.03914645
v -0.02732478 -0.01816507 0.07392187
v -0.02833680 -0.02834800 -0.18170359
v -0.02348386 0.04135061 0.01743171
v -0.02878613 -0.03796786 -0.03474803
v -0.02922433 0.01140928 0.16921408
v -0.02524430 -0.13809187 -0.34655738
v -0.02681678 -0.00901340 0.21263347
v -0.02746973 0.02746971 0.20040791
v -0.02733951 -0.02687360 0.20256934
v -0.02635318 -0.02635318 0.37944017
v -0.02777778 -0.02777778 0.40002806
v -0.02777778 -0.02777778 0.43891695
v -0.02777778 -0.01000002 0.40725021
v -0.02777778 -0.01000002 0.43502799
v -0.02777778 0.01000000 0.40725021
v -0.02777778 0.01000000 0.43502799
v -0.02777778 0.02777776 0.40002806
v -0.02777778 0.02773001 0.43889600
v -0.02723671 0.02723671 0.38185009
v -0.02713460 0.07301573 -0.17536748
v -0.02607141 0.02607139 -0.16887526
v -0.02448856 0.02448854 0.26759489
v -0.02425224 -0.02425224 0.27486268
v -0.02431543 0.02431541 0.37286695
v -0.02199383 0.02199382 0.44962972
v -0.02247560 -0.04033824 0.02784671
v -0.02341682 -0.00566596 0.29963020
v -0.02107874 0.13783340 -0.34609650
v -0.02360825 -0.02360825 0.36977560
v -0.02164912 0.01256669 0.14893820
v -0.01800855 -0.12975502 -0.34986409
v -0.02163337 -0.02163337 0.45041147
v -0.01894649 -0.02827380 0.06200377
v -0.02269642 0.02269641 0.36416725
v -0.02166651 -0.01262470 0.14803917
v -0.02251992 -0.00473893 0.33743905
v -0.02251992 0.00473891 0.33743905
v -0.02229619 -0.02229619 0.35834478
v -0.02222222 -0.06470323 -0.14444444
v -0.02222222 -0.02222222 -0.14444444
v -0.02222222 0.02222222 -0.14444444
v -0.02222222 0.02222222 0.35555556
v -0.02222222 0.06470322 -0.14444444
v -0.01816507 0.02732478 0.07392187
v -0.02165563 -0.05555556 -0.36168502
v -0.01625809 0.05555553 -0.36105346
v -0.02048516 0.14649734 -0.36154546
v -0.01766705 -0.00867351 0.21769093
v -0.01650352 -0.03434131 0.09615648
v -0.01888890 -0.01000002 0.40725021
v -0.01888890 -0.01000002 0.43502799
v -0.01888890 0.01000000 0.40725021
v -0.01888890 0.01000000 0.43502799
v -0.01709707 0.00807582 0.23053694
v -0.01513026 0.03296213 0.11401727
v -0.01508660 0.12959183 -0.34957309
v -0.01677463 0.01677462 0.46261762
v -0.01677338 -0.01677338 0.46252814
v -0.01462658 -0.00565155 0.29706633
v -0.01426851 0.00532809 0.30916634
v -0.01367019 -0.01367019 0.47399527
v -0.01256671 -0.02164912 0.14893820
v -0.01357194 0.01357193 0.47428608
v -0.01245427 0.02148898 0.15062509
v -0.01366528 -0.00473893 0.33554450
v -0.01366528 0.00473891 0.33554450
v -0.01164346 -0.01164346 0.48682989
v -0.01165744 0.01165744 0.48696339
v -0.01109758 -0.02891115 0.17438598
v -0.01179704 -0.13717776 -0.34492740
v -0.00923292 0.02703741 0.20812879
v -0.01113484 -0.14588489 -0.36045337
v -0.01111111 -0.01111111 0.50000000
v -0.01111111 0.01111111 0.50000000
v -0.00520139 0.14559768 -0.36018549
v -0.00892365 0.01796939 0.21261207
v -0.01000002 -0.02777778 0.40725021
v -0.01000002 -0.01888890 0.40725021
v -0.01000002 -0.01888890 0.43502799
v -0.01000002 0.01888890 0.40725021
v -0.01000002 0.01888890 0.43502799
v -0.01000002 0.02777776 0.40725021
v -0.01000002 0.02777776 0.43502799
v -0.00798014 -0.02571314 0.23615282
v -0.00807584 -0.01709707 0.23053694
v 0.00125324 0.12919518 -0.34886586
v -0.00517840 0.01460269 0.29692119
v -0.00547243 -0.01441584 0.30372410
v -0.00566596 0.02341683 0.29963020
v -0.00167465 0.13697404 -0.34456418
v -0.00544563 -0.02322425 0.30681963
v -0.00473893 -0.02251992 0.33743905
v -0.00422941 -0.01366583 0.33551945
v -0.00473893 0.01366526 0.33554450
v -0.00473893 0.02251992 0.33743905
v -0.00221486 -0.12919642 -0.34886803
v 0.00276314 -0.13698049 -0.34457564
v 0.00470449 -0.14572676 -0.36017140
v -0.00174055 -0.05555556 -0.36006761
v -0.00281146 0.05555553 -0.36010921
v 0.00473891 -0.02251992 0.33743905
v 0.00473891 -0.01366528 0.33554450
v 0.00474850 0.01367509 0.33509195
v 0.00473891 0.02251992 0.33743905
v 0.00569446 0.01464249 0.29535126
v 0.00544562 0.02322424 0.30681963
v 0.00566594 -0.02341682 0.29963020
v 0.00531433 -0.01480882 0.28967694
v 0.00817030 0.02557154 0.23940637
v 0.00867595 -0.02647763 0.21955763
v 0.00892364 -0.01796940 0.21261207
v 0.01000000 -0.02777778 0.40725021
v 0.01000000 -0.02777778 0.43502799
v 0.01000000 -0.01888890 0.40725021
v 0.01000000 -0.01888890 0.43502799
v 0.01000000 0.01888890 0.40725021
v 0.01000000 0.01888890 0.43502799
v 0.01000000 0.02777776 0.40725021
v 0.01000000 0.02777776 0.43502799
v 0.01164354 0.02897158 0.17343177
v 0.01256669 0.02164911 0.14893820
v 0.01113483 0.14588485 -0.36045337
v 0.01625809 -0.05555556 -0.36105346
v 0.01086055 0.05555553 -0.36042189
v 0.01111111 -0.01111111 0.50000000
v 0.01111111 0.01111111 0.50000000
v 0.01157159 -0.01157161 0.48780750
v 0.01173836 0.01144430 0.48605837
v 0.01428168 0.13732023 -0.34518146
v 0.01254175 -0.02157730 0.14929695
v 0.01595560 -0.12963856 -0.34965643
v 0.01367019 -0.01367019 0.47399527
v 0.01572105 -0.03349851 0.10699298
v 0.01362367 0.01362367 0.47407180
v 0.01694129 0.03447674 0.09442800
v 0.01366526 -0.00473893 0.33554450
v 0.01366526 0.00473891 0.33554450
v 0.01459240 -0.00564541 0.29720178
v 0.01481489 0.00551896 0.28949048
v 0.01959473 -0.13764424 -0.34575919
v 0.01677462 0.01677462 0.46261762
v 0.01816505 -0.02732478 0.07392187
v 0.01937988 0.02856597 0.05977217
v 0.01690771 -0.00778431 0.23404666
v 0.01796939 0.00892364 0.21261207
v 0.01659934 -0.01639601 0.46310075
v 0.01981645 0.12987929 -0.35008571
v 0.01888890 -0.01000002 0.40725021
v 0.01888890 -0.01000002 0.43502799
v 0.01888890 0.01000000 0.40725021
v 0.01888890 0.01000000 0.43502799
v 0.02048516 -0.14649734 -0.36154546
v 0.02163336 -0.02163336 0.45041147
v 0.02170831 0.02161346 0.45020728
v 0.02164911 -0.01256671 0.14893820
v 0.02480105 -0.04267323 0.00446255
v 0.02524429 0.13809187 -0.34655738
v 0.02166650 0.01262468 0.14803917
v 0.02237405 0.04023627 0.02888047
v 0.02681847 0.14713839 -0.36268852
v 0.02698791 0.05555553 -0.36273340
v 0.02222222 -0.06470323 -0.14444444
v 0.02222222 -0.02222222 -0.14444444
v 0.02229618 -0.02229619 0.35834478
v 0.02222222 0.02222222 -0.14444444
v 0.02192110 0.02237732 0.34786935
v 0.02222222 0.06470322 -0.14444444
v 0.02288787 0.02288787 0.36581662
v 0.02251992 -0.00473893 0.33743905
v 0.02251992 0.00473891 0.33743905
v 0.02322424 -0.00544563 0.30681963
v 0.02360823 -0.02360825 0.36977560
v 0.02341683 0.00566594 0.29963020
v 0.02480000 -0.02480001 -0.16097946
v 0.03181065 -0.13097943 -0.35204738
v 0.02412351 0.02412351 0.27875375
v 0.02434624 -0.02434626 0.27200879
v 0.02550778 -0.07036740 -0.16575298
v 0.02431541 0.02431541 0.37286695
v 0.02551400 -0.00787600 0.24070468
v 0.02793247 -0.03713061 -0.02699030
v 0.02732478 0.01816505 0.07392187
v 0.02601994 -0.02601994 0.37857303
v 0.02845686 -0.01936533 0.05992071
v 0.02748558 0.00967889 0.19963659
v 0.02878613 0.03796785 -0.03474803
v 0.02833679 0.02834800 -0.18170359
v 0.03001159 0.04790540 -0.04372464
v 0.02758091 0.02758091 0.19847332
v 0.02792853 -0.02792854 0.19238430
v 0.02723671 0.02723671 0.38185009
v 0.02777776 -0.02777778 0.40002806
v 0.02777776 -0.02777778 0.43891695
v 0.02777776 -0.01000002 0.40725021
v 0.02777776 -0.01000002 0.43502799
v 0.02777776 0.01000000 0.40725021
v 0.02777776 0.01000000 0.43502799
v 0.02777776 0.02777776 0.40002806
v 0.02777776 0.02777776 0.43891695
v 0.02927060 -0.01145536 0.16844978
v 0.02952220 0.07672705 -0.18842656
v 0.04106808 0.13196298 -0.35380120
v 0.03324319 -0.08224429 -0.20718027
v 0.03575162 -0.14828452 -0.36473223
v 0.03135567 0.03135567 0.13727651
v 0.03159094 -0.03159094 0.13390663
v 0.02881505 -0.02879948 0.38525896
v 0.03375413 -0.03375414 -0.20933808
v 0.03244206 0.01461243 0.12099242
v 0.03496167 -0.01712124 0.08825791
v 0.03232019 -0.05555556 -0.36378178
v 0.03705314 -0.13940581 -0.34890032
v 0.03322957 -0.05113717 -0.07117865
v 0.03322957 -0.04241005 -0.07304594
v 0.03322957 0.04241005 -0.07304594
v 0.03322957 0.05113716 -0.07117865
v 0.03333333 -0.03333333 0.39336141
v 0.03333333 -0.03333333 0.40002806
v 0.03289880 0.03289880 0.39263320
v 0.03323591 0.03333333 0.40002806
v 0.03680169 0.02752119 -0.02446727
v 0.03443413 -0.06473340 -0.14456120
v 0.03443413 -0.05603355 -0.14642264
v 0.03443413 0.05603354 -0.14642264
v 0.03478602 0.06473340 -0.14456120
v 0.03632415 -0.05865321 -0.15640615
v 0.03743955 0.06964972 -0.16309626
v 0.03754368 -0.02839252 -0.03126386
v 0.03926129 0.03926129 -0.23397498
v 0.03924449 0.09043707 -0.23411077
v 0.03716757 0.03700207 0.06234830
v 0.03893117 -0.03893117 0.04334235
v 0.03863499 0.06184751 -0.16831020
v 0.04224798 0.02437754 0.00863241
v 0.04528682 0.14062846 -0.35108047
v 0.04069375 -0.02282968 0.02424232
v 0.04231297 -0.09466217 -0.24672774
v 0.04058319 -0.05882199 -0.12098829
v 0.04058319 -0.05012654 -0.12284881
v 0.04058319 0.05012652 -0.12284881
v 0.04058319 0.05882197 -0.12098829
v 0.04370358 0.04319188 -0.00500600
v 0.04495376 -0.06978190 -0.19640798
v 0.04574373 -0.07944283 -0.19777309
v 0.04218621 0.14929263 -0.36652982
v 0.04400306 -0.04400307 -0.25314341
v 0.04241005 -0.03322957 -0.07304594
v 0.04241005 0.03322957 -0.07304594
v 0.04789592 -0.05555556 -0.36856009
v 0.04278999 0.05555553 -0.36669952
v 0.04372972 -0.06202424 -0.13393826
v 0.04372972 -0.05332661 -0.13579924
v 0.04320360 0.05322616 -0.13539282
v 0.04372972 0.06202424 -0.13393826
v 0.04715308 0.07209109 -0.20426739
v 0.04771012 -0.02999321 -0.04203595
v 0.04641132 -0.06473340 -0.14456120
v 0.04641132 -0.05627813 -0.14637031
v 0.04641132 0.05603354 -0.14642264
v 0.04641132 0.06473340 -0.14456120
v 0.04949800 0.08381303 -0.21240140
v 0.05037860 0.05037860 -0.06426670
v 0.04722747 -0.04722748 -0.03779571
v 0.04872974 0.04872974 -0.27080363
v 0.04741781 0.10119013 -0.26623324
v 0.05012629 0.05981160 -0.16072752
v 0.05471263 -0.07300290 -0.17528954
v 0.05039322 -0.13375351 -0.35699394
v 0.05302459 0.07135500 -0.16933642
v 0.05104859 -0.15107280 -0.36970411
v 0.05228575 -0.06196906 -0.16868042
v 0.05012652 -0.04058319 -0.12284881
v 0.05012652 0.04058319 -0.12284881
v 0.05356412 -0.14214152 -0.35377845
v 0.05113716 -0.03322957 -0.07117865
v 0.05113716 0.03322957 -0.07117865
v 0.05617289 0.15228529 -0.37186613
v 0.05243770 -0.08710460 -0.22309362
v 0.05657000 -0.08279149 -0.23892539
v 0.05332659 -0.04372972 -0.13579924
v 0.05332659 0.04372972 -0.13579924
v 0.05333332 -0.05333335 -0.08888889
v 0.05333332 0.05333332 -0.08888889
v 0.06276355 0.07253183 -0.20571429
v 0.06055620 0.08699214 -0.25183756
v 0.05555553 -0.11111111 -0.29444444
v 0.05555553 -0.05555556 -0.37149482
v 0.05555553 -0.05555556 -0.29444444
v 0.05555553 -0.04378643 -0.36706261
v 0.05555553 -0.03188520 -0.36369625
v 0.05555553 -0.01625809 -0.36105346
v 0.05555553 0.00000000 -0.36000000
v 0.05555553 0.01489828 -0.36089435
v 0.05555553 0.03232019 -0.36378178
v 0.05555553 0.04443528 -0.36729905
v 0.05555553 0.05555553 -0.37149482
v 0.05555553 0.05555553 -0.29444444
v 0.05555553 0.11111111 -0.29444444
v 0.05608302 -0.04646034 -0.14661282
v 0.05603354 -0.03443415 -0.14642264
v 0.05603354 0.03443413 -0.14642264
v 0.05603354 0.04641132 -0.14642264
v 0.06258463 0.14410654 -0.35728237
v 0.06055540 -0.05089121 -0.16351654
v 0.05777779 -0.05777779 -0.11666667
v 0.05787285 0.05787285 -0.11645879
v 0.06199001 -0.13619282 -0.36134354
v 0.06072929 -0.15344376 -0.37393183
v 0.05882197 -0.04058319 -0.12098829
v 0.05882197 0.04058319 -0.12098829
v 0.06363999 -0.14437075 -0.35775346
v 0.06336692 -0.03980357 -0.17381488
v 0.06193861 -0.06193861 -0.10990214
v 0.06210296 0.06210296 -0.10969026
v 0.06645355 -0.07625266 -0.21804011
v 0.06411388 0.05441749 -0.17653677
v 0.06202424 -0.04372972 -0.13393826
v 0.06202424 0.04372972 -0.13393826
v 0.06446109 -0.09969900 -0.26182309
v 0.07255033 0.09101920 -0.23544615
v 0.06388847 -0.06388848 -0.14125347
v 0.07440521 0.13947947 -0.36720409
v 0.06470322 -0.02222222 -0.14444444
v 0.06470322 0.02222222 -0.14444444
v 0.06473340 -0.04641132 -0.14456120
v 0.06473340 -0.03443415 -0.14456120
v 0.06473340 0.03443413 -0.14456120
v 0.06473340 0.04641132 -0.14456120
v 0.07276135 -0.06299117 -0.20648294
v 0.07022026 0.04532149 -0.19790500
v 0.07363329 -0.04096834 -0.17755962
v 0.06319487 0.06319487 -0.13830382
v 0.06666667 -0.06666668 -0.10454882
v 0.06931142 -0.02492098 -0.16185799
v 0.06666667 -0.06666668 -0.08888889
v 0.06666667 0.06666667 -0.10464203
v 0.06666667 0.06666667 -0.08888889
v 0.07235068 0.04001699 -0.17294859
v 0.07003786 0.02554258 -0.16593304
v 0.07111468 -0.15657203 -0.37950997
v 0.07479895 -0.09299371 -0.24157075
v 0.07290904 -0.04760702 -0.20699971
v 0.07572226 0.06592756 -0.21631988
v 0.07107055 0.15653066 -0.37943622
v 0.06994345 -0.10510101 -0.27755023
v 0.06994345 -0.09634018 -0.27942473
v 0.06994345 0.09634018 -0.27942473
v 0.06994345 0.10510099 -0.27755023
v 0.07219886 0.07219886 -0.38006179
v 0.08075228 -0.08075229 -0.20218218
v 0.06906691 -0.06924582 -0.37830995
v 0.07759169 0.08748416 -0.25333739
v 0.07445371 -0.13949936 -0.36723954
v 0.07572417 0.14774062 -0.36376239
v 0.07979421 -0.08973489 -0.25998379
v 0.08130236 0.04732509 -0.20404479
v 0.07868069 0.07868069 -0.19493135
v 0.07799432 0.03034933 -0.19283993
v 0.07910934 -0.14871327 -0.36549675
v 0.07864188 -0.03104545 -0.19634576
v 0.08699016 0.14361945 -0.37458621
v 0.08156083 0.05537239 -0.23507855
v 0.08462923 0.08462923 -0.38856128
v 0.08483254 -0.05040610 -0.21572020
v 0.08326582 -0.08326582 -0.38753456
v 0.08319030 -0.16103886 -0.38747490
v 0.08657337 -0.06014867 -0.25056693
v 0.09145186 -0.14521083 -0.37742385
v 0.09041556 -0.07194456 -0.23355145
v 0.08800488 -0.07810806 -0.25489506
v 0.08871953 0.08871953 -0.22801485
v 0.08973488 0.07979421 -0.25998379
v 0.09335462 0.04131602 -0.24272386
v 0.08637439 -0.10510101 -0.27755023
v 0.08637439 -0.09634018 -0.27942473
v 0.08637439 0.09634018 -0.27942473
v 0.08637439 0.10510099 -0.27755023
v 0.09346138 0.07491108 -0.24300958
v 0.08839028 0.16330242 -0.39151114
v 0.08940775 0.05455404 -0.23040558
v 0.09628574 -0.06061568 -0.25163141
v 0.08763456 -0.08763458 -0.22457801
v 0.09435737 -0.09409637 -0.39639714
v 0.08817087 0.15181701 -0.37103117
v 0.08826697 0.06227513 -0.25570073
v 0.09536745 -0.16672864 -0.39762055
v 0.09184048 -0.15323613 -0.37356159
v 0.09005243 -0.03884503 -0.23243352
v 0.09684196 0.09684195 -0.39899894
v 0.09935314 0.16889638 -0.40148592
v 0.09920932 0.14856815 -0.38341040
v 0.09634018 -0.08637440 -0.27942473
v 0.09634018 -0.06994347 -0.27942473
v 0.09634018 0.06994345 -0.27942473
v 0.09634018 0.08637439 -0.27942473
v 0.10155914 -0.04772003 -0.26728414
v 0.09757630 -0.09757632 -0.25533981
v 0.09877327 0.09877327 -0.25888981
v 0.10431044 -0.10431044 -0.40673243
v 0.10530935 -0.15144039 -0.38853198
v 0.10345470 0.15827525 -0.38254703
v 0.10833629 -0.16076633 -0.38698896
v 0.10510099 -0.08637440 -0.27755023
v 0.10510099 -0.06994347 -0.27755023
v 0.10510099 0.06994345 -0.27755023
v 0.10510099 0.08637439 -0.27755023
v 0.11040277 0.17593437 -0.41403556
v 0.10635354 -0.17312073 -0.40901848
v 0.10628335 0.10628335 -0.40892510
v 0.11429669 0.15625534 -0.39711624
v 0.11959732 -0.15948615 -0.40287573
v 0.11111111 -0.11111111 -0.29444444
v 0.11111111 -0.05555556 -0.29444444
v 0.11111111 0.05555553 -0.29444444
v 0.11111111 0.11111111 -0.29444444
v 0.11598024 -0.18026207 -0.42175243
v 0.11298562 -0.11298564 -0.41738303
v 0.11542194 0.11542194 -0.42090254
v 0.11334970 -0.12538738 -0.34207600
v 0.11334970 0.12538734 -0.34207600
v 0.11334970 0.13314029 -0.33772809
v 0.12028289 -0.16782261 -0.39957124
v 0.11937323 0.18297584 -0.42659147
v 0.12154041 -0.12154043 -0.43066508
v 0.12329969 0.12329969 -0.43376665
v 0.12721229 0.16477763 -0.41231405
v 0.12408753 0.17027285 -0.40394036
v 0.12736972 0.19112558 -0.44211562
v 0.12409435 -0.18781194 -0.43521486
v 0.12444443 -0.12444444 -0.32222222
v 0.12444443 0.12444443 -0.32222222
v 0.12538734 -0.11334971 -0.34207600
v 0.12538734 0.11334970 -0.34207600
v 0.12912033 0.12912033 -0.44607708
v 0.12803441 -0.12803442 -0.44346356
v 0.13054500 -0.19592661 -0.44968439
v 0.12919627 -0.00210889 -0.34886779
v 0.13022099 -0.01794684 -0.34959871
v 0.12971044 0.01729233 -0.34978462
v 0.13179575 -0.17624163 -0.41458346
v 0.13136608 0.03502789 -0.35273420
v 0.13140079 -0.03532946 -0.35279876
v 0.13287950 -0.13287952 -0.45614956
v 0.13111112 -0.13111112 -0.30333335
v 0.13111112 -0.13111112 -0.29444444
v 0.13111112 0.13111112 -0.30333335
v 0.13111112 0.13111112 -0.29444444
v 0.13281485 0.13281485 -0.45590680
v 0.13292751 0.19911402 -0.45613021
v 0.13384310 0.17020524 -0.42199221
v 0.13314029 -0.11334971 -0.33772809
v 0.13314029 0.11334970 -0.33772809
v 0.13333331 -0.22222222 -0.50000000
v 0.13333331 -0.22222222 -0.48666667
v 0.13333331 -0.13333334 -0.50000000
v 0.13333331 -0.13333334 -0.48666667
v 0.13333331 0.13333331 -0.50000000
v 0.13333331 0.13333331 -0.48666667
v 0.13333331 0.22222222 -0.50000000
v 0.13333331 0.22222222 -0.48666667
v 0.13394740 0.05142192 -0.35733964
v 0.13444549 0.17847515 -0.41856611
v 0.13743043 -0.17353056 -0.42792169
v 0.13546740 -0.20437027 -0.46474056
v 0.13689293 0.06486852 -0.36259195
v 0.13762518 -0.13810935 -0.47467941
v 0.13642083 0.13656262 -0.46876150
v 0.13687278 0.20789334 -0.47102269
v 0.13697404 0.00167465 -0.34456418
v 0.13717774 -0.01179704 -0.34492740
v 0.13764424 0.01959473 -0.34575919
v 0.13860366 -0.03061684 -0.34746996
v 0.14253385 0.17898708 -0.43764849
v 0.14006330 0.04189428 -0.35007276
v 0.14013481 0.07695320 -0.36837264
v 0.14317065 -0.18748945 -0.43463982
v 0.13936365 -0.21666668 -0.48666667
v 0.13936365 -0.13936364 -0.48666667
v 0.13936365 0.13936365 -0.48666667
v 0.13936365 0.21666667 -0.48666667
v 0.14088329 -0.04691531 -0.35153487
v 0.14187988 -0.08201054 -0.37148431
v 0.14563467 0.09225363 -0.37817950
v 0.14529638 -0.18181506 -0.44269405
v 0.14355118 -0.05906310 -0.35629208
v 0.14420016 0.06293645 -0.35744931
v 0.14572674 -0.00470449 -0.36017140
v 0.14588485 0.01113483 -0.36045337
v 0.14649734 -0.02048516 -0.36154546
v 0.14688564 0.02449534 -0.36223781
v 0.15001382 -0.18935631 -0.45614109
v 0.14705758 -0.07378095 -0.36254443
v 0.15000611 -0.19712794 -0.45182651
v 0.14858734 0.19488763 -0.44783177
v 0.14856815 -0.09920933 -0.38341040
v 0.14831894 -0.03599343 -0.36479359
v 0.14975220 0.08235385 -0.36734935
v 0.14929263 0.04218621 -0.36652982
v 0.15065371 0.19047623 -0.45813813
v 0.15162928 0.10569136 -0.38886883
v 0.15156364 -0.05314643 -0.37057933
v 0.15268227 0.05908328 -0.37257399
v 0.15202531 -0.08876153 -0.37140258
v 0.15494149 0.09597743 -0.37660251
v 0.15625534 -0.11429670 -0.39711623
v 0.15818595 0.11753518 -0.40056026
v 0.15504528 -0.20797081 -0.47116081
v 0.15504528 -0.20021788 -0.47550873
v 0.15525708 0.20021786 -0.47550873
v 0.15504528 0.20797081 -0.47116081
v 0.15657204 -0.07111470 -0.37950997
v 0.15742078 0.07361106 -0.38102341
v 0.15826518 -0.10343242 -0.38252907
v 0.16093923 0.10866708 -0.38729724
v 0.16103884 -0.08319032 -0.38747490
v 0.16452737 -0.11486636 -0.39369542
v 0.16330242 0.08839028 -0.39151114
v 0.16672862 -0.09536746 -0.39762056
v 0.16718051 0.13027837 -0.41659872
v 0.16820488 0.12099838 -0.40025289
v 0.16908578 0.10035901 -0.40247766
v 0.17235206 -0.13619395 -0.42582024
v 0.17141749 -0.12563283 -0.40598140
v 0.17337147 0.13758884 -0.42763800
v 0.17312071 -0.10635355 -0.40901848
v 0.17593437 0.11040277 -0.41403556
v 0.17557850 0.13101282 -0.41340101
v 0.18063513 -0.14426943 -0.44059010
v 0.18020666 -0.11591432 -0.42165368
v 0.17937789 -0.13538125 -0.42017582
v 0.18309555 0.14583180 -0.44497735
v 0.18316050 0.11934498 -0.42692075
v 0.18759661 -0.14327035 -0.43483089
v 0.18494988 0.14089663 -0.43011140
v 0.18781194 -0.12409436 -0.43521486
v 0.19107047 0.12687566 -0.44102526
v 0.18818020 -0.20797081 -0.47116081
v 0.18818020 -0.20021788 -0.47550873
v 0.18818020 0.20021786 -0.47550873
v 0.18818020 0.20797081 -0.47116081
v 0.19145104 -0.15163375 -0.45987632
v 0.19630729 0.14948109 -0.45036318
v 0.19531515 -0.14885953 -0.44859409
v 0.19457411 0.15296556 -0.46544513
v 0.19514380 -0.13000582 -0.44828851
v 0.20365249 -0.13512036 -0.46346067
v 0.19931051 0.13278060 -0.45571836
v 0.20021786 -0.18818023 -0.47550873
v 0.20021786 -0.15504529 -0.47550873
v 0.20021786 0.15504528 -0.47550873
v 0.20021786 0.18818020 -0.47550873
v 0.20789334 0.13687278 -0.47102269
v 0.20797081 -0.18818023 -0.47116081
v 0.20797081 -0.15504529 -0.47116081
v 0.20797081 0.15504528 -0.47116081
v 0.20797081 0.18818020 -0.47116081
v 0.21034620 -0.13778194 -0.47539645
v 0.21666667 -0.21666668 -0.48666667
v 0.21666667 -0.13936364 -0.48666667
v 0.21666667 0.13936365 -0.48666667
v 0.21666667 0.21666667 -0.48666667
v 0.22222222 -0.22222222 -0.50000000
v 0.22222222 -0.22222222 -0.48666667
v 0.22222222 -0.13333334 -0.50000000
v 0.22222222 -0.13333334 -0.48666667
v 0.22222222 0.13333331 -0.50000000
v 0.22222222 0.13333331 -0.48666667
v 0.22222222 0.22222222 -0.50000000
v 0.22222222 0.22222222 -0.48666667
v 0.03480114 -0.03480114 0.09108405
v -0.04129904 -0.04129904 0.01841722
v -0.03333113 -0.09967425 -0.36407461
v -0.10804248 0.02698851 -0.36273249
v 0.01099769 0.10072019 -0.36043763
v -0.22199498 0.17674237 -0.50000000
v -0.15160854 -0.13333334 -0.48666667
v -0.19007573 -0.17780446 -0.45742393
v -0.18835869 0.17632101 -0.45436222
v -0.02113279 0.05555553 -0.33257974
v -0.17580381 0.18552407 -0.43113530
v -0.14982739 0.13725636 -0.38565578
v -0.15948487 -0.11959784 -0.40287635
v -0.13846837 0.12643069 -0.36540114
v 0.22218109 0.18301392 -0.50000000
v 0.16902825 0.22222222 -0.50000000
v -0.22183985 -0.17694827 -0.50000000
v -0.12071561 -0.02697261 -0.36267400
v -0.12104674 0.01616941 -0.36103179
v -0.11398290 -0.01309569 -0.36068483
v -0.13314030 -0.04964855 -0.33772809
v -0.13341265 -0.02532989 -0.33757535
v -0.13633415 0.06257860 -0.36159557
v -0.13295962 -0.00818134 -0.33740591
v -0.13073779 -0.03664391 -0.30439114
v -0.13073779 -0.09243780 -0.30439114
v -0.13073779 0.09243780 -0.30439114
v -0.12963620 -0.01591183 -0.34965223
v -0.11158779 0.13073778 -0.30439114
v -0.05555556 0.00119760 -0.36004652
v -0.09243780 -0.13073779 -0.30439114
v -0.05579390 -0.13073779 -0.30439114
v -0.06257873 -0.13633420 -0.36159565
v -0.05579390 0.13073778 -0.30439114
v -0.05603874 0.00336569 -0.29444444
v -0.08977471 0.05489350 -0.23156407
v -0.07917509 0.06070764 -0.19684080
v -0.07725839 -0.05911745 -0.19014022
v -0.07501084 0.04238407 -0.18221768
v -0.05897699 0.07711056 -0.18967132
v 0.00114879 -0.05555556 -0.29444444
v -0.04246949 0.05800996 -0.11623939
v -0.19577344 -0.17615550 -0.50000000
v -0.06202424 -0.02831507 -0.13393826
v -0.06206670 0.03045335 -0.13392918
v -0.06202424 -0.00698752 -0.13393826
v -0.05321254 0.03524229 -0.13533760
v -0.04190607 -0.13297216 -0.33742827
v -0.04357700 -0.07683272 -0.18881383
v -0.05820085 -0.02823652 -0.11585077
v -0.05814128 0.03252439 -0.11593456
v -0.04245402 -0.05801664 -0.11627835
v 0.04628037 0.02839336 -0.02940261
v -0.01815806 -0.13338854 -0.33758887
v -0.00030360 -0.10810425 -0.29444444
v -0.03299681 0.00445045 0.01165836
v 0.00147939 -0.03278788 0.01380649
v -0.02589304 -0.05332661 -0.13579924
v -0.02309992 0.03227903 0.02293740
v -0.03289291 -0.05777779 -0.11666667
v 0.03987274 -0.05807954 -0.11617609
v -0.02157000 0.06202424 -0.13393826
v -0.03339493 0.05807359 -0.11613758
v 0.01968577 -0.03753691 0.05812001
v -0.02014431 0.03799734 0.05286210
v -0.00161227 0.02564288 0.09331415
v -0.01101221 0.02882537 0.17579862
v -0.01287092 0.03069273 0.14611964
v -0.00943273 -0.02723821 0.20412483
v -0.02497102 -0.00717715 0.25372233
v -0.00750777 0.02497985 0.25568387
v -0.00658794 0.02419000 0.27672105
v 0.00654949 -0.02434000 0.27040482
v -0.00111779 -0.11376468 -0.36001756
v -0.01681310 -0.11081662 -0.36110848
v -0.00287068 -0.05882199 -0.12098829
v -0.00099379 0.02110763 0.45142115
v 0.00940209 0.02720740 0.20474841
v 0.01412569 -0.11601785 -0.36079123
v 0.02532988 -0.13341265 -0.33757535
v 0.00438185 0.05555553 -0.29444444
v -0.00056955 0.09897172 -0.29444444
v 0.02503794 0.00762403 0.25194530
v 0.00622005 0.05017460 -0.12304340
v 0.02419591 0.00659470 0.27655281
v 0.05579388 -0.13073779 -0.30439114
v 0.02522120 -0.13058645 -0.30481992
v 0.03024499 -0.00141208 0.04016524
v -0.00326109 0.05334794 -0.13579467
v 0.03172525 -0.01389879 0.13097480
v 0.02368886 -0.03281015 0.01362489
v 0.04591942 0.13353492 -0.33750678
v 0.05579388 0.13073778 -0.30439114
v 0.05546282 -0.02222222 -0.14444444
v 0.02767537 0.05332659 -0.13579924
v 0.05215926 -0.13067758 -0.37015603
v 0.02777776 0.00174193 0.40002806
v 0.04246474 0.07545581 -0.18399599
v 0.05788683 0.12798428 -0.37265740
v 0.04182116 0.05787285 -0.11645879
v 0.05668139 0.09140299 -0.23664857
v 0.06396121 -0.08246067 -0.20789291
v 0.05801043 0.04246840 -0.11624214
v -0.05153814 -0.02483001 -0.16140762
v 0.06374856 0.08168286 -0.20532714
v 0.06202424 -0.02764776 -0.13393826
v 0.06208568 0.02816662 -0.13417917
v 0.06202424 0.00097359 -0.13393826
v 0.06254851 0.04592746 -0.10915407
v 0.12918204 -0.03117965 -0.36320123
v -0.04642790 0.02377635 -0.15466639
v 0.02609238 -0.02629003 0.22467830
v 0.11764050 0.01028245 -0.36041260
v 0.03295638 -0.05754787 -0.20561964
v -0.04701836 0.07269210 -0.26468841
v 0.02274587 0.00211143 0.44811743
v 0.07866780 -0.06054848 -0.19512468
v 0.07546762 0.05703661 -0.18406853
v -0.04346273 0.02222222 -0.14444444
v 0.06073442 -0.03669015 -0.22169240
v 0.13633423 -0.06257874 -0.36159566
v -0.02222222 -0.04346273 -0.14444444
v -0.02222222 0.04346272 -0.14444444
v -0.04055984 -0.06468936 -0.23946274
v 0.08542051 -0.02393669 -0.29444444
v -0.03036949 -0.01254914 0.15107936
v 0.12995940 -0.16665215 -0.41565657
v 0.16046525 0.19524635 -0.50000000
v 0.02896155 -0.05748914 -0.18523178
v 0.04994411 -0.02801312 -0.18008226
v 0.13073778 -0.05579390 -0.30439114
v -0.04683282 -0.02894324 -0.03264827
v 0.13338853 -0.01815805 -0.33758887
v 0.13073778 0.05579388 -0.30439114
v 0.04347846 0.02545812 -0.16541474
v 0.01887155 -0.00586784 0.45685028
v 0.13341265 0.02532988 -0.33757535
v 0.13337774 0.00916691 -0.33759492
v 0.10999070 0.13111112 -0.30333335
v 0.13073778 0.11158779 -0.30439114
v 0.05555553 -0.03104917 -0.32632195
v -0.05555556 -0.02679981 -0.32411598
v 0.05555553 0.03015518 -0.32409946
v 0.03153190 -0.05555556 -0.32460329
v 0.13595903 -0.12392140 -0.36092672
v -0.17814407 -0.13936364 -0.48666667
v -0.17801516 -0.21666668 -0.48666667
v 0.21666667 -0.17801516 -0.48666667
v -0.13936364 -0.18056487 -0.48666667
v 0.13936365 -0.17801516 -0.48666667
v -0.17801516 0.21666667 -0.48666667
v -0.18007354 0.13936365 -0.48666667
v -0.13936364 0.17764043 -0.48666667
v 0.17801516 0.13936365 -0.48666667
v 0.13936365 0.17801516 -0.48666667
v 0.18034486 -0.13936364 -0.48666667
v 0.17801516 -0.21666668 -0.48666667
v -0.05172669 0.12045546 -0.36995548
v 0.05555553 0.05555553 -0.33296963
v 0.05555553 -0.05555556 -0.33711192
v -0.05555556 0.05555553 -0.33296963
v -0.05555556 -0.05555556 -0.34000062
v 0.02348734 -0.02348736 0.29808003
v -0.02705676 -0.08394372 -0.29444444
v 0.13428515 -0.05085486 -0.35690074
v -0.05277423 -0.03204822 -0.20124211
v 0.17953417 -0.17965579 -0.50000000
v 0.15212735 0.17411165 -0.42895787
v 0.03704370 -0.01919461 0.06364820
v -0.05426486 0.02952462 -0.18831312
v -0.02251746 -0.02205673 0.34083799
v -0.02421647 -0.05555556 -0.31740168
v 0.17540654 -0.18744422 -0.45273160
v 0.05425997 0.02957478 -0.18871162
v -0.04921137 0.06666667 -0.08888889
v 0.19390805 0.21664451 -0.48662716
v -0.13092445 0.06436098 -0.30386224
v 0.03048426 0.07820233 -0.29444444
v 0.03212728 0.05318514 -0.20152142
v -0.22222222 -0.20048159 -0.48666667
v 0.02527951 0.02528511 -0.16307402
v -0.04420362 -0.04420362 -0.00913439
v -0.22222222 -0.14875858 -0.48666667
v -0.08333333 0.05555553 -0.29444444
v -0.08333333 -0.05555556 -0.29444444
v -0.22222222 0.19426735 -0.48666667
v -0.16851770 0.13333331 -0.48666667
v -0.22222222 0.15139870 -0.48692160
v -0.05555556 -0.08333333 -0.29444444
v -0.00000001 0.02777776 0.43891695
v -0.07986295 -0.02969706 -0.29444444
v -0.16791819 0.13712973 -0.47232032
v 0.09345250 -0.13092445 -0.30386224
v 0.17533803 -0.13694669 -0.47153774
v 0.00421312 0.05797322 -0.11629818
v -0.10388708 -0.13111112 -0.29444444
v 0.09237740 -0.02777060 -0.36291471
v -0.03761495 0.06396553 -0.22704620
v -0.15004240 -0.19717303 -0.45190692
v -0.17163894 -0.19142952 -0.44166550
v -0.16556787 0.13286041 -0.45605999
v -0.01859850 0.00955707 0.20362271
v -0.19774423 -0.19784201 -0.45309980
v 0.05589827 0.03406088 -0.21099851
v -0.15299306 -0.12523573 -0.43754915
v -0.13301984 -0.17976206 -0.45662245
v 0.01539486 -0.02449565 0.11098052
v -0.17718967 0.16515199 -0.43444637
v -0.13111112 0.05035156 -0.29444444
v 0.03580491 0.07211927 -0.21844962
v 0.06518451 0.03941313 -0.23444332
v -0.19001144 0.17022083 -0.43913687
v -0.19437177 0.19388732 -0.44691189
v -0.18141401 0.16162341 -0.42380651
v -0.18261308 0.18261307 -0.42594459
v -0.02360189 0.02360187 0.29821715
v -0.20443772 -0.20271542 -0.50000000
v -0.18457246 -0.19962740 -0.50000000
v -0.01860320 -0.03644985 0.07054444
v 0.19633322 0.22197512 -0.50000000
v -0.16084060 0.14859691 -0.40481093
v 0.02343520 0.01435652 0.12487116
v -0.02484931 -0.04861655 -0.16159752
v 0.02560699 0.04869709 -0.16628286
v 0.08730168 -0.12538738 -0.34207600
v 0.00321038 -0.05807954 -0.11617609
v 0.03134921 -0.07962896 -0.29444444
v -0.03027183 0.05696531 -0.19232011
v 0.05882197 -0.01071323 -0.12098829
v 0.05012652 -0.00062841 -0.12284881
v -0.00972916 0.05882197 -0.12098829
v -0.05877651 0.01224301 -0.12080007
v 0.02646737 0.10720387 -0.36263160
v -0.12462968 -0.08507781 -0.38888917
v 0.03853886 0.06226321 -0.23090373
v -0.15399619 -0.22222222 -0.48666667
v -0.13304895 -0.06438482 -0.37581953
v 0.05333332 0.03554544 -0.08888889
v 0.11418747 -0.01574978 -0.36101251
v -0.13189896 -0.16305154 -0.45334406
v -0.02063249 0.02980191 0.04842963
v -0.00018723 0.03916443 -0.04558655
v 0.03934821 -0.00688039 -0.04718893
v -0.03903644 -0.00291494 -0.04447508
v 0.00038618 -0.03968303 -0.05006485
v -0.04968746 0.07530568 -0.21498009
v -0.11998341 0.00192265 -0.36004606
v 0.13333331 -0.19657624 -0.48666667
v 0.11094267 -0.00288988 -0.36013534
v -0.12448034 -0.09323009 -0.32212052
v 0.02720304 -0.00943032 0.20483646
v -0.13314030 0.06234586 -0.33772809
v -0.03740617 0.01955556 0.05960445
v -0.12464256 -0.05029978 -0.32166090
v -0.13314030 0.03090551 -0.33772809
v -0.12623577 0.15685441 -0.43858899
v -0.13333334 -0.15852022 -0.48666667
v -0.19665057 0.22222222 -0.48666667
v -0.13348372 0.04896898 -0.35651288
v 0.06934589 -0.03774169 -0.16197483
v -0.11771032 -0.07324085 -0.38078375
v 0.00935221 0.05555553 -0.32969078
v -0.05555556 0.01829652 -0.33095040
v -0.11299182 -0.00668313 -0.29444444
v 0.17040517 0.13645071 -0.46895233
v -0.13624690 -0.16681833 -0.46815993
v -0.13314030 -0.07164018 -0.33772809
v -0.12555721 -0.15615605 -0.43827887
v 0.06663589 0.04933152 -0.10484728
v -0.10791126 -0.05937768 -0.37325912
v -0.03546233 0.02632408 -0.01209711
v -0.09556084 0.05519194 -0.37138026
v 0.02350729 0.02350729 0.30071849
v 0.01604534 0.05113716 -0.07117865
v -0.09218981 0.09218980 -0.23848493
v -0.12538738 -0.03692509 -0.34207600
v -0.02813878 0.06666667 -0.08888889
v -0.17883715 0.17609981 -0.50000000
v -0.17013086 -0.17309613 -0.50000000
v 0.09748900 -0.07890112 -0.25470557
v -0.12538738 0.04273975 -0.34207600
v -0.02551620 0.03470481 -0.00202645
v -0.11464085 0.04101470 -0.36618398
v -0.11609797 0.15143823 -0.42190743
v 0.00068697 -0.01888890 0.42239011
v 0.01891817 0.03676612 0.06677963
v -0.12538738 0.01134055 -0.34207600
v -0.12538738 -0.01080461 -0.34207600
v 0.19809897 0.17830836 -0.45355801
v -0.10792047 0.12456383 -0.32188394
v -0.11068295 -0.14033701 -0.41434562
v -0.06836706 -0.13314030 -0.33772809
v -0.01628684 0.04241005 -0.07304594
v 0.17777777 0.13333331 -0.50000000
v 0.13371030 0.17983588 -0.50000000
v 0.17777777 -0.13333334 -0.50000000
v 0.17777777 -0.22222222 -0.50000000
v -0.13333334 0.17727918 -0.48666667
v -0.13333334 0.17729546 -0.50000000
v -0.17881266 0.13376362 -0.50000000
v -0.13340359 -0.18096970 -0.50000000
v 0.22222222 -0.17777778 -0.50000000
v 0.13333331 -0.17777778 -0.50000000
v -0.17820540 -0.13333334 -0.50000000
v -0.17777778 0.22222222 -0.50000000
v -0.17148393 -0.22222222 -0.50000000
v -0.13111112 0.08018374 -0.29444444
v 0.00306842 -0.05555556 -0.32813864
v -0.13111112 0.03628416 -0.30333335
v 0.02257343 -0.02231516 0.34150141
v 0.02926502 -0.02925389 -0.18504950
v -0.09965809 0.13567130 -0.40177357
v -0.09536918 0.11720721 -0.39757356
v -0.15265554 -0.17449661 -0.50000000
v -0.08164232 0.07179862 -0.23531943
v -0.07254088 0.08239079 -0.23764914
v 0.06656120 0.00725618 -0.10508118
v -0.08481338 -0.07494326 -0.24517601
v -0.10546967 -0.13592139 -0.36085955
v 0.19058349 -0.13333334 -0.48666667
v -0.08267632 0.11650952 -0.38712560
v -0.08504529 -0.06660197 -0.21515114
v -0.06489332 0.08331465 -0.20942252
v -0.06455798 -0.08259320 -0.20837030
v -0.09717897 0.06196108 -0.25433284
v -0.06986373 -0.07969124 -0.22912371
v 0.02618928 0.04406715 -0.00896134
v -0.13828732 -0.16928171 -0.47864156
v 0.13763291 0.16750254 -0.47462534
v 0.07633434 -0.07633435 -0.18677318
v 0.08800668 0.12538734 -0.34207600
v 0.07232888 -0.04821172 -0.26908663
v 0.06429300 -0.02952929 -0.18821401
v -0.06041952 0.07016808 -0.19772101
v -0.19457484 -0.13333334 -0.48666667
v -0.22222222 -0.19877408 -0.50000000
v -0.04854992 -0.13341190 -0.35638480
v 0.06784352 0.05988575 -0.15627797
v -0.03458586 -0.03458586 0.09369211
v 0.05056198 -0.06886815 -0.15992537
v -0.13410515 -0.09550111 -0.39774488
v -0.04443859 -0.11682170 -0.36732828
v -0.04975538 0.08410035 -0.21333264
v -0.01383773 -0.03166392 0.13181732
v 0.22222222 0.15444996 -0.50000000
v -0.03149156 0.01366614 0.13424506
v -0.04109066 -0.06255159 -0.10914654
v 0.03198258 0.00907247 -0.14444444
v -0.06666668 -0.05100316 -0.10500069
v -0.12272634 -0.14251693 -0.35444786
v -0.06556167 0.05563999 -0.18106144
v -0.12898834 -0.05459107 -0.37116078
v 0.12538734 0.07830969 -0.34207600
v -0.04741134 0.06666667 -0.10500069
v 0.01565017 -0.00087441 0.46622505
v -0.05144615 -0.06111552 -0.16561672
v -0.05258225 0.07044332 -0.16602903
v -0.13435366 -0.09450159 -0.35806408
v -0.05332661 -0.02957252 -0.13579924
v -0.05319943 0.00713972 -0.13528457
v -0.04481833 -0.03588255 -0.01540195
v -0.07156989 -0.13168490 -0.37972594
v 0.19302635 0.18092466 -0.50000000
v -0.01421615 0.06666667 -0.08888889
v -0.06666668 -0.02883124 -0.10423086
v -0.08481389 0.03519175 -0.21508838
v -0.06213844 0.02081928 -0.10965850
v -0.06660513 0.03199637 -0.10505252
v -0.07437398 0.04614351 -0.26137166
v -0.06778507 -0.04038024 -0.23873718
v 0.03322849 0.12453583 -0.32196325
v -0.05860245 0.06705741 -0.15333726
v -0.01010009 -0.12538738 -0.34207600
v -0.02683004 -0.13105160 -0.30350199
v -0.00324233 -0.13070446 -0.30448556
v 0.06041612 0.05056777 -0.16300337
v -0.02377632 -0.00042435 0.37073908
v 0.09814755 -0.06938368 -0.37856475
v 0.06790244 -0.06790245 -0.15630882
v -0.04789402 0.13314029 -0.33772809
v -0.03798893 0.12444776 -0.32221280
v -0.02266520 0.12538734 -0.34207600
v 0.16670938 -0.13307723 -0.45664062
v -0.02779725 0.13111112 -0.30333335
v -0.00428899 0.13314029 -0.33772809
v 0.09003488 -0.13314030 -0.33772809
v 0.08021537 0.02915876 -0.29444444
v 0.19696738 -0.22222222 -0.48666667
v -0.01113641 0.06140240 -0.11053648
v -0.13111112 -0.04423958 -0.29444444
v -0.16686405 -0.13717368 -0.47228229
v 0.05555553 -0.00131587 -0.33487138
v 0.18101051 0.20676030 -0.50000000
v -0.02896875 0.04685816 -0.03450398
v 0.11027572 -0.04178146 -0.36641576
v -0.03886713 -0.02121451 0.04349831
v -0.03073712 -0.02169627 0.03743460
v -0.03315197 0.02354936 0.01019787
v -0.12458660 0.09005490 -0.32181944
v -0.03360994 -0.02442561 0.00924101
v -0.13073779 -0.06454086 -0.30439114
v 0.02014263 0.06666667 -0.08888889
v -0.11111111 0.08387682 -0.29444444
v 0.05555553 0.08506358 -0.29444444
v -0.05846432 -0.01238812 -0.12106482
v -0.15641440 0.19975670 -0.50000000
v 0.04510296 -0.04510297 -0.01802961
v -0.02310394 -0.06202424 -0.13393826
v 0.00880606 -0.06202424 -0.13393826
v -0.15662725 -0.19904236 -0.50000000
v 0.21261505 -0.14443161 -0.50000000
v -0.01653948 -0.06179790 -0.11007559
v -0.00664703 -0.02394870 0.37153127
v 0.03323139 -0.06096417 -0.11112936
v 0.02957252 -0.05332661 -0.13579924
v 0.15691221 -0.17852805 -0.50000000
v -0.13726851 0.16726953 -0.47271925
v 0.05672552 -0.03181076 -0.20022088
v -0.03049835 0.08319992 -0.29444444
v -0.01041884 0.06666667 -0.10500069
v 0.01988850 0.06202424 -0.13393826
v 0.03530672 0.06179730 -0.11005423
v -0.00614529 -0.06202424 -0.13393826
v 0.03194638 0.06666667 -0.10500069
v -0.03418893 0.03418891 0.09854297
v -0.14977375 -0.15060291 -0.50000000
v -0.02423407 0.01500243 0.11385593
v 0.02094000 -0.06666668 -0.08888889
v -0.01578906 0.02486805 0.10610151
v -0.03414264 -0.08333169 -0.21023958
v -0.02763184 0.00965209 0.20283652
v -0.07063066 -0.07092139 -0.16764383
v -0.01612890 -0.02526552 0.10231878
v -0.01434781 -0.02345732 0.12562849
v 0.20597065 0.15463343 -0.50000000
v -0.02929311 -0.00594300 0.05050403
v -0.03889727 -0.03889727 0.04369929
v 0.01423339 0.03206133 0.12635802
v 0.13314029 -0.08679526 -0.33772809
v -0.00059884 -0.02991650 0.04368542
v 0.00076575 0.03502092 -0.00789258
v -0.03333333 -0.01731294 0.40002806
v -0.00415163 -0.03333333 0.40002806
v 0.13713264 -0.16454535 -0.47204255
v -0.03333333 -0.01882428 0.39336141
v -0.06635496 0.05167375 -0.08888889
v -0.05431326 -0.06666668 -0.09619610
v -0.03294587 0.02201744 0.39271209
v -0.01649314 -0.02608541 0.08789510
v 0.02378978 0.03297381 0.01545864
v 0.03244030 0.02332145 0.01736472
v 0.03328987 -0.00099122 0.00877980
v -0.14117508 -0.10599667 -0.40861701
v 0.00110600 -0.02777778 0.40002806
v 0.22222222 -0.18007497 -0.48666667
v -0.02664656 -0.01160276 0.38015723
v 0.07401524 -0.05584952 -0.17866814
v -0.02777778 0.00125843 0.40002806
v -0.03887806 0.08581465 -0.36557804
v -0.00859353 0.03333333 0.39336141
v 0.02265726 -0.00294166 0.36359381
v -0.02846997 -0.01103206 0.18174234
v -0.01961177 -0.01059579 0.18095142
v 0.03989795 0.03061337 -0.05185612
v -0.03058103 0.03977032 -0.05001812
v -0.01066398 0.02000296 0.17977186
v -0.03791439 0.05333332 -0.08888889
v 0.04417709 -0.02629867 -0.00868147
v 0.03058102 -0.03977033 -0.05001812
v -0.03977033 -0.03058103 -0.05001812
v -0.02253566 0.02253565 0.34015097
v -0.01111111 -0.05408298 -0.14444444
v -0.13996184 0.09673482 -0.36806420
v -0.00113889 0.05113716 -0.07117865
v 0.00065590 0.04241005 -0.07304594
v 0.00157331 -0.04241005 -0.07304594
v -0.00115158 -0.05113717 -0.07117865
v -0.04241005 -0.00038733 -0.07304594
v -0.02603936 0.00789491 0.23645895
v -0.05113717 -0.00156039 -0.07117865
v 0.05113716 0.00000000 -0.07117865
v -0.02548868 -0.02548868 0.24237872
v 0.04241005 0.00136927 -0.07304594
v 0.01111111 -0.03284247 -0.14444444
v -0.02606898 0.02606896 0.22956368
v 0.00965491 -0.05555713 -0.14444444
v 0.08434716 -0.03494524 -0.21438964
v 0.16743998 -0.19416631 -0.46471797
v 0.08241897 0.07233039 -0.23773851
v 0.06281514 -0.12446425 -0.32216610
v 0.21395179 -0.18918127 -0.50000000
v -0.02443399 0.00653623 0.27646557
v -0.00802262 0.01709219 0.23590158
v 0.00509227 0.02287208 0.32212934
v -0.21666668 -0.17245290 -0.48666667
v 0.21637307 0.17056928 -0.48614314
v -0.21666668 0.17245290 -0.48666667
v -0.14632016 -0.11588282 -0.42154450
v -0.07005230 -0.06195613 -0.16448993
v 0.13352180 0.15658460 -0.50000000
v -0.09760581 0.07900461 -0.25561062
v 0.08054456 0.09921136 -0.26035969
v -0.01496995 0.00589697 0.28858236
v -0.01571789 -0.00628707 0.27654138
v -0.20646798 -0.15376018 -0.50000000
v -0.18888718 -0.15373495 -0.50000000
v 0.13483309 0.10028309 -0.35891899
v -0.02284910 0.02284909 0.32474638
v 0.10016458 -0.13555567 -0.36020742
v 0.01231520 -0.03488036 -0.00653155
v -0.20552248 0.20552247 -0.46679509
v 0.00653017 0.02442570 0.27663354
v 0.18742072 0.15532673 -0.50000000
v 0.00802408 0.01726347 0.23162045
v 0.13655630 -0.10025377 -0.36199171
v -0.09047466 0.12538734 -0.34207600
v -0.02299844 0.00518824 0.32219568
v -0.07789155 0.05218076 -0.22288149
v -0.00559749 -0.01511308 0.28045756
v 0.16813368 0.13147288 -0.45218042
v 0.15139800 0.14835071 -0.50000000
v -0.00637847 -0.02392759 0.28290938
v 0.02081521 0.13333760 -0.33761743
v -0.06665129 -0.01362434 -0.10443628
v 0.02244632 -0.04030886 0.02810564
v 0.05798244 0.00839327 -0.11627537
v 0.01610026 0.00712796 0.25319816
v 0.01525583 0.00629689 0.27614439
v -0.16290512 0.18788365 -0.45351517
v -0.03027836 -0.12274050 -0.36343813
v 0.02169625 -0.03073712 0.03743460
v -0.08264643 -0.04845914 -0.20799874
v -0.02295897 -0.02295897 0.31947095
v -0.00083760 0.02223621 0.35630998
v 0.00508418 0.13111112 -0.30333335
v -0.01113374 -0.02015532 0.17187622
v -0.06666668 0.02060222 -0.08888889
v 0.02053163 -0.01150622 0.16562451
v -0.07077039 -0.05238656 -0.16721226
v -0.03318647 -0.03318647 0.11240068
v 0.06651728 -0.01748401 -0.10510984
v -0.17891384 0.19748515 -0.50000000
v -0.05345801 0.00967737 -0.08888889
v -0.20132674 0.20029522 -0.50000000
v -0.05782140 -0.12419860 -0.37263536
v -0.02619439 0.04407232 -0.00840430
v 0.01677491 0.02592137 0.09386403
v 0.00730821 -0.01628331 0.24845869
v 0.02490154 0.02490154 0.25545569
v 0.01590219 0.02503537 0.10528555
v 0.17648781 -0.15779340 -0.50000000
v 0.00264280 0.12538734 -0.34207600
v 0.05164140 -0.06666668 -0.08888889
v 0.05364702 0.07969028 -0.22914000
v -0.01172791 0.02777776 0.40002806
v -0.02419392 -0.00642155 0.27667626
v 0.05056449 -0.07611992 -0.21762607
v -0.02500727 -0.06952417 -0.16262466
v 0.19208142 0.18004377 -0.46100039
v -0.06581214 0.03658772 -0.22264940
v -0.01761697 0.05012652 -0.12284881
v 0.17910478 0.19114244 -0.45932606
v 0.01238320 -0.03020280 0.15363700
v -0.13533536 0.10124034 -0.40352706
v -0.02932212 -0.02932212 0.16823591
v -0.01072081 -0.02730902 0.38192750
v -0.02404566 0.04540202 -0.15636335
v -0.02598236 -0.04385947 -0.00578404
v -0.05818025 0.00167365 -0.11587548
v 0.01061334 -0.01962952 0.18063078
v 0.00794850 -0.02565608 0.24302218
v 0.05882197 -0.02564821 -0.12098829
v 0.02228918 0.00971783 0.35573158
v -0.03082257 0.00092516 0.03401958
v 0.00428901 -0.13314030 -0.33772809
v 0.04861976 -0.06587548 -0.18254420
v -0.08706385 0.13314029 -0.33772809
v 0.02285067 -0.02233413 0.32465804
v 0.02289107 0.02289107 0.32268323
v 0.13302597 0.07763130 -0.35569669
v 0.02602459 0.02581968 0.23052890
v -0.06733053 -0.06744324 -0.15457470
v -0.01251710 0.02732545 0.38206853
v -0.15240727 0.17007695 -0.50000000
v 0.02888939 -0.07544495 -0.18340883
v 0.03867245 0.05333332 -0.08888889
v 0.16395397 0.16594623 -0.50000000
v -0.08908571 -0.03516191 -0.36453903
v 0.02018314 0.01113974 0.17394723
v -0.03572551 -0.01788190 0.07910938
v 0.02704747 0.12538734 -0.34207600
v 0.20109505 -0.15898190 -0.50000000
v 0.03806475 -0.12538738 -0.34207600
v 0.07020509 0.05213950 -0.16516712
v -0.02361802 -0.02361802 0.29678983
v 0.02520389 0.01608836 0.10170315
v 0.03389345 0.03389345 0.10213242
v -0.07420536 -0.12547302 -0.34222871
v 0.04873785 -0.07656360 -0.27102799
v 0.02777776 0.01351633 0.43891695
v -0.03880979 -0.05333335 -0.08888889
v 0.02985294 0.01203497 0.15900442
v -0.02229423 0.00035432 0.35893607
v 0.03297381 -0.02378978 0.01545864
v 0.14994054 -0.13790291 -0.38585761
v 0.03189219 -0.02270765 0.02633261
v 0.06331242 0.09825199 -0.25709940
v 0.04022418 0.04022418 0.02972007
v 0.05332659 -0.02377514 -0.13579924
v 0.05332659 0.02940190 -0.13579924
v -0.01333589 -0.02777778 0.40002806
v 0.02443745 -0.00654069 0.27634086
v -0.13223842 0.17045605 -0.45418015
v 0.05970023 -0.03711886 -0.16011876
v 0.05166928 -0.09675631 -0.36990726
v -0.13333334 -0.16663285 -0.50000000
v -0.09158496 -0.13314030 -0.33772809
v -0.16677751 -0.13212807 -0.45390179
v 0.06185646 0.01910019 -0.10998243
v 0.20299268 0.22222222 -0.48666667
v -0.13333334 0.20017701 -0.48666667
v -0.13341124 0.19975884 -0.50000000
v 0.03559339 0.01775033 0.08072102
v 0.20207436 -0.20089253 -0.50000000
v 0.06131983 0.03836010 -0.16634436
v 0.04748107 0.04748107 -0.03812585
v 0.05580957 -0.06572982 -0.18205325
v 0.11268707 0.14216196 -0.37198733
v 0.03333333 -0.00596583 0.39998631
v -0.13333334 -0.17878977 -0.48666667
v -0.14787728 0.11070728 -0.41441300
v 0.03450546 0.02537327 -0.00297431
v 0.05451933 0.01168807 -0.14444444
v 0.08535869 0.03562582 -0.21693729
v -0.05333335 0.03904112 -0.08888889
v 0.05576576 0.08564782 -0.37165262
v 0.06418452 0.12538734 -0.34207600
v -0.16084858 0.12735255 -0.44207322
v 0.02158483 0.03076989 0.03761541
v 0.00074365 0.00195288 -0.14444444
v -0.04247466 0.06068976 -0.08888889
v 0.03616672 -0.02673823 0.07419560
v 0.06148537 -0.01910387 -0.11044683
v 0.04753413 -0.06163709 -0.11027381
v -0.00431686 -0.02224276 0.35633001
v 0.06202424 0.01418219 -0.13393826
v -0.00045437 -0.02580864 0.09119572
v 0.06666667 -0.02392555 -0.08888889
v -0.14223532 -0.12284597 -0.35394571
v 0.07719581 0.04999610 -0.27530037
v 0.15376351 -0.15590890 -0.50000000
v 0.02547019 -0.04656284 -0.16531955
v 0.05933340 -0.06949059 -0.19542608
v 0.19820385 -0.17841327 -0.45374503
v -0.15555556 -0.13347168 -0.50000000
v -0.09306762 0.01031015 -0.36040511
v -0.10564259 0.02446102 -0.29444444
v 0.15612747 0.13338994 -0.50000000
v -0.22222222 0.20192027 -0.50000000
v 0.20270274 0.13333331 -0.50000000
v 0.20395863 -0.13333334 -0.50000000
v 0.20409889 -0.22222222 -0.50000000
v 0.12768875 0.15966623 -0.44282944
v 0.05333332 0.01775756 -0.08888889
v 0.15659006 -0.13333334 -0.50000000
v 0.05805643 -0.01282546 -0.11611920
v 0.15555554 -0.22222222 -0.50000000
v 0.06470322 -0.00019788 -0.14444444
v -0.15484796 0.12056727 -0.42909420
v 0.02126836 0.00056428 -0.14444444
v -0.06470323 0.00000000 -0.14444444
v 0.00010227 -0.06470323 -0.14444444
v 0.00000000 0.06470322 -0.14444444
v -0.02283982 0.00097471 -0.14444444
v 0.00000000 -0.02222222 -0.14444444
v -0.20444829 0.22222222 -0.50000000
v -0.15339182 0.13333331 -0.50000000
v -0.20000000 -0.13333334 -0.50000000
v -0.15555556 -0.22222222 -0.50000000
v -0.13333334 -0.20000000 -0.50000000
v 0.06845608 0.07827183 -0.22461638
v 0.22222222 -0.15683950 -0.50000000
v 0.10948717 -0.03666974 -0.29444444
v 0.22222222 -0.20117128 -0.50000000
v -0.20000000 0.13333331 -0.50000000
v -0.20000000 -0.22222222 -0.50000000
v 0.13333331 -0.15555556 -0.50000000
v 0.06125366 -0.12538738 -0.34207600
v 0.13333331 -0.20000000 -0.50000000
v -0.06666668 -0.02028822 -0.08918830
v -0.03563673 0.00119689 -0.01373469
v -0.06372678 -0.03674493 -0.15790862
v 0.07222277 -0.08207005 -0.23664051
v 0.08018403 -0.07023037 -0.23027202
v 0.10145591 0.04789566 -0.26616957
v 0.10109250 -0.13111112 -0.29444444
v 0.20797081 -0.17120075 -0.47116081
v -0.15530702 0.22222222 -0.50000000
v -0.02574953 -0.03488262 -0.00423142
v 0.15534592 -0.20020201 -0.50000000
v -0.07100681 -0.03846767 -0.16810296
v 0.05024557 -0.02210486 -0.12333060
v 0.07103628 0.11586682 -0.37937868
v -0.05320598 0.02119101 -0.13531108
v -0.21666668 -0.19295333 -0.48666667
v -0.21666668 0.19455978 -0.48666667
v 0.00000000 -0.04346273 -0.14444444
v -0.04234247 0.00427074 -0.14444444
v 0.00132273 0.03751058 -0.14444444
v -0.13333334 -0.15214845 -0.50000000
v -0.07999517 -0.02277280 -0.36190080
v 0.05555553 -0.00340830 -0.29494193
v -0.05333335 0.02362990 -0.08888889
v -0.05012654 -0.02230306 -0.12284881
v 0.16520652 -0.14451970 -0.50000000
v 0.08089350 -0.04249345 -0.36662494
v 0.08604827 -0.05632425 -0.37190385
v -0.12538738 -0.09132059 -0.34207600
v 0.12538734 0.01052441 -0.34207600
v 0.12538734 -0.01190813 -0.34207600
v 0.20699504 0.20699504 -0.46942088
v -0.16765358 -0.19389376 -0.46423198
v 0.19451827 -0.16864658 -0.46534560
v -0.19375108 0.16635015 -0.46397755
v -0.13333334 0.15531439 -0.50000000
v 0.08958113 0.05250533 -0.37022549
v -0.13333334 0.15354379 -0.48666667
v 0.12378840 0.02610590 -0.36254980
v 0.08577951 -0.01114547 -0.36047319
v -0.04062594 0.01557137 -0.05804544
v 0.16856491 -0.13333334 -0.48666667
v 0.11369920 0.14613512 -0.41849184
v 0.01817388 0.13111112 -0.29444444
v -0.02347695 0.00563757 0.30695231
v -0.01197138 -0.05332661 -0.13579924
v -0.01000180 -0.02777778 0.42117136
v 0.07673104 -0.11516953 -0.38306160
v 0.15679784 0.22222222 -0.48666667
v 0.01143684 0.03327065 0.39325637
v -0.01501068 -0.05113717 -0.07117865
v 0.20902697 0.21199395 -0.50000000
v -0.05777779 0.01729226 -0.11666667
v -0.04868552 -0.08136718 -0.36885962
v -0.06663590 0.00158256 -0.10464169
v -0.05796642 -0.01400929 -0.11626665
v -0.04316364 0.02582389 -0.00029535
v -0.15772566 0.15108122 -0.50000000
v 0.01000000 -0.02777778 0.42113910
v -0.01000002 0.02777776 0.42075734
v 0.02613252 -0.00031462 0.08723894
v -0.01000002 -0.01939695 0.42087356
v -0.01888890 0.01000000 0.42113910
v -0.01888890 -0.01000002 0.42017507
v 0.02777776 0.01000000 0.42113910
v 0.02777776 -0.01000002 0.42113910
v -0.02777778 0.01000000 0.42113910
v -0.02777778 -0.01000002 0.41915615
v 0.01000000 0.02777776 0.42113910
v 0.01888890 0.01000000 0.42113910
v 0.01888890 -0.01000002 0.42201710
v 0.01000000 0.01888890 0.42113910
v -0.01000002 0.01888890 0.42113910
v 0.01000000 -0.01888890 0.42113910
v 0.08500620 0.06656336 -0.21502178
v 0.01388887 0.02777776 0.43891695
v -0.01388889 0.02777776 0.43891695
v 0.11849132 0.05634489 -0.37191256
v 0.00180282 0.06169719 -0.11017343
v 0.12394278 -0.05125114 -0.36976077
v 0.01576837 -0.08896410 -0.36096963
v 0.15565070 -0.12750195 -0.44243506
v -0.09189638 -0.12444444 -0.32222222
v 0.02834926 0.01530304 0.38424010
v -0.11789359 -0.15572711 -0.42462428
v 0.12534368 0.07213411 -0.38007263
v 0.12136129 0.15326402 -0.43040419
v -0.05113717 -0.01584893 -0.07117865
v 0.01416223 -0.03196126 0.12861788
v -0.20021501 0.17617706 -0.50000000
v -0.12466860 -0.07106488 -0.32262192
v 0.03694587 0.01257187 -0.02555675
v 0.06925399 -0.13111112 -0.29444444
v 0.06159165 -0.04632209 -0.11032587
v 0.07685958 0.13087443 -0.29444444
v 0.06202424 -0.01383540 -0.13393826
v 0.01576140 -0.05332661 -0.13579924
v -0.14266605 0.08215566 -0.38675559
v -0.05795205 -0.04399138 -0.11632981
v 0.02616376 0.10480010 -0.29444444
v 0.03470192 0.08454346 -0.36466387
v 0.13883871 0.08405312 -0.38815126
v 0.04797553 -0.02463401 -0.16002359
v -0.04153081 0.02366330 0.01575605
v 0.04101759 -0.04101760 0.02195529
v 0.12806512 -0.14066090 -0.36931072
v 0.13911004 -0.15114772 -0.38801011
v 0.13111112 -0.09208260 -0.30458034
v 0.13111112 -0.08525985 -0.29444444
v 0.13111112 -0.04981429 -0.29444444
v 0.13111112 0.08570124 -0.29444444
v 0.03310280 -0.03285874 0.11233413
v -0.01536966 -0.05230334 -0.08058281
v -0.19770287 0.17842608 -0.45285170
v 0.13722931 0.10105946 -0.40313738
v -0.09303242 -0.00521435 -0.36017883
v 0.17998346 -0.19997863 -0.50000000
v 0.05373784 -0.02888496 -0.08888889
v 0.11458823 0.16422248 -0.39315176
v 0.05777779 -0.03628245 -0.11666667
v 0.04932630 -0.07717127 -0.36905719
v 0.09311760 0.02588882 -0.36250743
v -0.05948376 -0.03694952 -0.15934312
v 0.07077631 0.07077631 -0.16606358
v 0.08198772 0.13256322 -0.35487149
v 0.21231874 -0.16653023 -0.47891374
v -0.02777778 -0.01559840 0.40039164
v -0.20720545 -0.20725434 -0.46988323
v 0.01977710 -0.03314955 0.39305526
v 0.12444443 -0.08829533 -0.32222222
v 0.13314029 -0.05770905 -0.33772809
v -0.18032702 0.15483447 -0.50000000
v 0.13111112 -0.01602497 -0.29444444
v 0.01017356 -0.02379363 0.37073156
v 0.10324476 0.00024800 -0.29444444
v 0.13333331 0.17445796 -0.48666667
v -0.05826903 -0.02719163 -0.12110661
v 0.13314029 0.06056713 -0.33772809
v 0.14623463 -0.11719516 -0.37924947
v 0.13074788 0.01534112 -0.29444444
v 0.06651006 -0.05738508 -0.15120589
v -0.04381682 -0.05197392 -0.07782963
v 0.13103291 0.02981323 -0.30355496
v 0.01722103 0.04064290 -0.05819023
v -0.04500997 0.05217760 -0.07950704
v -0.03986275 0.03986275 0.03353405
v -0.05579370 -0.02531972 -0.29444444
v 0.12701052 -0.15470230 -0.44139732
v 0.05223524 0.04328145 -0.08003377
v 0.14436027 0.11082705 -0.41454078
v 0.16941695 0.19534705 -0.46682343
v 0.02222222 -0.04346273 -0.14444444
v -0.04346273 -0.02222222 -0.14444444
v 0.04328896 0.02227776 -0.14481696
v 0.02222222 0.04319671 -0.14444444
v -0.02940894 0.02940892 0.16867693
v 0.16618605 -0.12935337 -0.41482547
v -0.17885867 -0.19089632 -0.45888716
v 0.04013566 -0.06379671 -0.17536733
v -0.03285339 0.00003129 0.39255710
v 0.08581296 0.03831794 -0.36543881
v 0.14153594 -0.11220359 -0.41637269
v 0.04466178 0.07062910 -0.25568129
v 0.15557621 0.11745237 -0.42393967
v 0.07242499 0.04495022 -0.25683913
v -0.06208303 -0.03233188 -0.10973794
v 0.02734209 -0.01288963 0.38203928
v 0.13352180 0.20102905 -0.50000000
v 0.01076377 0.06666667 -0.10500069
v 0.08421243 -0.14218586 -0.38826821
v 0.01368958 -0.02777778 0.40002806
v 0.04870876 0.03081147 -0.05029063
v -0.05333807 -0.06666668 -0.10500069
v 0.04067731 0.01446271 -0.05845685
v 0.14926760 0.20829682 -0.50000000
v 0.13354970 0.16389943 -0.45833764
v 0.13228439 -0.16699938 -0.45431327
v -0.03089210 -0.11227354 -0.29444444
v 0.05332659 0.01610764 -0.13579924
v 0.05332659 -0.01048088 -0.13579924
v 0.15701197 0.12546710 -0.43805047
v -0.02428624 -0.05333335 -0.08888889
v 0.13314029 -0.00812266 -0.33772809
v 0.08378325 0.00683781 -0.36037151
v 0.05601401 0.06592428 -0.18242485
v -0.02777778 0.01451809 0.40002806
v -0.06804420 0.04971796 -0.15694881
v -0.03423748 -0.05696795 -0.21189215
v 0.04497518 0.08600463 -0.36750971
v -0.22222222 -0.16498996 -0.48666667
v -0.22222222 0.17160047 -0.48666667
v -0.08503622 0.06651161 -0.21636318
v 0.20874162 -0.13333334 -0.48666667
v 0.10358735 -0.05353584 -0.37069779
v 0.03303489 0.01950541 0.39286126
v 0.13333331 -0.17093026 -0.48666667
v -0.02993813 -0.00853178 0.38755352
v 0.04260283 0.00907247 -0.14444444
v 0.15069290 -0.13333334 -0.48666667
v -0.04592347 0.04592345 -0.02568721
v 0.13333331 0.15746472 -0.48666667
v 0.15706664 0.13333331 -0.48669194
v 0.18029182 0.22222222 -0.48666667
v 0.17583929 0.15093922 -0.43203848
v 0.14186658 0.18603101 -0.43203921
v -0.20306561 0.15474685 -0.50000000
v 0.03791981 -0.06541636 -0.22832764
v -0.09736701 0.06980793 -0.37878151
v -0.06804930 -0.02418075 -0.15696469
v -0.16095095 0.13936365 -0.48666667
v 0.06659425 -0.09235110 -0.37687982
v 0.20085090 -0.17900862 -0.50000000
v 0.18166771 0.15808816 -0.44243134
v 0.17193699 0.18397464 -0.44654493
v -0.04336436 -0.06762536 -0.18851207
v 0.16445094 0.17648859 -0.43319631
v 0.00189577 0.08064851 -0.36006249
v 0.07191640 -0.07191641 -0.17136417
v 0.18588871 0.16619118 -0.43178551
v -0.00345737 -0.03622809 -0.01925978
v 0.17662629 0.19641689 -0.45055865
v 0.03655426 -0.00477658 -0.02224670
v 0.03759085 0.04565763 -0.02353146
v -0.13336846 -0.16974496 -0.49333333
v 0.01112152 0.02494600 0.37523432
v -0.03355787 -0.06666668 -0.08888889
v 0.16444726 -0.17648494 -0.43318974
v 0.06102911 -0.06076224 -0.12975130
v 0.04803823 0.06110865 -0.11095103
v 0.18093673 -0.16114615 -0.42295547
v -0.06803967 -0.03667343 -0.15713116
v -0.00722421 -0.02490819 0.25683645
v 0.09608153 0.12453583 -0.32196325
v 0.17027279 -0.19006340 -0.43922951
v -0.00055619 -0.06666668 -0.08888889
v 0.06666667 -0.05563427 -0.09594250
v 0.18843690 -0.16864632 -0.43632926
v -0.04539817 0.06147619 -0.11043660
v 0.02946807 -0.02928118 0.16570446
v 0.19064719 -0.17860956 -0.45844297
v 0.02777776 -0.00713072 0.43891695
v 0.03957209 0.02175627 0.03860062
v -0.02323329 -0.01415883 0.12751607
v -0.04903763 0.03113903 -0.05351998
v 0.17635939 -0.19615000 -0.45008272
v 0.06670729 -0.05698816 -0.18576271
v 0.13333331 0.19840805 -0.48666667
v 0.00307252 0.05882197 -0.12098829
v -0.00128873 0.02991955 0.04364643
v -0.06077310 -0.06077310 -0.12871853
v 0.01500552 0.02777776 0.40002806
v 0.02697931 -0.01781701 0.08022599
v 0.15168150 -0.22222222 -0.48666667
v -0.10852482 0.14060867 -0.36921762
v 0.02777776 0.01502313 0.40002806
v 0.20442238 -0.20442239 -0.46483348
v -0.05915841 -0.04950706 -0.15830582
v 0.03180911 0.05767541 -0.13486875
v -0.15754127 -0.16067614 -0.50000000
v 0.22222222 -0.16463881 -0.48666667
v -0.02779352 -0.06168388 -0.11021613
v 0.22222222 0.16047716 -0.48666667
v 0.02863664 -0.00027006 0.38482096
v 0.21666667 0.20554216 -0.48666667
v 0.22222222 0.20264483 -0.48666667
v 0.19547170 0.19502228 -0.44887324
v -0.17249606 0.22222222 -0.48666667
v 0.02081289 -0.06193307 -0.10990897
v 0.07497141 -0.06599371 -0.18215921
v -0.00160164 -0.08352921 -0.36004979
v 0.16738062 0.21666667 -0.48666667
v 0.15985426 -0.13936364 -0.48666667
v -0.05232369 0.01445781 -0.08074686
v -0.17833346 0.19037110 -0.45795065
v -0.08983702 0.13393734 -0.35732178
v 0.06982166 -0.05144750 -0.16371298
v -0.11619385 -0.14548542 -0.37791348
v 0.06666667 -0.05385028 -0.10500069
v -0.08347128 -0.11100187 -0.29444444
v 0.13073778 0.08369084 -0.30439114
v -0.08369085 0.13073778 -0.30439114
v -0.06207558 -0.00200956 -0.10973912
v -0.16883751 0.18087514 -0.44101810
v -0.02233601 0.01050068 0.34863088
v -0.01348058 0.02237107 0.34649730
v 0.01703189 0.00802291 0.23298115
v 0.09963351 0.06789630 -0.37769746
v -0.01642170 -0.04104654 -0.06155539
v -0.18063160 -0.16859394 -0.44058379
v -0.19309080 -0.17330022 -0.44462777
v 0.08333332 -0.05555556 -0.29444444
v 0.08522728 0.05555553 -0.29444444
v 0.07538437 -0.11111111 -0.29444444
v -0.16020809 0.17999867 -0.42128278
v 0.11111111 0.08354047 -0.29444444
v 0.07970056 0.11111111 -0.29444444
v -0.08357075 0.11111111 -0.29444444
v -0.14310510 0.08993058 -0.39282228
v -0.17343083 0.19322140 -0.44486067
v -0.02029159 -0.05012654 -0.12284881
v 0.11111111 -0.08597691 -0.29444444
v -0.02385383 -0.05882199 -0.12098829
v 0.02033971 -0.05012654 -0.12284881
v 0.00160370 0.02777776 0.40002806
v 0.01909619 -0.05882199 -0.12098829
v 0.05555553 0.02777777 -0.29444444
v 0.00339858 -0.02752400 0.38248696
v 0.04376084 -0.00483767 -0.14444444
v -0.02258773 0.06333208 -0.10824535
v -0.13307551 0.08849794 -0.35578497
v 0.03094821 -0.04884600 -0.05191109
v 0.00314185 -0.05332661 -0.13579924
v -0.15995838 -0.17974896 -0.42083751
v -0.15800596 -0.17004362 -0.42170402
v -0.04516075 -0.06666668 -0.08888889
v -0.18164469 -0.16185410 -0.42421784
v -0.02349540 0.05333726 -0.13579695
v 0.03433212 0.04172860 0.01389544
v 0.02979688 0.02069579 0.04495867
v -0.02358623 0.01122531 0.36975858
v -0.14316278 -0.15553701 -0.39504789
v -0.14246633 -0.16225692 -0.38964687
v -0.11111111 -0.08787926 -0.29444444
v 0.18645854 -0.13447350 -0.46142497
v -0.16495983 -0.14557480 -0.39446652
v -0.15092087 -0.17071146 -0.40472244
v 0.06710566 0.08124231 -0.21871337
v 0.13705780 -0.18600752 -0.47165759
v -0.01167543 0.08275183 -0.36064727
v 0.22222222 0.20316640 -0.50000000
v 0.06653924 -0.00511391 -0.10509551
v -0.03223802 -0.01460998 0.12611269
v 0.02822869 0.05882197 -0.12098829
v -0.15310330 0.17289388 -0.40861400
v -0.13333334 -0.19639362 -0.48666667
v 0.10429716 -0.10429716 -0.27503335
v 0.01661220 -0.04100808 -0.06132663
v -0.13333334 -0.14617622 -0.48666667
v -0.02754849 0.00201188 0.07025686
v 0.00262485 0.02770843 0.06837154
v 0.00120096 -0.02782788 0.06699472
v 0.02778411 -0.00176696 0.06750600
v -0.05862042 -0.00007255 -0.12093245
v -0.14530621 0.16509679 -0.39471076
v 0.12538734 -0.02817731 -0.34207600
v 0.00159727 0.02830679 0.38417178
v -0.15723873 -0.15723873 -0.38069878
v -0.15175183 -0.13971417 -0.38908732
v -0.22222222 -0.15327694 -0.50000000
v -0.02586203 -0.00822150 0.23382816
v 0.08289229 0.13092445 -0.30386224
v 0.14116532 0.11185359 -0.37021022
v -0.20095225 -0.22222222 -0.48666667
v 0.00724804 -0.05012654 -0.12284881
v -0.17108638 -0.13333334 -0.48688550
v 0.00033691 -0.02308427 0.12720406
v -0.14116341 0.14116340 -0.35203435
v 0.01658301 0.03665629 -0.02318218
v -0.13477747 -0.12273956 -0.35881921
v -0.13906639 -0.13906639 -0.34829508
v 0.03027542 -0.02301029 0.15243751
v -0.19628738 0.13333331 -0.48666667
v -0.12400410 0.09032726 -0.39314021
v 0.05458287 -0.06666668 -0.10469359
v -0.12081786 0.13292204 -0.35551138
v 0.12400876 -0.14379935 -0.35673460
v 0.08058667 -0.09904736 -0.25956049
v 0.06666667 0.01819471 -0.08910667
v -0.01393643 0.00500365 0.32348086
v 0.01082720 -0.02863951 0.17890353
v -0.02740085 0.00434074 0.38223906
v -0.08231505 0.04293700 -0.36673091
v -0.12444444 0.06041996 -0.32222222
v 0.19616208 0.13333331 -0.48666667
v 0.05017560 0.07750239 -0.27593034
v -0.18226081 -0.18226081 -0.42531645
v 0.22222222 -0.19442251 -0.48666667
v 0.03766325 -0.06923891 -0.16157623
v -0.12098479 0.07701890 -0.38326584
v 0.01236358 -0.06654854 -0.10489109
v -0.06202424 0.00881493 -0.13393826
v 0.04203310 0.09513616 -0.29444444
v -0.04000945 -0.06666668 -0.10500069
v 0.06659197 -0.02944886 -0.10505527
v 0.02605401 -0.11124019 -0.29444444
v -0.12542306 0.06162633 -0.37432965
v -0.12451159 0.03520936 -0.32234196
v -0.13111112 -0.00683384 -0.30333335
v -0.13111112 -0.01907071 -0.29444444
v -0.12538738 -0.06929147 -0.34207600
v 0.03180911 0.06202424 -0.13393826
v 0.05332659 0.00281338 -0.13579924
v 0.14206224 -0.12227167 -0.35363711
v -0.08062183 -0.04928702 -0.27287616
v 0.08995046 -0.05518124 -0.23176678
v -0.18523218 -0.16075755 -0.44878723
v -0.12444444 0.00810293 -0.32222222
v 0.07032459 -0.05323424 -0.19802542
v -0.12444444 -0.01928779 -0.32222222
v -0.00387093 -0.06190001 -0.10994972
v -0.09629102 0.05183249 -0.25129554
v 0.02659837 -0.04441201 -0.01173554
v 0.01799333 -0.00881192 0.21444496
v -0.05042941 -0.05042941 -0.06468925
v -0.06237694 0.04084738 -0.10936949
v -0.12770440 -0.13974207 -0.36767232
v -0.13284312 -0.15263370 -0.37248741
v 0.13314029 0.08521986 -0.33772809
v 0.21292020 -0.14864292 -0.47998622
v -0.14472876 -0.14035093 -0.50000000
v -0.01248654 -0.03030652 0.15265790
v -0.12538738 0.08107538 -0.34207600
v -0.13111112 -0.11159686 -0.30333335
v -0.12538738 0.06247411 -0.34207600
v 0.20251359 0.19991715 -0.50000000
v 0.02777776 -0.01903959 0.42875955
v -0.02777778 0.01888888 0.42725025
v 0.01888888 0.02777776 0.42725025
v -0.03279971 -0.05767543 -0.13486875
v -0.00150827 0.06202424 -0.13393826
v -0.16512089 -0.14176022 -0.50000000
v -0.06397386 -0.12444444 -0.32222222
v -0.09719516 -0.06219434 -0.25378990
v -0.07986660 0.12444443 -0.32222222
v -0.06643385 0.12544880 -0.34218560
v 0.12538734 -0.08628403 -0.34207600
v -0.04451067 -0.02663098 -0.01309090
v -0.13111112 -0.06807352 -0.29444444
v -0.04898499 -0.03108640 -0.05191346
v -0.07919474 -0.13111112 -0.29444444
v -0.13111112 -0.09679588 -0.29444444
v 0.02280904 0.08337387 -0.36191236
v 0.17781862 0.13333331 -0.48666667
v -0.13111112 0.01729458 -0.29444444
v -0.08394138 0.13111112 -0.29444444
v 0.13429509 0.12225745 -0.35795970
v 0.05838658 0.07651893 -0.18733178
v 0.07626795 0.05054954 -0.21810721
v -0.02777778 0.02777776 0.41947250
v -0.02777778 -0.02743555 0.41734067
v 0.02777776 0.02777776 0.41947250
v -0.07044761 0.07044759 -0.16578908
v 0.02777776 -0.02777778 0.41947250
v 0.01420429 0.00526515 0.31140996
v -0.08985571 0.06336991 -0.26045342
v -0.05767978 0.04622531 -0.11677325
v -0.08479561 -0.12532608 -0.38876686
v 0.03100785 0.04018895 -0.05389699
v 0.04037223 -0.03120396 -0.05593876
v -0.04035212 0.03118394 -0.05576976
v -0.03100785 -0.04018895 -0.05389699
v 0.01596008 -0.02734430 0.38201930
v 0.05808477 0.01998346 -0.11607972
v 0.05788011 -0.00319692 -0.11647102
v 0.05286557 0.09430675 -0.28518739
v -0.07468250 -0.04937077 -0.21246098
v -0.04535301 -0.13111112 -0.29444444
v -0.04615241 0.13066830 -0.29444444
v 0.07891823 -0.04540572 -0.19561897
v -0.19454746 -0.21641490 -0.48621771
v -0.15544933 -0.13936364 -0.48666667
v -0.13936364 -0.19734092 -0.48666667
v 0.13936365 -0.15910963 -0.48666667
v -0.15868940 -0.21666668 -0.48666667
v -0.19562455 0.21666667 -0.48666667
v -0.15868940 0.21666667 -0.48666667
v -0.13936364 -0.15821396 -0.48666667
v -0.00010076 0.02331642 0.12401937
v 0.21666667 -0.15868940 -0.48666667
v 0.21666667 -0.19734092 -0.48666667
v -0.07125551 0.13653284 -0.37957684
v -0.19646749 -0.13932275 -0.48626799
v 0.13936309 -0.19606002 -0.48666126
v 0.19567641 -0.21666668 -0.48666667
v 0.13936365 0.15868940 -0.48666667
v -0.13936364 0.15868940 -0.48666667
v 0.15868940 -0.21666668 -0.48666667
v 0.15781525 0.13936365 -0.48666667
v -0.13936364 0.19734091 -0.48666667
v 0.19637958 0.13936365 -0.48666667
v 0.13936365 0.19734091 -0.48666667
v -0.04617863 -0.12538738 -0.34207600
v -0.00613387 0.05012652 -0.12284881
v -0.02910008 0.05012652 -0.12284881
v 0.08442129 0.13314029 -0.33772809
v -0.02523591 0.07913854 -0.36236707
v 0.02456849 0.00119449 0.37378013
v -0.03575739 0.04462887 -0.01391695
v -0.00519524 0.01414592 0.31630541
v 0.00519053 -0.01412803 0.31442579
v -0.01414593 -0.00519524 0.31630541
v 0.02625002 0.00844950 0.22420436
v 0.05360144 -0.01032783 -0.08888889
v -0.02807173 0.01634767 0.38365622
v -0.13293960 0.08911861 -0.33737022
v -0.02189649 0.03327065 0.39325637
v -0.05272913 -0.07869319 -0.22596940
v 0.04426417 0.02638545 -0.01038510
v -0.05994970 0.05041692 -0.12550142
v -0.09412215 -0.12538738 -0.34207600
v -0.06168895 0.01050727 -0.11019624
v -0.14320338 -0.11421547 -0.37384402
v 0.08350214 -0.06527647 -0.21137931
v 0.02835615 0.03562672 0.08073174
v 0.19258915 -0.13747080 -0.47374390
v 0.02624632 0.03538408 -0.01137158
v 0.03501073 -0.02587531 -0.00790966
v -0.05333335 -0.03285996 -0.08888889
v -0.05335423 -0.00641761 -0.08888889
v -0.06231316 -0.01897090 -0.10946059
v -0.02238556 0.01287755 0.36088779
v -0.06666668 0.00547468 -0.08888889
v 0.05075375 -0.05990101 -0.12530246
v -0.13680443 0.18711899 -0.47054477
v -0.05990101 -0.05075375 -0.12530246
v -0.06666668 -0.04651132 -0.08888889
v 0.05977124 -0.05027241 -0.12477958
v -0.06666668 0.03572977 -0.08888889
v 0.09916213 0.08049585 -0.26022605
v 0.00972942 -0.02753638 0.19870587
v 0.06195958 0.00362900 -0.10985929
v -0.03863360 -0.12444444 -0.32222222
v 0.03902997 -0.02118555 0.04318596
v -0.01075075 -0.12444444 -0.32222222
v -0.01817388 -0.13111112 -0.29444444
v 0.01246051 -0.12538738 -0.34207600
v 0.05130066 -0.05130067 -0.07194984
v -0.01356527 0.13111112 -0.29444444
v 0.00836647 -0.05882199 -0.12098829
v -0.02249543 0.05333332 -0.08888889
v 0.05882197 0.00048661 -0.12098829
v 0.03330045 -0.01546718 0.11008689
v 0.14206396 0.12227337 -0.35364017
v -0.03321615 0.01234289 0.39316503
v 0.01800833 -0.03585250 0.07756010
v -0.03179738 0.02271292 0.02628520
v -0.02271293 -0.03179738 0.02628520
v -0.04062532 -0.02276152 0.02486219
v -0.02293922 0.10519760 -0.36194894
v 0.15440325 -0.13730842 -0.47330135
v 0.02619818 0.07121456 -0.16817480
v -0.05109540 0.05109539 -0.07022719
v 0.00154252 -0.05333335 -0.08888889
v 0.00124759 0.05333332 -0.08888889
v 0.22222222 0.18372578 -0.48666667
v -0.02051653 -0.06666668 -0.08888889
v -0.12614653 0.14593710 -0.36054650
v -0.00741111 -0.06666668 -0.10458250
v 0.03676816 -0.05333335 -0.08888889
v 0.00520242 -0.02296837 0.31853462
v -0.02288728 -0.00516514 0.32019402
v 0.03213827 -0.06643040 -0.10519969
v 0.02296837 0.00520243 0.31853462
v -0.00520245 0.02296837 0.31853462
v 0.00429397 0.06666667 -0.08888889
v 0.02401158 0.05333332 -0.08888889
v 0.09758049 0.06254841 -0.25501326
v 0.03599130 0.06666667 -0.08888889
v -0.06042650 0.06042649 -0.12695246
v -0.02610901 0.01697601 0.08761044
v 0.03694148 -0.03694148 0.06642033
v 0.13729395 0.18904376 -0.47302261
v -0.03264986 0.06202424 -0.13393826
v -0.02480006 -0.01569296 0.10699298
v -0.15220613 0.22222222 -0.48666667
v -0.06355390 -0.05655300 -0.10796223
v -0.01178990 -0.03302987 0.39286327
v -0.08258924 -0.05251683 -0.37024613
v 0.02412284 0.04199223 0.01107810
v -0.03333333 0.00303015 0.40002806
v 0.00287355 0.03333333 0.40002806
v -0.17126314 -0.15100347 -0.50000000
v -0.18155405 -0.20134463 -0.45934545
v 0.02301714 0.05792303 -0.11637849
v -0.01459091 0.05802340 -0.11621788
v 0.13333331 -0.15213180 -0.48666667
v -0.02009994 0.01103832 0.17670849
v 0.00152415 0.03285974 0.39256774
v -0.01751718 0.03535916 0.08448968
v 0.00799869 -0.01735502 0.23242826
v -0.00927129 -0.01830881 0.20881573
v -0.06626316 0.04221713 -0.18381048
v 0.07433076 -0.02809126 -0.17965734
v -0.07648695 -0.02949856 -0.18722230
v -0.06892817 -0.05916389 -0.19276370
v -0.02049849 -0.03835302 0.04904078
v -0.18695309 0.13655405 -0.46952484
v -0.11352991 -0.02966961 -0.29444444
v -0.03279971 -0.06202424 -0.13393826
v -0.13731135 -0.18717269 -0.47310404
v -0.00737605 0.01646274 0.25261369
v 0.00924476 -0.06182736 -0.11003928
v -0.01594458 0.00684106 0.26476283
v -0.04016889 -0.04912269 -0.05393233
v 0.00654048 0.01551744 0.26839827
v -0.03203929 0.05173189 -0.12932288
v -0.00382496 0.02363693 0.37005042
v 0.02316523 -0.01121245 0.44721301
v 0.01262109 -0.03333333 0.40002806
v -0.00678566 -0.01575265 0.26224098
v 0.02352088 -0.01441042 0.12480901
v 0.02777776 0.01861940 0.41076751
v 0.01810690 -0.02777778 0.41042593
v 0.06193332 -0.00875774 -0.10989488
v -0.02587895 -0.00167617 0.09031388
v 0.05777779 -0.04703012 -0.11666667
v 0.01677995 -0.02591021 0.09245119
v 0.01400977 -0.02308108 0.12950984
v 0.05777779 -0.02553478 -0.11666667
v 0.05012652 -0.01234300 -0.12284881
v 0.01527948 -0.00580567 0.27536897
v 0.01564837 0.05882197 -0.12098829
v -0.01507448 -0.03290611 0.11475279
v 0.00652681 -0.01548982 0.26906515
v 0.03881084 0.01503297 -0.04250084
v 0.08353864 0.08353864 -0.21091910
v 0.05882197 0.01168645 -0.12098829
v -0.06285941 -0.05311540 -0.13720917
v -0.05362035 -0.06278771 -0.13691748
v 0.03333333 0.01208191 0.40002806
v 0.06986855 0.06012250 -0.19670581
v -0.01092538 -0.02252427 0.44853890
v -0.01000358 -0.02777778 0.43509251
v -0.00495158 -0.02754154 0.43933125
v -0.05012654 0.02237134 -0.12284881
v 0.08013504 -0.05432519 -0.23002717
v -0.02891509 0.06666667 -0.10500069
v 0.03333333 0.02273680 0.40002806
v 0.01907895 -0.00983953 0.19484325
v 0.01014092 0.01956534 0.18171428
v 0.02539265 -0.01625414 0.10067981
v 0.05012652 0.02212210 -0.12284881
v 0.01605697 -0.00708531 0.25427472
v 0.01993065 -0.02903095 0.05567823
v -0.00468986 0.11262738 -0.36015720
v -0.02904419 -0.01986416 0.05332914
v -0.02231382 -0.03293380 0.39270558
v -0.00031724 0.03220593 0.01970656
v 0.03781597 0.01998555 0.05681538
v -0.01336226 -0.05882199 -0.12098829
v 0.03009341 -0.05882199 -0.12098829
v 0.11501969 -0.14520265 -0.37740925
v -0.07938721 -0.09792331 -0.25606906
v 0.00907744 0.01807600 0.20943510
v 0.02539717 -0.06202424 -0.13393826
v -0.01308397 -0.05796589 -0.11629709
v 0.02154156 -0.05807954 -0.11617609
v 0.22222222 -0.14380164 -0.50000000
v 0.02827112 0.04615762 -0.02822454
v 0.06945898 -0.05971646 -0.19528058
v 0.06810362 -0.04355975 -0.19063582
v 0.02617903 -0.03537027 -0.00887464
v -0.03537027 -0.02617904 -0.00887464
v 0.04034389 -0.12458571 -0.32247411
v 0.00364685 -0.13111112 -0.29444444
v 0.04022852 -0.04918233 -0.05448718
v 0.02777776 -0.01745425 0.43891695
v 0.02777776 0.00319280 0.43891695
v 0.19624596 -0.13936364 -0.48666667
v 0.02777776 0.01902056 0.42537777
v -0.01785902 -0.02777778 0.42329997
v 0.06782046 -0.07648344 -0.18745822
v 0.04272911 -0.04272913 0.00405624
v 0.06771862 0.12462724 -0.32170427
v 0.13755326 0.15288677 -0.47422768
v -0.18478244 -0.13666944 -0.46995709
v -0.13333334 -0.16936134 -0.48666667
v 0.15141475 0.22222222 -0.50000000
v -0.02326798 -0.05802271 -0.11623659
v 0.18885621 0.13720798 -0.47261006
v 0.15156238 0.13625283 -0.46797411
v -0.13314030 -0.09506980 -0.33772809
v -0.02637267 -0.02636076 0.22007674
v 0.03333333 0.00654633 0.39336141
v 0.03316681 -0.02131028 0.39308235
v 0.00622087 -0.03296576 0.39274910
v 0.04275080 0.06691543 -0.18615321
v 0.05727465 0.13513349 -0.35945516
v 0.00498404 0.01411234 0.31755681
v 0.01411234 -0.00516086 0.31755681
v 0.04249907 -0.06666668 -0.10483836
v 0.03021230 -0.05013773 -0.12284641
v 0.08564005 0.09487448 -0.24710275
v -0.02777778 -0.00000001 0.40725021
v -0.01888890 -0.00000001 0.40725021
v 0.01888890 -0.00000001 0.43502799
v 0.02777776 -0.00034494 0.40725021
v 0.02777776 -0.00000001 0.43502799
v 0.01888890 0.00016943 0.40774824
v -0.03028897 -0.05012654 -0.12284881
v -0.01418827 0.03333333 0.40002806
v -0.05093974 -0.06167020 -0.11027404
v 0.05797264 0.03179556 -0.11628382
v 0.02338765 -0.03333333 0.39982802
v -0.13929703 -0.16859995 -0.48666667
v 0.05950704 -0.11501326 -0.37331653
v 0.06558462 -0.13314030 -0.33772809
v 0.06290832 -0.03434300 -0.10869940
v -0.19851930 0.13936365 -0.48666667
v 0.06666667 -0.00204568 -0.08888889
v 0.06666667 -0.04620957 -0.08888889
v 0.06666667 0.04038945 -0.08888889
v 0.21666667 -0.14850939 -0.48666667
v -0.05685588 -0.06657808 -0.18474751
v 0.08610306 -0.12448406 -0.32210998
v 0.03403418 -0.13111112 -0.29444444
v 0.02248597 0.05012652 -0.12284881
v 0.03241915 0.05789794 -0.11641864
v -0.03333333 -0.00749832 0.40002806
v 0.03342263 0.05162384 -0.12890836
v -0.15112412 0.13333331 -0.48666667
v 0.05837925 0.13111112 -0.29444444
v 0.21651987 0.18805572 -0.48640490
v 0.04601342 -0.02812743 -0.02596232
v 0.06986991 -0.13747286 -0.37874384
v 0.03153458 0.05012652 -0.12284881
v -0.00278451 -0.03299781 0.39280619
v 0.03333333 0.00359550 0.39996066
v 0.12538734 0.04105428 -0.34207600
v 0.00440459 -0.02186936 0.44991544
v 0.08305795 0.12939219 -0.38741721
v -0.05113717 0.01513060 -0.07117865
v 0.04930653 0.06666667 -0.10482136
v -0.06666668 0.01692519 -0.09617440
v -0.06663590 0.04933152 -0.10502661
v 0.09422882 0.12693590 -0.39669370
v 0.04234437 -0.01775630 -0.07249999
v -0.05233341 -0.01760548 -0.08082529
v 0.12561198 -0.09291742 -0.39538957
v 0.12363937 -0.08183149 -0.38649284
v 0.07253907 0.08254558 -0.23750230
v -0.03190335 -0.01083673 0.02418375
v 0.17161274 0.20409434 -0.47333477
v 0.13968653 -0.13968654 -0.34940091
v 0.00010977 0.01888890 0.42220727
v 0.01888890 -0.00000001 0.42113910
v -0.01888890 -0.00000001 0.42113910
v -0.06192226 -0.03878041 -0.16857088
v 0.14263682 0.13046757 -0.37252564
v -0.15123384 0.13791316 -0.47612183
v 0.13875589 0.13875589 -0.34774145
v 0.14284888 0.15488653 -0.39467697
v 0.16348296 0.14369237 -0.39183309
v 0.13145521 0.14349285 -0.37436053
v -0.02819284 -0.02834548 0.18515101
v -0.01524678 -0.04240289 -0.07298648
v -0.11111111 -0.07247059 -0.29444444
v -0.00396380 -0.05012654 -0.12284881
v -0.05012654 0.00357741 -0.12284881
v 0.12444443 -0.04168293 -0.32222222
v -0.02071065 -0.02981178 0.04484612
v 0.13111112 -0.03405610 -0.30333335
v -0.05882199 0.02854263 -0.12098829
v 0.12444443 0.08776247 -0.32222222
v 0.12444443 0.05177365 -0.32222222
v 0.12444443 0.01021895 -0.32222222
v 0.13111112 0.00683384 -0.30333335
v 0.13111112 0.04640606 -0.29444444
v 0.11159686 0.13111112 -0.29444444
v 0.02777776 -0.01098624 0.40002806
v 0.09432067 -0.11111111 -0.29444444
v -0.21102767 0.20142159 -0.47661157
v -0.20339036 -0.21232550 -0.47892578
v -0.21231874 -0.20242345 -0.47891374
v -0.20286971 0.21226931 -0.47882560
v 0.15153693 -0.15153694 -0.37053172
v 0.17157346 0.17136827 -0.40625951
v -0.02606242 -0.01692901 0.09045742
v 0.03950474 -0.02218535 -0.14444444
v 0.13266354 -0.07705806 -0.35505037
v 0.16070648 0.16070648 -0.38688225
v -0.04241005 0.01661479 -0.07304594
v 0.05113716 0.01661479 -0.07117865
v -0.04241005 -0.01661479 -0.07304594
v 0.01661479 -0.05113717 -0.07117865
v 0.05113716 -0.01661479 -0.07117865
v 0.02859673 -0.04648460 -0.03120573
v 0.12444443 -0.01330258 -0.32222222
v 0.20032646 -0.17048419 -0.47544783
v -0.17208388 -0.20021788 -0.47550873
v 0.16230388 -0.16230389 -0.38973062
v -0.17161276 -0.20797081 -0.47116081
v -0.16902615 0.20021786 -0.47550873
v -0.20012462 -0.17187404 -0.47534243
v -0.16950675 0.20765512 -0.47133785
v 0.17161274 -0.20021788 -0.47550873
v 0.20021786 0.17161274 -0.47550873
v 0.17161274 -0.20797081 -0.47116081
v 0.16944162 0.20021786 -0.47550873
v -0.18416168 -0.22222222 -0.48666667
v 0.02087146 0.03872748 0.04528818
v -0.21666668 -0.15590827 -0.48666667
v 0.17447987 -0.22222222 -0.48685815
v -0.14991660 -0.13670112 -0.47006437
v -0.13821923 -0.15444640 -0.47811699
v -0.15243962 0.13591206 -0.46659292
v -0.00037895 -0.01639444 0.46377168
v -0.02605481 0.05882197 -0.12098829
v 0.18394499 0.17190733 -0.44649205
v 0.05907895 -0.07753024 -0.19119226
v 0.06814945 0.08635103 -0.22038664
v -0.05653987 0.06636466 -0.18386301
v 0.01141309 -0.02765966 0.43912410
v -0.05349515 -0.01419445 -0.13576318
v 0.18166195 0.18166195 -0.42424863
v 0.01742385 -0.04241005 -0.07304594
v -0.02371028 -0.06666668 -0.10479159
v 0.04163467 -0.07430017 -0.17964071
v 0.01701184 0.04241005 -0.07304594
v 0.17659176 -0.17659177 -0.41520780
v -0.05722995 -0.07563246 -0.18433258
v 0.19088775 -0.19088775 -0.44069944
v 0.18187446 -0.16983683 -0.44280003
v -0.03752591 -0.01977689 0.05936221
v 0.04241005 0.01805723 -0.07304594
v -0.14971007 -0.13234490 -0.45452887
v -0.16600120 0.19472562 -0.46571531
v -0.22222222 -0.18372389 -0.48666667
v -0.16953711 -0.18157477 -0.44226558
v -0.13651868 -0.14881841 -0.46932597
v 0.01277681 0.05332659 -0.13579924
v -0.14118713 -0.16445980 -0.50000000
v -0.17198315 -0.15963024 -0.42516245
v 0.01788180 0.03333333 0.40002806
v -0.17269746 -0.17269746 -0.40826373
v -0.02423123 -0.03334000 0.01102689
v -0.04125069 0.03268375 0.01880865
v -0.00500264 -0.02227967 0.32499692
v 0.02261991 -0.00501522 0.32447891
v 0.22222222 -0.14895707 -0.48666667
v 0.10815901 -0.09691669 -0.28614619
v 0.07069004 -0.05354273 -0.37066690
v -0.06666668 0.01578434 -0.10414967
v -0.16132848 -0.14929082 -0.40616377
v -0.17319260 -0.15350084 -0.40937828
v -0.03333333 0.01767044 0.40002806
v -0.14783880 0.15987643 -0.40357461
v 0.13845425 -0.14808338 -0.47956754
v -0.15739384 0.16969368 -0.42108007
v 0.11970564 -0.13202737 -0.35391599
v 0.02089439 -0.05333335 -0.08888889
v 0.03333333 -0.00833515 0.39336141
v 0.03333333 -0.01880462 0.40002806
v -0.13698911 0.15109557 -0.47138088
v -0.13474076 0.14677839 -0.38021908
v -0.13524149 0.15503207 -0.37676403
v -0.15186767 0.13207707 -0.37112147
v -0.01866804 -0.03333333 0.40002806
v -0.00506652 -0.01400102 0.32007885
v -0.13314030 0.00812264 -0.33772809
v 0.05882197 0.02743291 -0.12098829
v -0.10817034 0.14198353 -0.41117646
v -0.08728226 0.13705699 -0.39062481
v 0.21042484 -0.21042485 -0.47553666
v -0.05378873 0.08564128 -0.37078252
v 0.01567239 0.06180818 -0.11004127
v -0.02777778 -0.00035722 0.43891695
v -0.02104859 -0.00080050 0.45163347
v -0.00625183 0.01520995 0.27753242
v -0.01602783 -0.00705662 0.25507415
v 0.00190572 0.12444443 -0.32222222
v 0.01041757 -0.12463469 -0.32168320
v 0.04176837 0.11622422 -0.36638767
v 0.03724450 -0.06666668 -0.08888889
v 0.06666667 -0.04141372 -0.10500069
v 0.08785899 -0.12569441 -0.39109331
v 0.10376154 0.14153951 -0.40609986
v 0.10942431 -0.14527711 -0.41289142
v 0.13840686 -0.10044631 -0.40264632
v 0.11334971 -0.13314030 -0.33772810
v 0.11761105 -0.15417952 -0.42417483
v 0.12902083 0.14881142 -0.36567180
v 0.15006389 0.15006389 -0.36790510
v 0.14969233 0.12990174 -0.36724256
v 0.15611223 -0.13632165 -0.37869010
v 0.15740673 -0.11932404 -0.42690625
v 0.14836033 0.16815092 -0.40015668
v 0.17611055 0.15631995 -0.41434975
v 0.14946093 0.16149858 -0.40646713
v 0.16275100 0.15071335 -0.40870036
v 0.15388620 -0.16592388 -0.41435797
v 0.15998859 -0.17977919 -0.42089141
v 0.16392205 -0.15188442 -0.41078849
v 0.17215203 -0.16011440 -0.42546364
v 0.15159652 -0.17087220 -0.40500906
v 0.17302745 -0.15323687 -0.40885217
v 0.16220439 0.18199499 -0.42484248
v 0.17263902 0.16060137 -0.42633201
v -0.17556635 0.17556634 -0.41337935
v -0.17000913 0.17000912 -0.40347010
v -0.16134235 0.14155174 -0.38801607
v -0.15786644 0.15737162 -0.38181807
v -0.11434194 -0.04244186 -0.36663977
v -0.03762085 0.12078364 -0.36519151
v -0.03429143 0.06166651 -0.11020997
v 0.06088782 0.03530292 -0.11127332
v 0.12538734 -0.05456606 -0.34207600
v 0.13929174 0.15908233 -0.38398618
v 0.15404802 0.14201037 -0.39318179
v 0.13807712 -0.15786773 -0.38182036
v 0.15703390 0.16907155 -0.41997073
v -0.16829627 0.14850567 -0.40041585
v -0.15271786 -0.13292727 -0.37263746
v 0.06660512 0.03199637 -0.10505252
v 0.11273588 0.04041163 -0.36600944
v -0.16811517 0.15607749 -0.41826533
v -0.02693051 0.11070900 -0.29444444
v -0.09797820 -0.13769037 -0.40011796
v 0.04396313 -0.11708568 -0.36714945
v 0.09634325 -0.14002222 -0.39854906
v -0.06172068 -0.04796552 -0.11017329
v 0.03014239 -0.10299630 -0.36330961
v 0.12546210 -0.06739957 -0.37743874
v 0.15546335 0.17525395 -0.41282232
v -0.06724278 0.11194440 -0.37723282
v -0.06450195 -0.08763882 -0.37559043
f 1 2 1127
f 1633 2 1
f 1 1127 1283
f 1283 1164 1
f 1 1164 1633
f 2 9 1127
f 1989 9 2
f 2 1633 1989
f 1130 4 3
f 3 4 1625
f 1985 1130 3
f 1625 1452 3
f 3 1452 1985
f 1130 10 4
f 4 10 1282
f 4 1282 1625
f 5 6 1135
f 1632 6 5
f 1135 953 5
f 5 953 1842
f 1842 1632 5
f 6 11 1135
f 1998 11 6
f 6 1632 1998
f 1606 8 7
f 7 8 1623
f 7 1491 1606
f 1623 1491 7
f 1133 12 8
f 8 12 1205
f 1606 1133 8
f 8 1205 1623
f 1652 1127 9
f 2400 1652 9
f 2399 1764 9
f 9 1764 2400
f 9 1989 2096
f 9 2096 2399
f 10 15 18
f 2428 15 10
f 10 18 2108
f 10 1130 2428
f 2108 1282 10
f 11 13 16
f 2335 13 11
f 11 16 1444
f 1444 1135 11
f 11 1998 2335
f 12 1133 1653
f 2101 1205 12
f 2398 1458 12
f 12 1458 2401
f 12 1653 2398
f 2401 2101 12
f 24 16 13
f 2223 24 13
f 2335 2223 13
f 14 15 1442
f 2420 15 14
f 955 20 14
f 14 20 2420
f 1926 955 14
f 1764 1150 14
f 14 1150 1926
f 14 1442 1652
f 14 1652 2400
f 2400 1764 14
f 19 18 15
f 21 19 15
f 2420 21 15
f 2428 1442 15
f 22 17 16
f 16 17 1444
f 29 22 16
f 16 24 26
f 16 26 29
f 17 22 23
f 17 23 956
f 17 956 1750
f 17 1160 1458
f 1750 1160 17
f 1653 1444 17
f 17 1458 2398
f 2398 1653 17
f 18 19 27
f 27 25 18
f 18 25 2302
f 2302 2108 18
f 19 21 30
f 30 27 19
f 20 955 2420
f 955 30 21
f 2420 955 21
f 1671 23 22
f 22 29 1671
f 1671 956 23
f 28 26 24
f 1148 28 24
f 2223 1148 24
f 25 27 37
f 37 35 25
f 25 35 1565
f 25 1565 2302
f 26 28 36
f 38 29 26
f 26 36 38
f 27 30 41
f 41 37 27
f 39 36 28
f 1585 39 28
f 28 1148 1585
f 29 38 1155
f 1155 956 29
f 29 956 1671
f 2032 41 30
f 30 955 2032
f 31 32 2209
f 2416 32 31
f 2096 1094 31
f 31 1094 2418
f 31 1150 1764
f 2209 1150 31
f 31 1764 2399
f 2399 2096 31
f 2418 2416 31
f 32 1669 1794
f 2416 1669 32
f 32 1794 2209
f 33 34 1910
f 2421 34 33
f 33 1910 2453
f 33 2419 2421
f 2453 2419 33
f 34 1098 2101
f 2421 1098 34
f 1458 1160 34
f 34 1160 1935
f 2401 1458 34
f 1935 1910 34
f 34 2101 2401
f 35 37 43
f 43 40 35
f 35 40 1152
f 35 1152 1565
f 48 38 36
f 36 39 44
f 36 44 48
f 37 41 45
f 45 43 37
f 38 48 2542
f 2542 1155 38
f 39 42 46
f 1616 42 39
f 46 44 39
f 39 1585 1616
f 40 43 50
f 50 47 40
f 40 47 1445
f 1445 1152 40
f 2459 45 41
f 2032 1925 41
f 41 1925 2459
f 54 46 42
f 42 49 54
f 1578 49 42
f 1616 1578 42
f 43 45 52
f 52 50 43
f 44 46 53
f 53 48 44
f 2470 52 45
f 45 2459 2470
f 58 53 46
f 46 54 58
f 47 50 56
f 56 51 47
f 47 51 1400
f 47 1400 1445
f 48 53 2542
f 59 54 49
f 49 55 59
f 1511 55 49
f 1578 1511 49
f 50 52 960
f 960 56 50
f 51 56 57
f 51 57 1288
f 51 1288 1400
f 1984 960 52
f 2470 1984 52
f 53 58 959
f 53 959 1168
f 53 1168 2542
f 59 58 54
f 63 59 55
f 55 61 63
f 1734 61 55
f 55 1511 1934
f 1934 1734 55
f 62 57 56
f 70 62 56
f 960 70 56
f 62 60 57
f 57 60 1181
f 57 1181 1288
f 58 59 73
f 58 73 961
f 961 959 58
f 59 63 73
f 60 62 76
f 76 68 60
f 60 68 1184
f 1208 1181 60
f 60 1184 1208
f 79 63 61
f 61 69 79
f 2022 69 61
f 61 1734 2015
f 61 2015 2022
f 62 70 80
f 80 76 62
f 91 73 63
f 63 79 91
f 72 65 64
f 64 65 2416
f 1146 72 64
f 64 97 104
f 2100 97 64
f 64 104 127
f 64 127 1146
f 64 1094 2100
f 2418 1094 64
f 64 2416 2418
f 65 72 1669
f 65 1669 2416
f 75 67 66
f 66 67 2421
f 66 74 75
f 2453 74 66
f 2421 2419 66
f 66 2419 2453
f 67 75 111
f 111 100 67
f 67 100 2102
f 67 2102 2421
f 86 71 68
f 68 71 1184
f 68 76 86
f 69 78 88
f 2022 78 69
f 88 79 69
f 2138 80 70
f 70 960 1984
f 70 1984 2138
f 92 77 71
f 71 77 2529
f 71 86 92
f 1299 1184 71
f 2529 1299 71
f 1146 82 72
f 72 82 2455
f 2455 1669 72
f 73 91 1420
f 1420 961 73
f 87 75 74
f 1476 87 74
f 2453 1476 74
f 75 87 90
f 75 90 129
f 129 111 75
f 76 80 94
f 94 86 76
f 95 83 77
f 77 83 965
f 77 92 95
f 77 965 2529
f 78 81 93
f 1230 81 78
f 93 88 78
f 2022 1230 78
f 79 88 970
f 970 91 79
f 1305 94 80
f 2138 1305 80
f 81 85 102
f 966 85 81
f 102 93 81
f 81 951 966
f 1230 951 81
f 82 89 110
f 1146 89 82
f 82 110 1950
f 82 1950 2455
f 105 84 83
f 83 84 967
f 83 95 105
f 967 965 83
f 108 85 84
f 84 85 1194
f 84 105 108
f 1194 967 84
f 107 102 85
f 108 107 85
f 85 966 1194
f 106 92 86
f 86 94 106
f 96 90 87
f 2475 96 87
f 87 1476 1919
f 87 1919 2475
f 88 93 1206
f 1206 970 88
f 113 110 89
f 152 113 89
f 89 139 152
f 1146 139 89
f 90 96 112
f 90 112 148
f 148 129 90
f 91 970 1946
f 1946 1420 91
f 114 95 92
f 92 106 114
f 93 102 130
f 93 130 1206
f 2026 106 94
f 94 1305 2026
f 128 105 95
f 95 114 128
f 131 112 96
f 2473 131 96
f 2475 2473 96
f 2098 104 97
f 1183 118 97
f 97 118 1971
f 2100 1183 97
f 97 1971 2098
f 2097 101 98
f 98 101 2431
f 98 120 954
f 1974 120 98
f 98 954 2097
f 98 1204 1974
f 2103 1204 98
f 2431 2103 98
f 99 103 2376
f 2480 103 99
f 99 122 1674
f 2347 122 99
f 99 1674 2112
f 99 1846 2347
f 2376 1846 99
f 99 2112 2480
f 100 111 2115
f 1568 124 100
f 100 124 2201
f 2115 1568 100
f 2201 2102 100
f 2430 109 101
f 101 109 2456
f 101 2097 2430
f 2456 2431 101
f 102 107 137
f 137 130 102
f 103 115 2432
f 2480 115 103
f 2432 2376 103
f 2226 127 104
f 104 2098 2226
f 975 108 105
f 105 128 975
f 2026 114 106
f 107 108 140
f 140 137 107
f 975 140 108
f 109 116 1187
f 2452 116 109
f 109 1187 2456
f 109 2430 2452
f 110 113 138
f 110 138 1950
f 111 129 2150
f 2150 2115 111
f 112 131 149
f 154 148 112
f 112 149 154
f 141 138 113
f 152 141 113
f 1223 128 114
f 2026 1223 114
f 1203 142 115
f 115 142 1585
f 1585 1148 115
f 115 1148 2432
f 1560 1203 115
f 2480 1560 115
f 1152 136 116
f 116 136 1215
f 2452 1152 116
f 1215 1187 116
f 117 118 1183
f 1627 118 117
f 117 1183 1626
f 117 1626 1627
f 118 1627 1971
f 954 120 119
f 119 120 1974
f 1602 954 119
f 2046 1602 119
f 1974 1657 119
f 119 1657 2046
f 121 122 1624
f 1672 122 121
f 121 1624 1694
f 1694 1672 121
f 2347 1624 122
f 122 1672 1674
f 123 124 1569
f 2201 124 123
f 1569 1353 123
f 123 1353 1645
f 123 1645 2201
f 124 1568 1569
f 125 143 1995
f 2308 143 125
f 125 146 1197
f 1996 146 125
f 125 1197 2308
f 1995 1596 125
f 125 1596 1996
f 961 144 126
f 126 144 2131
f 1346 147 126
f 126 147 1993
f 2483 961 126
f 2131 1346 126
f 126 1993 2483
f 127 139 1146
f 1153 139 127
f 2226 1153 127
f 1223 975 128
f 129 148 1560
f 129 1560 2150
f 130 137 1228
f 1228 1206 130
f 131 145 149
f 2481 145 131
f 131 2473 2481
f 978 133 132
f 132 133 2049
f 132 146 978
f 2049 146 132
f 1143 164 133
f 133 164 2067
f 133 978 1143
f 2067 2049 133
f 974 135 134
f 134 135 976
f 134 147 974
f 976 147 134
f 1254 167 135
f 135 167 2071
f 135 974 1254
f 2071 976 135
f 1152 151 136
f 136 151 1215
f 137 140 1234
f 1234 1228 137
f 138 141 153
f 138 153 1957
f 1957 1950 138
f 1215 152 139
f 139 1153 1187
f 139 1187 1215
f 140 975 1235
f 1235 1234 140
f 141 152 157
f 156 153 141
f 157 156 141
f 1203 150 142
f 142 150 1616
f 1616 1585 142
f 1665 1305 143
f 143 1305 1995
f 2308 1665 143
f 144 961 1946
f 144 1946 2048
f 144 2048 2131
f 163 149 145
f 170 163 145
f 2481 170 145
f 146 159 1719
f 1996 159 146
f 1719 978 146
f 2049 1197 146
f 1237 162 147
f 147 162 1993
f 1346 974 147
f 147 976 1237
f 148 154 1203
f 148 1203 1560
f 171 154 149
f 149 163 171
f 150 158 1578
f 2488 158 150
f 150 1203 1231
f 150 1231 2488
f 150 1578 1616
f 151 155 1238
f 1445 155 151
f 151 1152 1445
f 1721 1215 151
f 151 1238 1721
f 1721 157 152
f 152 1215 1721
f 153 156 179
f 179 178 153
f 153 178 1913
f 153 1913 1957
f 154 171 1231
f 1231 1203 154
f 155 172 1238
f 1400 172 155
f 1445 1400 155
f 156 157 181
f 181 179 156
f 1238 181 157
f 1721 1238 157
f 1259 169 158
f 158 169 1511
f 2488 1259 158
f 158 1511 1578
f 1297 160 159
f 159 160 2136
f 1996 1297 159
f 159 1564 1719
f 2136 1564 159
f 2042 1266 160
f 160 1266 2136
f 160 1297 2042
f 161 162 1524
f 2001 162 161
f 1524 1463 161
f 161 1463 1911
f 161 1911 2001
f 162 1237 1524
f 2183 1993 162
f 162 2001 2183
f 163 170 190
f 186 171 163
f 212 186 163
f 163 190 212
f 185 174 164
f 164 174 1959
f 207 185 164
f 1915 207 164
f 164 1143 2066
f 2066 1915 164
f 164 1959 2067
f 175 173 165
f 165 173 1132
f 2383 175 165
f 165 1132 2224
f 165 1337 2064
f 2224 1337 165
f 165 2064 2383
f 166 168 176
f 1131 168 166
f 166 176 1350
f 1604 1131 166
f 1254 1156 166
f 166 1156 1604
f 1350 1254 166
f 167 177 180
f 1350 177 167
f 167 180 210
f 167 210 1933
f 167 1254 1350
f 167 1933 2071
f 1272 176 168
f 1316 188 168
f 168 188 2037
f 168 1131 1316
f 2037 1272 168
f 1260 189 169
f 169 189 1999
f 169 1259 1260
f 1999 1511 169
f 170 187 190
f 1890 187 170
f 2481 1890 170
f 171 186 2488
f 2488 1231 171
f 1288 184 172
f 172 184 2544
f 2544 1238 172
f 1400 1288 172
f 173 175 2059
f 173 196 2030
f 2059 196 173
f 2030 1132 173
f 192 175 174
f 174 175 2383
f 185 183 174
f 174 183 198
f 174 191 192
f 198 191 174
f 2383 1959 174
f 175 192 199
f 175 199 2059
f 194 177 176
f 176 177 1350
f 176 193 194
f 2081 193 176
f 176 1272 2081
f 1448 180 177
f 177 194 202
f 177 202 1448
f 178 179 195
f 178 195 219
f 178 219 1266
f 178 1266 1913
f 179 181 205
f 205 195 179
f 217 210 180
f 1222 217 180
f 1448 1222 180
f 2544 205 181
f 181 1238 2544
f 182 201 1222
f 1828 201 182
f 182 202 1262
f 1448 202 182
f 182 1222 1448
f 182 1262 1828
f 183 185 203
f 1265 198 183
f 183 203 1269
f 183 225 1265
f 1269 225 183
f 1181 204 184
f 184 204 2083
f 1288 1181 184
f 184 2083 2544
f 216 203 185
f 185 207 2279
f 2279 216 185
f 186 212 1259
f 186 1259 2488
f 218 190 187
f 230 218 187
f 1911 230 187
f 187 1890 1911
f 1313 983 188
f 188 983 2037
f 1507 1313 188
f 188 1316 1507
f 1268 222 189
f 189 222 2015
f 189 1260 1268
f 2015 1999 189
f 232 212 190
f 190 218 232
f 198 192 191
f 192 198 199
f 202 194 193
f 2081 202 193
f 195 205 237
f 224 219 195
f 237 224 195
f 196 197 206
f 2059 197 196
f 196 206 1317
f 196 1317 2030
f 197 199 211
f 2059 199 197
f 1479 206 197
f 197 211 2092
f 2092 1479 197
f 211 199 198
f 1265 211 198
f 1262 202 200
f 200 202 2081
f 1272 983 200
f 200 983 1465
f 1465 1262 200
f 2081 1272 200
f 201 217 1222
f 1270 217 201
f 984 231 201
f 201 231 1270
f 1828 984 201
f 203 216 1271
f 203 223 1269
f 1271 223 203
f 1208 236 204
f 204 236 2552
f 204 1181 1208
f 2552 2083 204
f 2083 237 205
f 2544 2083 205
f 1479 214 206
f 206 214 2220
f 206 1113 1317
f 2220 1113 206
f 207 208 221
f 239 208 207
f 207 221 2279
f 1915 239 207
f 240 221 208
f 208 239 240
f 209 210 215
f 241 210 209
f 209 215 241
f 217 215 210
f 210 241 242
f 210 242 295
f 210 295 1933
f 1265 225 211
f 211 225 2092
f 212 232 2489
f 2489 1259 212
f 213 220 986
f 1313 220 213
f 986 226 213
f 213 226 1465
f 213 983 1313
f 1465 983 213
f 214 233 1648
f 2092 233 214
f 1648 235 214
f 214 235 2220
f 214 1479 2092
f 215 217 1263
f 254 241 215
f 274 254 215
f 1263 274 215
f 216 221 1273
f 2279 221 216
f 1273 1271 216
f 217 243 1263
f 1270 243 217
f 218 230 246
f 269 232 218
f 218 246 269
f 219 224 980
f 219 980 1545
f 2136 1266 219
f 219 1545 2136
f 238 229 220
f 220 229 986
f 1117 238 220
f 1507 1117 220
f 220 1313 1507
f 221 240 255
f 221 255 1273
f 222 234 1844
f 2551 234 222
f 222 1268 2551
f 222 1844 2015
f 223 985 1269
f 1379 985 223
f 223 1271 2447
f 2447 1379 223
f 224 237 268
f 268 265 224
f 224 265 980
f 1269 985 225
f 225 985 2221
f 2221 2092 225
f 1298 227 226
f 226 227 1465
f 226 986 2218
f 2218 1298 226
f 1298 984 227
f 227 984 1828
f 227 1262 1465
f 1828 1262 227
f 1298 272 228
f 228 272 1823
f 228 984 1298
f 2078 984 228
f 228 1823 2078
f 229 238 261
f 261 258 229
f 229 258 986
f 230 245 246
f 1911 245 230
f 231 984 2078
f 231 987 1270
f 2078 987 231
f 232 269 2107
f 232 2107 2489
f 2221 257 233
f 233 257 2374
f 2374 1648 233
f 233 2092 2221
f 234 293 1219
f 2491 293 234
f 234 1219 1844
f 2551 2491 234
f 1051 380 235
f 235 380 1113
f 1845 1051 235
f 235 1113 2220
f 235 1648 1845
f 2204 285 236
f 236 285 2552
f 236 1208 1217
f 236 1217 2204
f 1309 268 237
f 2083 1309 237
f 264 261 238
f 1058 264 238
f 1117 1058 238
f 253 240 239
f 297 253 239
f 239 284 297
f 1915 284 239
f 240 253 255
f 256 242 241
f 241 254 256
f 242 256 308
f 308 295 242
f 1193 274 243
f 243 274 1263
f 243 315 1193
f 1281 315 243
f 1270 987 243
f 243 987 1281
f 1273 307 244
f 244 307 1851
f 244 1271 1273
f 2447 1271 244
f 244 1851 2340
f 244 2340 2447
f 311 246 245
f 245 299 311
f 2061 299 245
f 245 1911 2061
f 306 269 246
f 311 306 246
f 247 259 1529
f 2254 259 247
f 1529 321 247
f 247 321 2255
f 247 1886 2254
f 2255 1886 247
f 248 262 271
f 1823 262 248
f 248 271 2135
f 330 324 248
f 248 324 1319
f 2195 330 248
f 248 1319 2078
f 2078 1823 248
f 248 2135 2195
f 249 250 1296
f 1394 250 249
f 249 266 1809
f 2202 266 249
f 249 1296 2202
f 1809 1394 249
f 1951 300 250
f 250 300 2152
f 2152 1296 250
f 250 1394 1951
f 251 252 1301
f 2361 252 251
f 1301 267 251
f 251 267 2361
f 252 301 1122
f 1393 301 252
f 252 1122 1301
f 2361 1393 252
f 314 255 253
f 253 297 325
f 325 314 253
f 277 256 254
f 254 274 277
f 255 314 2133
f 2133 1273 255
f 256 277 335
f 335 308 256
f 257 985 1486
f 2221 985 257
f 257 1486 1893
f 257 1893 2374
f 258 261 282
f 282 272 258
f 258 272 1298
f 2218 986 258
f 258 1298 2218
f 270 260 259
f 259 260 280
f 2254 270 259
f 259 280 1893
f 1486 1446 259
f 259 1446 1529
f 1893 1486 259
f 991 263 260
f 260 263 1845
f 260 270 991
f 281 280 260
f 1639 281 260
f 1867 1639 260
f 260 1845 1867
f 271 262 261
f 261 262 283
f 261 264 992
f 992 271 261
f 283 282 261
f 262 272 283
f 1823 272 262
f 263 991 993
f 263 993 1618
f 1789 1051 263
f 263 1051 1845
f 263 1618 1789
f 2017 992 264
f 264 1058 1066
f 264 1066 1655
f 1655 1618 264
f 264 1618 2017
f 265 268 333
f 333 320 265
f 265 320 1284
f 1284 980 265
f 266 279 2328
f 2547 279 266
f 2328 1809 266
f 266 2202 2547
f 989 278 267
f 267 278 2082
f 1874 989 267
f 267 1301 1874
f 2082 2041 267
f 267 2041 2361
f 1492 333 268
f 268 1309 1492
f 269 306 2107
f 270 275 302
f 2151 275 270
f 270 302 991
f 270 1886 2151
f 2254 1886 270
f 303 276 271
f 271 276 2135
f 994 303 271
f 271 992 994
f 272 282 283
f 1303 321 273
f 273 321 1529
f 2340 1303 273
f 1529 1379 273
f 273 1379 2447
f 2447 2340 273
f 1290 277 274
f 274 1193 1290
f 275 279 1735
f 2151 279 275
f 312 302 275
f 1773 312 275
f 1735 997 275
f 275 997 1773
f 276 303 313
f 276 313 2389
f 276 998 2082
f 2389 998 276
f 276 2082 2135
f 355 335 277
f 1290 355 277
f 989 349 278
f 278 349 2195
f 2135 2082 278
f 2195 2135 278
f 279 346 999
f 1886 346 279
f 279 999 2328
f 2547 1735 279
f 2151 1886 279
f 280 281 1893
f 281 1639 1759
f 281 1759 1893
f 1136 297 284
f 1814 1136 284
f 2093 1814 284
f 284 1915 2066
f 284 2066 2093
f 285 287 1109
f 2204 287 285
f 1109 332 285
f 285 332 1690
f 285 1690 2552
f 286 298 1136
f 2030 298 286
f 1111 988 286
f 286 988 1119
f 1109 1089 286
f 286 1089 1783
f 1119 1109 286
f 1136 1111 286
f 1138 1132 286
f 286 1132 2030
f 1783 1138 286
f 287 288 1109
f 1535 288 287
f 2204 1535 287
f 288 289 1089
f 1658 289 288
f 288 1089 1109
f 288 1535 1658
f 289 977 1089
f 1752 977 289
f 289 1658 1752
f 290 291 1210
f 1603 291 290
f 1210 977 290
f 290 977 1603
f 291 292 1108
f 2008 292 291
f 1603 951 291
f 291 951 2008
f 291 1108 1210
f 292 293 1108
f 2008 293 292
f 293 305 1108
f 2491 305 293
f 2008 1219 293
f 294 295 308
f 1366 295 294
f 294 308 1062
f 1062 338 294
f 294 338 1316
f 294 957 1028
f 1108 957 294
f 1131 982 294
f 294 982 1210
f 294 1028 1366
f 1210 1108 294
f 1316 1131 294
f 295 1366 2543
f 2071 1933 295
f 2094 2071 295
f 2543 2094 295
f 352 315 296
f 296 315 2438
f 324 323 296
f 296 323 352
f 1304 324 296
f 296 987 1304
f 2438 987 296
f 297 298 1071
f 1136 298 297
f 1071 325 297
f 298 342 1071
f 1317 342 298
f 2030 1317 298
f 343 311 299
f 299 331 343
f 2061 331 299
f 2040 309 300
f 300 309 2144
f 300 1548 1778
f 1951 1548 300
f 300 1778 2040
f 300 2144 2152
f 1588 1122 301
f 301 1393 2154
f 301 1414 1588
f 1781 1414 301
f 2154 1582 301
f 301 1582 2178
f 2178 1781 301
f 302 312 1306
f 1306 991 302
f 994 313 303
f 304 310 1880
f 2178 310 304
f 304 316 1836
f 1880 316 304
f 1341 372 304
f 304 372 2178
f 1836 1341 304
f 305 375 1108
f 2491 375 305
f 306 311 334
f 306 334 2530
f 2530 1105 306
f 306 1105 2551
f 2551 2107 306
f 307 314 996
f 2133 314 307
f 307 996 1851
f 307 1273 2133
f 308 335 1062
f 1417 336 309
f 309 336 2410
f 2065 1417 309
f 309 1724 2364
f 2410 1724 309
f 309 2040 2065
f 2364 2144 309
f 310 337 1880
f 2408 337 310
f 310 1582 1660
f 2178 1582 310
f 310 1660 1909
f 310 1909 2358
f 310 2358 2408
f 343 334 311
f 1661 1306 312
f 1773 1661 312
f 313 994 2261
f 313 2261 2389
f 314 325 1377
f 314 373 996
f 1377 373 314
f 353 317 315
f 315 317 1290
f 315 352 353
f 1290 1193 315
f 315 1281 2438
f 316 350 1218
f 1880 350 316
f 316 1218 1693
f 316 1693 1836
f 317 353 398
f 398 355 317
f 317 355 1290
f 1129 949 318
f 318 949 2174
f 1308 1129 318
f 2063 1308 318
f 2174 1347 318
f 318 1347 2289
f 2289 2063 318
f 319 378 1515
f 2230 378 319
f 1308 1079 319
f 319 1079 2065
f 319 1129 1308
f 1515 1129 319
f 2065 2040 319
f 319 2040 2230
f 320 333 376
f 384 351 320
f 320 351 1284
f 320 376 384
f 321 322 359
f 1303 322 321
f 359 327 321
f 321 327 2255
f 322 344 360
f 1303 344 322
f 360 359 322
f 323 324 362
f 361 352 323
f 362 361 323
f 324 330 362
f 324 1304 1319
f 325 1071 1824
f 1824 1377 325
f 359 344 326
f 326 344 996
f 1505 359 326
f 996 373 326
f 326 373 1505
f 327 328 346
f 2055 328 327
f 327 346 1886
f 327 359 2225
f 327 1886 2255
f 2225 2055 327
f 347 346 328
f 1005 347 328
f 2055 1005 328
f 329 330 349
f 2199 330 329
f 349 348 329
f 329 348 2232
f 329 1953 2199
f 2232 1953 329
f 2195 349 330
f 2199 362 330
f 406 343 331
f 434 406 331
f 1329 434 331
f 2061 1329 331
f 332 423 950
f 1109 423 332
f 332 950 1690
f 1289 376 333
f 1492 1289 333
f 334 343 425
f 334 425 2530
f 335 338 1062
f 1145 338 335
f 335 355 1145
f 336 1417 2410
f 337 1677 2086
f 2408 1677 337
f 2086 1880 337
f 1145 357 338
f 338 357 1507
f 1507 1316 338
f 1200 354 339
f 339 354 1782
f 339 374 1200
f 2172 374 339
f 1740 1345 339
f 339 1345 2172
f 2463 1740 339
f 339 1782 2463
f 340 1166 1286
f 2222 1166 340
f 340 1286 1537
f 340 1343 1384
f 2450 1343 340
f 340 1384 2222
f 340 1537 2450
f 341 381 1493
f 1782 381 341
f 341 1493 2124
f 1836 1693 341
f 341 1693 2463
f 2463 1782 341
f 2124 1836 341
f 1113 380 342
f 342 380 1824
f 1824 1071 342
f 1317 1113 342
f 343 406 425
f 344 359 360
f 1851 996 344
f 344 1303 1851
f 1417 1079 345
f 345 1079 2063
f 345 1191 1417
f 1638 1191 345
f 2289 1638 345
f 345 2063 2289
f 346 347 2326
f 1007 999 346
f 1938 1007 346
f 2326 1938 346
f 347 1005 2326
f 348 349 2434
f 348 2120 2232
f 2434 2120 348
f 349 989 1010
f 349 1010 2434
f 350 1191 1638
f 1677 1191 350
f 1638 1218 350
f 2086 1677 350
f 350 1880 2086
f 351 384 409
f 351 409 2118
f 2118 1284 351
f 362 353 352
f 352 361 362
f 353 362 398
f 1200 356 354
f 354 356 1372
f 354 1012 1782
f 2215 1012 354
f 354 1372 2215
f 355 357 1145
f 1175 357 355
f 355 398 1175
f 1293 364 356
f 356 364 1372
f 1200 374 356
f 356 374 2196
f 1374 1293 356
f 2196 1374 356
f 357 399 1117
f 1175 399 357
f 357 1117 1507
f 1487 363 358
f 358 363 1968
f 358 1286 1487
f 1537 1286 358
f 2404 1537 358
f 1968 1879 358
f 358 1879 2200
f 358 2200 2404
f 359 417 1355
f 1505 417 359
f 359 1355 2225
f 421 398 362
f 2199 421 362
f 1512 1073 363
f 363 1073 1968
f 1487 1291 363
f 363 1291 2047
f 2047 1512 363
f 1293 383 364
f 364 383 1792
f 1015 433 364
f 364 433 1372
f 1792 1015 364
f 365 366 1392
f 2484 366 365
f 1392 388 365
f 365 388 2273
f 365 2273 2484
f 366 389 1389
f 2484 389 366
f 366 1389 1392
f 1395 368 367
f 367 368 2132
f 367 397 1395
f 2132 397 367
f 368 395 2327
f 2472 395 368
f 368 1395 2472
f 2327 2132 368
f 369 370 2087
f 2382 370 369
f 2087 378 369
f 369 378 2230
f 1778 1548 369
f 369 1548 1818
f 1749 1687 369
f 369 1687 2382
f 1818 1749 369
f 2040 1778 369
f 2230 2040 369
f 370 1924 2087
f 2382 1924 370
f 1240 372 371
f 371 372 1412
f 1412 1240 371
f 372 1240 1421
f 372 1341 1412
f 372 1414 1781
f 2166 1414 372
f 372 1421 2166
f 372 1781 2178
f 373 380 1170
f 1824 380 373
f 373 1170 1505
f 373 1377 1824
f 1521 1383 374
f 374 1383 1975
f 2172 1521 374
f 374 1975 2196
f 375 424 957
f 2122 424 375
f 375 957 1108
f 375 1406 2122
f 2491 1406 375
f 450 384 376
f 1022 450 376
f 1477 1022 376
f 376 1289 1477
f 1388 1189 377
f 377 1189 1412
f 377 1229 1388
f 1493 1229 377
f 1412 1341 377
f 377 1341 1493
f 378 382 1515
f 2087 382 378
f 1975 1383 379
f 379 1383 2272
f 379 1537 2404
f 2450 1537 379
f 2241 1975 379
f 2404 2241 379
f 379 2272 2450
f 380 418 1170
f 1789 418 380
f 380 1051 1789
f 1012 1006 381
f 381 1006 1229
f 1782 1012 381
f 381 1229 1493
f 382 1192 1856
f 1924 1192 382
f 1646 1515 382
f 1856 1646 382
f 2087 1924 382
f 1378 386 383
f 383 386 1792
f 1293 408 383
f 383 408 2213
f 2213 1378 383
f 448 409 384
f 450 448 384
f 1409 387 385
f 385 387 2309
f 385 426 1410
f 1986 426 385
f 1410 1409 385
f 2309 1986 385
f 386 449 1014
f 1432 449 386
f 386 1014 1792
f 386 1378 1432
f 387 1016 2309
f 2381 1016 387
f 387 1409 2381
f 388 407 1360
f 1403 407 388
f 388 1360 1513
f 388 1392 1403
f 388 1513 2203
f 388 2203 2273
f 1558 455 389
f 389 455 2076
f 1763 1389 389
f 2484 1558 389
f 2076 1763 389
f 390 392 2076
f 2493 392 390
f 2258 410 390
f 390 410 2493
f 390 2076 2297
f 2260 2258 390
f 390 2259 2260
f 2297 2259 390
f 1704 428 391
f 391 428 2321
f 391 1405 1763
f 2320 1405 391
f 2076 1704 391
f 391 1763 2076
f 2321 2320 391
f 392 394 429
f 2493 394 392
f 392 429 1704
f 392 1704 2076
f 393 395 1822
f 2075 395 393
f 393 430 1703
f 2321 430 393
f 1822 1405 393
f 393 1405 2320
f 393 1703 2075
f 393 2320 2321
f 394 396 2053
f 2493 396 394
f 431 429 394
f 1703 431 394
f 2053 1703 394
f 395 460 1502
f 2075 460 395
f 395 1502 2327
f 2472 1822 395
f 396 403 1713
f 2493 403 396
f 1713 461 396
f 396 461 2075
f 2075 2053 396
f 1530 402 397
f 397 402 2130
f 2130 1395 397
f 2132 1530 397
f 398 421 1514
f 1514 1175 398
f 399 419 1058
f 1514 419 399
f 399 1058 1117
f 399 1175 1514
f 1019 1018 400
f 400 1018 1432
f 1163 1019 400
f 1439 1163 400
f 1432 1426 400
f 400 1426 1439
f 401 405 1503
f 1542 405 401
f 401 1017 1429
f 1503 1017 401
f 401 1429 1868
f 401 1469 1542
f 1868 1469 401
f 402 412 1956
f 2233 412 402
f 402 1530 2233
f 402 1956 2007
f 402 2007 2130
f 403 435 1024
f 2494 435 403
f 403 1024 1713
f 403 2493 2494
f 1384 949 404
f 404 949 1515
f 2222 1384 404
f 404 1515 2462
f 404 2173 2387
f 2462 2173 404
f 2387 2222 404
f 405 437 1451
f 2127 437 405
f 405 1451 1503
f 1542 1480 405
f 405 1480 2187
f 2187 2127 405
f 453 425 406
f 406 434 468
f 468 453 406
f 1324 416 407
f 407 416 1592
f 1403 1324 407
f 1592 1360 407
f 1879 413 408
f 408 413 2213
f 408 1293 1374
f 408 1374 1879
f 409 448 474
f 409 474 1320
f 409 1320 2118
f 2258 436 410
f 410 436 2494
f 2494 2493 410
f 1396 1166 411
f 411 1166 2222
f 411 1387 1977
f 2387 1387 411
f 1977 1396 411
f 411 2222 2387
f 1481 420 412
f 412 420 2147
f 2233 1481 412
f 2147 1956 412
f 413 1073 1410
f 1879 1073 413
f 413 1410 2213
f 414 415 443
f 1550 415 414
f 1118 416 414
f 414 416 1550
f 414 443 2187
f 1480 1118 414
f 2187 1480 414
f 444 443 415
f 1464 444 415
f 415 1418 1455
f 1920 1418 415
f 415 1455 1464
f 415 1550 1920
f 416 1118 1592
f 416 1324 1550
f 1170 1069 417
f 417 1069 1419
f 1505 1170 417
f 1370 1355 417
f 1619 1370 417
f 417 1419 1619
f 418 1069 1170
f 1654 1069 418
f 1621 1587 418
f 418 1587 1622
f 1655 1621 418
f 418 1622 1654
f 1789 1655 418
f 1066 1058 419
f 1655 1066 419
f 1514 1070 419
f 419 1070 1656
f 419 1587 1621
f 1656 1587 419
f 419 1621 1655
f 420 1418 1920
f 1921 1418 420
f 420 1481 1921
f 420 1920 2147
f 421 1009 1620
f 2199 1009 421
f 421 1070 1514
f 1620 1070 421
f 422 433 1376
f 2215 433 422
f 1188 1012 422
f 422 1012 2215
f 1376 1013 422
f 422 1013 1494
f 1885 1188 422
f 422 1494 1976
f 1976 1885 422
f 1255 477 423
f 423 477 1906
f 1022 950 423
f 1906 1022 423
f 423 1109 1119
f 423 1119 1255
f 424 478 957
f 1965 478 424
f 2122 1965 424
f 425 453 2271
f 2271 2175 425
f 425 2175 2530
f 426 432 1149
f 2496 432 426
f 426 1149 1410
f 426 1986 2496
f 1286 1166 427
f 427 1166 1396
f 1487 1286 427
f 1396 1380 427
f 427 1380 2249
f 2249 1487 427
f 1704 1700 428
f 428 1700 2373
f 2373 2321 428
f 429 431 2373
f 429 1700 1704
f 2373 1700 429
f 430 1699 1703
f 2373 1699 430
f 430 2321 2373
f 1703 1699 431
f 431 1699 2373
f 1378 1149 432
f 1426 1378 432
f 2229 1426 432
f 2496 2229 432
f 1015 442 433
f 433 442 1376
f 2215 1372 433
f 434 464 468
f 1329 464 434
f 435 436 439
f 2494 436 435
f 435 439 441
f 435 441 512
f 435 512 519
f 435 519 1024
f 2433 439 436
f 436 2258 2433
f 437 438 1450
f 2127 438 437
f 437 1450 1451
f 1681 1450 438
f 438 1464 1681
f 2005 1464 438
f 2127 2005 438
f 446 441 439
f 439 445 446
f 505 445 439
f 510 505 439
f 2433 510 439
f 1483 447 440
f 440 447 2047
f 440 508 1483
f 1992 508 440
f 440 1291 1381
f 2047 1291 440
f 440 1381 1992
f 441 446 512
f 442 499 2104
f 2266 499 442
f 1015 1014 442
f 442 1014 1413
f 2104 1376 442
f 442 1413 2266
f 443 444 2005
f 443 2005 2127
f 443 2127 2187
f 444 1464 2005
f 452 446 445
f 445 451 452
f 505 451 445
f 446 452 506
f 446 506 512
f 2217 1016 447
f 447 1016 2381
f 447 1483 2217
f 447 1512 2047
f 2381 1512 447
f 448 450 475
f 475 474 448
f 449 454 1413
f 1440 454 449
f 1413 1014 449
f 1432 1018 449
f 449 1018 1440
f 476 475 450
f 1021 476 450
f 1022 1021 450
f 503 452 451
f 505 503 451
f 452 503 504
f 452 504 506
f 453 468 500
f 453 500 2271
f 2266 1413 454
f 454 1440 1461
f 454 1461 2280
f 2280 2266 454
f 490 456 455
f 455 456 1698
f 1401 490 455
f 1558 1401 455
f 1698 1683 455
f 455 1683 2297
f 2297 2076 455
f 456 490 492
f 456 492 1232
f 456 1232 1698
f 493 491 457
f 457 491 2259
f 1232 493 457
f 1698 1232 457
f 2259 1698 457
f 494 460 458
f 458 460 1709
f 2371 494 458
f 458 1709 2371
f 459 461 495
f 1709 461 459
f 459 495 2371
f 2371 1709 459
f 460 494 496
f 460 496 1940
f 1940 1502 460
f 460 1696 1709
f 2075 1696 460
f 497 495 461
f 1137 497 461
f 1713 1137 461
f 1709 1696 461
f 461 1696 2075
f 2217 463 462
f 462 463 2236
f 462 1016 2217
f 2309 1016 462
f 1868 1429 462
f 462 1429 2309
f 2236 1868 462
f 463 489 2216
f 2217 489 463
f 2216 1495 463
f 463 1495 2236
f 507 468 464
f 525 507 464
f 1499 525 464
f 464 1329 1499
f 1019 467 465
f 465 467 2125
f 2315 483 465
f 465 483 2495
f 2495 1019 465
f 465 2125 2315
f 466 469 1469
f 2485 469 466
f 1466 486 466
f 466 486 2126
f 1469 1466 466
f 466 2126 2485
f 467 1019 1163
f 467 1163 1455
f 467 1455 2190
f 2190 2125 467
f 507 500 468
f 1542 1469 469
f 469 1480 1542
f 2464 1480 469
f 2485 2464 469
f 470 471 479
f 2464 471 470
f 470 479 1592
f 470 1118 1480
f 1592 1118 470
f 470 1480 2464
f 480 479 471
f 2485 480 471
f 471 2464 2485
f 472 473 481
f 2190 473 472
f 472 481 2315
f 472 2125 2190
f 2315 2125 472
f 482 481 473
f 1481 482 473
f 1455 1418 473
f 473 1418 1921
f 2190 1455 473
f 1921 1481 473
f 474 475 509
f 474 509 2162
f 2162 1320 474
f 475 476 518
f 518 509 475
f 530 518 476
f 1026 530 476
f 476 1021 1026
f 1255 501 477
f 477 501 1906
f 478 502 1209
f 1853 502 478
f 1209 957 478
f 1965 1853 478
f 479 480 2186
f 1257 542 479
f 479 542 1592
f 1525 1257 479
f 2186 1525 479
f 480 2126 2186
f 2485 2126 480
f 481 482 1441
f 481 1441 2315
f 1481 544 482
f 482 544 1526
f 1526 1441 482
f 483 484 1459
f 2315 484 483
f 483 1459 2231
f 483 2231 2495
f 1220 554 484
f 484 554 1459
f 1526 1220 484
f 484 1441 1526
f 2315 1441 484
f 485 486 1020
f 2126 486 485
f 1020 555 485
f 485 555 1110
f 485 1110 1525
f 485 1525 2186
f 2186 2126 485
f 2250 1020 486
f 486 1466 2250
f 487 567 1025
f 1528 567 487
f 487 1025 2280
f 487 1459 1496
f 2231 1459 487
f 487 1461 2231
f 2280 1461 487
f 487 1496 1528
f 488 489 2156
f 2216 489 488
f 488 568 1059
f 2156 568 488
f 488 1059 1518
f 488 1518 2216
f 489 1517 2156
f 2217 1517 489
f 1695 492 490
f 490 1401 1807
f 2239 1695 490
f 490 1807 2239
f 491 493 1695
f 2079 571 491
f 491 571 2439
f 491 1695 2079
f 2260 2259 491
f 2439 2260 491
f 1710 1232 492
f 492 1695 1710
f 493 1232 1710
f 1710 1695 493
f 1708 496 494
f 2371 1708 494
f 495 497 1708
f 495 1708 2371
f 1708 1705 496
f 496 1705 2077
f 496 1887 1940
f 2077 1887 496
f 1712 577 497
f 497 577 2054
f 497 1137 1712
f 497 1705 1708
f 2054 1705 497
f 1385 499 498
f 498 499 2266
f 498 567 583
f 1025 567 498
f 498 583 1385
f 2280 1025 498
f 498 2266 2280
f 499 1385 1497
f 499 1497 2104
f 500 507 535
f 500 535 538
f 500 538 1180
f 1180 952 500
f 500 952 2271
f 1091 589 501
f 501 589 1717
f 1255 1091 501
f 501 1717 1906
f 502 539 1209
f 2068 539 502
f 1853 952 502
f 502 952 2068
f 506 504 503
f 503 505 506
f 510 506 505
f 506 510 512
f 507 525 535
f 1517 1483 508
f 508 1510 1517
f 1725 1510 508
f 2244 1725 508
f 508 1992 2244
f 509 518 553
f 509 553 1540
f 509 1540 2162
f 1302 512 510
f 510 524 1302
f 2433 524 510
f 511 584 1725
f 1748 584 511
f 511 948 1748
f 2171 948 511
f 1725 1154 511
f 511 1154 2243
f 2243 2171 511
f 1302 519 512
f 513 1233 1494
f 2140 1233 513
f 1497 1385 513
f 513 1385 1544
f 513 1494 1497
f 513 1544 2140
f 514 515 547
f 2316 515 514
f 514 547 2465
f 2465 2316 514
f 548 547 515
f 2189 548 515
f 515 2080 2189
f 2316 2080 515
f 516 517 2080
f 2247 517 516
f 516 549 1559
f 2316 549 516
f 516 1559 2247
f 516 2080 2316
f 1032 551 517
f 517 551 2080
f 1475 1032 517
f 2247 1475 517
f 518 530 590
f 590 553 518
f 519 532 1024
f 1063 532 519
f 1083 1063 519
f 1302 1083 519
f 520 1011 2171
f 2270 1011 520
f 520 1594 1977
f 2243 1594 520
f 520 1977 2270
f 520 2171 2243
f 1494 1233 521
f 521 1233 2427
f 1976 1494 521
f 521 1586 1885
f 2427 1586 521
f 521 1885 1976
f 522 523 1922
f 2039 523 522
f 522 558 2039
f 2269 558 522
f 1922 1474 522
f 522 1474 2269
f 1536 563 523
f 523 563 2128
f 2265 1536 523
f 2128 1922 523
f 523 2039 2265
f 524 531 1083
f 2356 531 524
f 524 1083 1302
f 2433 2356 524
f 580 535 525
f 1538 580 525
f 525 1499 1538
f 1707 572 526
f 526 572 2325
f 2372 1707 526
f 526 2325 2372
f 527 573 1707
f 2322 573 527
f 527 1707 2372
f 2372 2322 527
f 528 574 1706
f 2325 574 528
f 528 1706 2372
f 2372 2325 528
f 1706 575 529
f 529 575 2322
f 2372 1706 529
f 529 2322 2372
f 530 582 590
f 2548 582 530
f 530 1026 2548
f 531 571 2293
f 2439 571 531
f 2234 1083 531
f 2293 2234 531
f 531 2356 2439
f 1547 577 532
f 532 577 1712
f 1137 1024 532
f 532 1063 1547
f 1712 1137 532
f 533 536 1485
f 2237 536 533
f 533 578 1037
f 1485 578 533
f 533 1037 2237
f 1472 1038 534
f 534 1038 2288
f 1741 1472 534
f 2299 1741 534
f 2288 2038 534
f 534 2038 2299
f 613 538 535
f 535 580 613
f 1169 587 536
f 536 587 1549
f 2237 1169 536
f 1536 1485 536
f 1549 1536 536
f 537 1397 1586
f 2205 1397 537
f 537 1555 1954
f 2427 1555 537
f 537 1586 2427
f 537 1954 2205
f 538 613 623
f 538 623 2499
f 2499 1180 538
f 539 628 1106
f 1737 628 539
f 539 1106 1209
f 2068 1737 539
f 540 556 600
f 1599 556 540
f 540 600 629
f 540 629 2281
f 540 1356 1619
f 2281 1356 540
f 1619 1433 540
f 540 1433 1788
f 1788 1599 540
f 541 552 1788
f 2405 552 541
f 541 1431 1622
f 1788 1431 541
f 541 1587 1617
f 1622 1587 541
f 541 1617 1944
f 541 1944 2405
f 1257 547 542
f 542 547 1408
f 1408 550 542
f 542 550 1770
f 1770 1592 542
f 1128 1082 543
f 543 1082 1790
f 1791 1128 543
f 543 1295 1617
f 1790 1295 543
f 1617 1587 543
f 543 1587 1656
f 543 1656 1791
f 1481 546 544
f 544 546 1520
f 1520 548 544
f 544 548 1526
f 545 603 605
f 1368 603 545
f 545 605 2177
f 545 1171 1791
f 2177 1171 545
f 1620 1368 545
f 1656 1620 545
f 1791 1656 545
f 1861 557 546
f 546 557 2123
f 546 1408 1520
f 2123 1408 546
f 546 1481 2233
f 2233 1861 546
f 547 548 1520
f 547 1257 1525
f 1520 1408 547
f 547 1525 2465
f 2189 1526 548
f 1110 555 549
f 549 555 1559
f 1525 1110 549
f 2465 1525 549
f 549 2316 2465
f 550 561 1770
f 1803 561 550
f 550 1408 2123
f 2123 1803 550
f 1032 554 551
f 551 554 1220
f 551 1220 1526
f 551 1526 2189
f 2189 2080 551
f 552 1258 1599
f 1739 1258 552
f 552 1599 1788
f 2405 1739 552
f 553 590 646
f 553 646 1540
f 1032 1030 554
f 554 1030 1496
f 1496 1459 554
f 1059 558 555
f 555 558 1559
f 555 1020 1518
f 1518 1059 555
f 2014 600 556
f 556 1076 1532
f 1599 1076 556
f 556 1532 2444
f 2444 2014 556
f 557 569 1720
f 1861 569 557
f 557 1720 2123
f 558 1059 1198
f 558 1198 2039
f 2269 1559 558
f 559 1192 1416
f 1856 1192 559
f 559 1416 2413
f 559 1457 1856
f 2288 1457 559
f 559 2038 2288
f 2413 2038 559
f 1570 1543 560
f 560 1543 1697
f 2275 1570 560
f 560 1697 1978
f 1978 1955 560
f 560 1955 2275
f 1803 585 561
f 561 585 2088
f 2088 1770 561
f 1553 1035 562
f 562 1035 1978
f 1888 1116 562
f 562 1116 2159
f 2159 1553 562
f 1978 1888 562
f 563 567 1528
f 1549 567 563
f 563 1528 2128
f 563 1536 1549
f 564 566 2084
f 2285 566 564
f 1780 1189 564
f 564 1189 1994
f 2142 1274 564
f 564 1274 2285
f 2084 1780 564
f 564 1994 2142
f 1126 607 565
f 565 607 1151
f 1121 1082 565
f 565 1082 1128
f 1151 1121 565
f 1171 1126 565
f 565 1128 1171
f 640 594 566
f 566 594 2084
f 1573 640 566
f 1859 1573 566
f 2285 1859 566
f 1549 583 567
f 568 578 1198
f 1875 578 568
f 1198 1059 568
f 2006 1875 568
f 2156 2006 568
f 1686 597 569
f 569 597 1831
f 1982 1686 569
f 1831 1720 569
f 569 1861 1982
f 570 572 2079
f 2396 572 570
f 2330 596 570
f 570 596 2479
f 570 1807 2235
f 2239 1807 570
f 570 2079 2239
f 570 2235 2330
f 2479 2396 570
f 2079 2052 571
f 571 2052 2293
f 572 1044 2323
f 2396 1044 572
f 1707 1702 572
f 572 1702 2079
f 572 2323 2325
f 573 1702 1707
f 2052 1702 573
f 573 1877 2293
f 2324 1877 573
f 2293 2052 573
f 573 2322 2324
f 574 1044 1891
f 2323 1044 574
f 574 1701 1706
f 2238 1701 574
f 574 1891 2238
f 2325 2323 574
f 575 1547 2294
f 2296 1547 575
f 1706 1701 575
f 575 1701 2296
f 575 2294 2324
f 2324 2322 575
f 2264 598 576
f 576 598 2460
f 576 1887 2077
f 2460 1887 576
f 2238 1891 576
f 576 1891 2256
f 576 2077 2238
f 576 2256 2264
f 577 1547 2296
f 2077 2054 577
f 2296 2077 577
f 1997 1037 578
f 2265 1198 578
f 578 1485 2265
f 578 1875 1997
f 579 605 1045
f 2177 605 579
f 639 608 579
f 579 608 1157
f 1045 639 579
f 1157 1126 579
f 579 1126 1171
f 579 1171 2177
f 2314 613 580
f 580 1538 1584
f 580 1584 2314
f 581 615 656
f 1843 615 581
f 656 622 581
f 581 622 1532
f 1076 1061 581
f 581 1061 1843
f 1532 1076 581
f 652 590 582
f 582 648 652
f 1043 648 582
f 2545 1043 582
f 2548 2545 582
f 583 587 1544
f 1549 587 583
f 1544 1385 583
f 1748 1037 584
f 584 1037 1997
f 584 1510 1725
f 1875 1510 584
f 1997 1875 584
f 585 595 1765
f 2311 595 585
f 585 1765 2088
f 585 1803 2478
f 2478 2311 585
f 1067 624 586
f 586 624 1843
f 586 1061 1076
f 1843 1061 586
f 1365 1067 586
f 586 1076 1258
f 1258 1077 586
f 586 1077 1365
f 587 1169 1543
f 587 1543 1570
f 1570 1544 587
f 588 948 1589
f 1748 948 588
f 1589 1116 588
f 588 1116 1888
f 2168 1748 588
f 588 1888 2267
f 2267 2168 588
f 1107 627 589
f 589 627 1757
f 589 1091 1107
f 2548 1717 589
f 589 1757 2548
f 652 646 590
f 1416 592 591
f 591 592 2411
f 591 660 2163
f 2185 660 591
f 1947 1416 591
f 2292 1947 591
f 591 2163 2292
f 2477 2185 591
f 591 2411 2477
f 592 1416 1973
f 592 1973 2442
f 2442 2411 592
f 2084 594 593
f 593 594 2445
f 593 1780 2084
f 2445 1780 593
f 594 640 661
f 594 661 1533
f 2192 1221 594
f 594 1221 2445
f 594 1533 2192
f 2311 596 595
f 595 596 2330
f 2330 1765 595
f 596 2311 2479
f 597 598 1831
f 2460 598 597
f 597 1686 2460
f 2264 1831 598
f 1411 1000 599
f 599 1000 2134
f 2251 1411 599
f 599 1579 1728
f 2134 1579 599
f 599 1728 2251
f 604 601 600
f 600 601 636
f 2014 604 600
f 635 629 600
f 636 635 600
f 601 604 636
f 611 603 602
f 602 603 638
f 644 611 602
f 638 637 602
f 602 637 644
f 611 605 603
f 603 632 638
f 2027 632 603
f 603 1368 2027
f 649 636 604
f 1795 649 604
f 2014 1795 604
f 605 611 1045
f 606 634 2085
f 2350 634 606
f 606 1190 1858
f 2085 1190 606
f 2143 1415 606
f 606 1415 2350
f 606 1858 2143
f 1799 642 607
f 607 642 1801
f 607 1126 1182
f 1158 1151 607
f 1801 1158 607
f 607 1182 1799
f 608 639 1048
f 1048 643 608
f 608 643 1799
f 1182 1157 608
f 1799 1182 608
f 609 1233 2140
f 2427 1233 609
f 609 1544 1570
f 2140 1544 609
f 1878 1555 609
f 609 1555 2427
f 609 1570 2275
f 2275 1878 609
f 1741 614 610
f 610 614 2159
f 610 1011 1472
f 2197 1011 610
f 2159 1116 610
f 610 1116 2197
f 610 1472 1741
f 611 644 2313
f 2313 1045 611
f 612 620 1555
f 2134 620 612
f 612 1398 1579
f 1878 1398 612
f 612 1555 1878
f 612 1579 2134
f 681 623 613
f 2314 681 613
f 614 1415 2143
f 2299 1415 614
f 614 1551 1553
f 2143 1551 614
f 614 1553 2159
f 614 1741 2299
f 615 624 1546
f 1843 624 615
f 697 656 615
f 615 664 697
f 1546 664 615
f 616 617 630
f 2318 617 616
f 630 629 616
f 616 629 2149
f 2149 1008 616
f 616 1008 2277
f 616 2277 2318
f 1362 630 617
f 2318 1362 617
f 618 619 631
f 1969 619 618
f 618 631 2346
f 2352 1969 618
f 618 2346 2352
f 632 631 619
f 684 632 619
f 1047 684 619
f 2344 1047 619
f 619 1969 2344
f 620 1000 1573
f 2134 1000 620
f 1859 1274 620
f 620 1274 1954
f 1954 1555 620
f 620 1573 1859
f 621 622 1504
f 2444 622 621
f 621 1504 1600
f 1600 1523 621
f 621 1523 1795
f 621 1795 2444
f 622 656 1504
f 2444 1532 622
f 681 655 623
f 623 655 1046
f 623 1046 2499
f 1279 666 624
f 624 666 1546
f 1067 766 624
f 624 766 1279
f 2085 653 625
f 625 653 2412
f 2363 2085 625
f 2412 2363 625
f 626 654 1411
f 2409 654 626
f 626 1411 1810
f 626 1810 2451
f 2451 2409 626
f 1107 665 627
f 627 665 1757
f 628 674 1106
f 1583 674 628
f 1825 1583 628
f 628 1737 1825
f 629 630 1362
f 629 635 699
f 629 699 1864
f 629 1362 2281
f 629 1864 2149
f 631 632 1894
f 1894 1042 631
f 631 1042 2346
f 710 638 632
f 632 684 710
f 2027 1894 632
f 633 639 1045
f 1501 639 633
f 633 662 1628
f 1821 662 633
f 633 1045 2313
f 1628 1501 633
f 2313 1821 633
f 634 641 653
f 1354 641 634
f 634 653 2085
f 2350 1354 634
f 635 636 1287
f 1287 699 635
f 636 649 1287
f 637 638 644
f 647 644 638
f 710 647 638
f 1501 1048 639
f 640 654 1785
f 1808 654 640
f 1785 661 640
f 640 1573 1808
f 2163 653 641
f 641 1354 2038
f 641 1947 2292
f 2413 1947 641
f 641 2038 2413
f 2292 2163 641
f 642 675 1597
f 2011 675 642
f 642 1597 1801
f 642 1799 2011
f 726 676 643
f 643 676 2091
f 1554 726 643
f 643 1048 1554
f 2011 1799 643
f 2091 2011 643
f 644 647 1821
f 644 1821 2313
f 1287 649 645
f 645 649 1574
f 1854 1287 645
f 645 1574 2436
f 2298 1854 645
f 2436 2298 645
f 646 652 689
f 689 685 646
f 646 685 1635
f 1635 1540 646
f 647 710 1760
f 647 1760 2073
f 2073 1821 647
f 689 652 648
f 648 686 689
f 2351 686 648
f 648 1043 2351
f 649 1523 1574
f 1795 1523 649
f 687 658 650
f 650 658 1556
f 1519 687 650
f 1649 1519 650
f 650 1556 1649
f 651 659 688
f 1557 659 651
f 651 688 2487
f 2268 1557 651
f 2487 2268 651
f 653 660 1754
f 2163 660 653
f 653 1754 2412
f 1611 1185 654
f 654 1185 1785
f 1808 1411 654
f 2409 1611 654
f 655 681 732
f 732 722 655
f 655 722 1046
f 697 657 656
f 656 657 1504
f 657 693 1504
f 1640 693 657
f 657 697 724
f 657 724 733
f 657 733 1640
f 658 687 695
f 658 695 1053
f 658 1053 1556
f 696 688 659
f 1557 696 659
f 1500 713 660
f 660 713 2337
f 2500 1500 660
f 2337 1754 660
f 660 2185 2500
f 661 715 2194
f 2338 715 661
f 1785 1185 661
f 661 1185 2338
f 2194 1533 661
f 662 1052 1963
f 2073 1052 662
f 1963 1628 662
f 662 1821 2073
f 730 725 663
f 663 725 1554
f 2367 730 663
f 663 1048 1501
f 1554 1048 663
f 663 1501 2367
f 664 666 1174
f 1546 666 664
f 723 697 664
f 1929 723 664
f 664 1174 2021
f 664 1729 1929
f 2342 1729 664
f 664 2021 2342
f 1107 667 665
f 665 667 2468
f 665 729 1757
f 2468 729 665
f 1091 988 666
f 666 988 1174
f 666 1072 1659
f 1927 1072 666
f 666 1088 1107
f 1659 1088 666
f 1107 1091 666
f 666 1279 1927
f 1107 668 667
f 667 668 1663
f 667 1663 2468
f 1088 669 668
f 668 669 1144
f 1107 1088 668
f 668 1144 1663
f 1339 670 669
f 669 670 1676
f 669 1088 1339
f 1676 1144 669
f 1339 671 670
f 670 671 1820
f 1820 1676 670
f 1090 672 671
f 671 672 1758
f 1339 1090 671
f 671 1758 1820
f 1106 673 672
f 672 673 1673
f 672 1090 1106
f 672 1673 1797
f 1797 1758 672
f 1106 674 673
f 673 674 1673
f 1583 727 674
f 674 727 1673
f 1125 1028 675
f 675 1028 1209
f 1106 1090 675
f 675 1090 1942
f 1209 1106 675
f 1351 1125 675
f 675 1334 1928
f 1942 1334 675
f 2011 1351 675
f 1928 1597 675
f 676 726 1932
f 2018 1351 676
f 676 1351 2091
f 676 1680 1736
f 2348 1680 676
f 1932 1731 676
f 676 1731 2348
f 676 1736 2018
f 677 678 704
f 1561 678 677
f 703 682 677
f 677 682 1561
f 704 703 677
f 1561 704 678
f 679 680 705
f 1572 680 679
f 679 705 1572
f 706 705 680
f 1541 706 680
f 680 1323 1541
f 1572 1323 680
f 681 700 732
f 2314 700 681
f 682 690 1561
f 1882 690 682
f 682 703 1912
f 682 1404 1882
f 1912 1404 682
f 683 691 1591
f 1730 691 683
f 1591 1008 683
f 683 1008 2149
f 2242 1730 683
f 2149 1864 683
f 683 1864 2153
f 683 2153 2242
f 684 688 696
f 1050 688 684
f 684 692 1056
f 1865 692 684
f 684 696 710
f 684 1047 1865
f 1056 1050 684
f 685 689 731
f 685 731 1635
f 737 689 686
f 686 718 737
f 2351 718 686
f 2153 695 687
f 687 1519 1756
f 687 1756 2242
f 2242 2153 687
f 688 1050 2329
f 688 2329 2487
f 737 731 689
f 690 709 1207
f 2287 709 690
f 690 1207 1561
f 690 1882 2287
f 1914 711 691
f 691 711 2000
f 2000 1591 691
f 691 1730 1914
f 692 714 1056
f 2359 714 692
f 692 1865 2359
f 693 719 1049
f 1640 719 693
f 693 1049 1600
f 1600 1504 693
f 1572 708 694
f 694 708 2257
f 694 1065 1541
f 2257 1065 694
f 1541 1323 694
f 694 1323 1572
f 695 699 703
f 1864 699 695
f 695 703 704
f 695 704 1053
f 2153 1864 695
f 696 705 706
f 1054 705 696
f 696 706 710
f 1557 1054 696
f 697 723 724
f 1449 730 698
f 698 730 2367
f 698 749 2319
f 2437 749 698
f 2319 1449 698
f 698 1628 1963
f 2367 1628 698
f 698 1963 2437
f 1777 703 699
f 699 1287 1326
f 699 1326 1777
f 739 732 700
f 1761 739 700
f 2314 1761 700
f 701 704 712
f 1053 704 701
f 701 712 1041
f 701 1041 1615
f 1732 1053 701
f 701 1615 1732
f 717 705 702
f 702 705 1054
f 1790 717 702
f 702 1054 1593
f 1615 1580 702
f 702 1580 1790
f 702 1593 1615
f 703 1777 1912
f 1207 712 704
f 1561 1207 704
f 717 716 705
f 705 716 1572
f 1285 710 706
f 1541 1285 706
f 707 720 2034
f 2262 720 707
f 707 1064 2139
f 2286 1064 707
f 2139 1641 707
f 707 1641 2262
f 707 2034 2286
f 708 716 734
f 1572 716 708
f 2074 721 708
f 708 721 2257
f 708 734 2074
f 709 712 1207
f 2219 712 709
f 2095 738 709
f 709 738 2219
f 2287 2095 709
f 710 1285 1760
f 711 713 1500
f 1872 713 711
f 711 1500 2000
f 1914 1872 711
f 1739 1041 712
f 712 1077 1739
f 2219 1077 712
f 713 1872 2337
f 714 715 2338
f 2359 715 714
f 1216 1056 714
f 2338 1216 714
f 2359 2194 715
f 716 717 736
f 736 734 716
f 1121 736 717
f 717 1082 1121
f 1790 1082 717
f 765 737 718
f 718 744 765
f 2351 744 718
f 1640 733 719
f 719 733 2003
f 775 760 719
f 719 760 1049
f 2003 775 719
f 720 742 2095
f 2262 742 720
f 2287 2034 720
f 720 2095 2287
f 721 740 1436
f 2074 740 721
f 721 1436 1711
f 721 1711 2257
f 722 732 762
f 762 757 722
f 722 757 2357
f 1650 1046 722
f 2357 1650 722
f 752 724 723
f 1929 752 723
f 753 733 724
f 724 752 753
f 754 726 725
f 725 726 1554
f 725 730 754
f 726 754 755
f 726 755 1932
f 1650 741 727
f 727 741 1923
f 727 1583 1650
f 1923 1673 727
f 760 747 728
f 728 747 2139
f 1049 760 728
f 2298 1049 728
f 728 1064 1277
f 2139 1064 728
f 728 1277 2298
f 1325 743 729
f 729 743 1847
f 1664 1325 729
f 2468 1664 729
f 1847 1757 729
f 1449 754 730
f 731 737 746
f 731 746 1456
f 1456 1172 731
f 731 1172 1635
f 732 739 762
f 753 752 733
f 733 752 2003
f 734 736 1581
f 1581 758 734
f 734 758 2074
f 735 1052 2073
f 2252 1052 735
f 735 1065 1711
f 1760 1065 735
f 735 1711 2252
f 2073 1760 735
f 736 1121 1151
f 736 1151 1581
f 765 746 737
f 1365 1280 738
f 738 1280 2219
f 1434 1365 738
f 2095 1434 738
f 769 762 739
f 1575 769 739
f 739 798 1575
f 1761 798 739
f 740 758 763
f 2074 758 740
f 740 763 1436
f 741 767 1738
f 2357 767 741
f 741 1650 2357
f 1738 1722 741
f 741 1722 1923
f 742 766 1434
f 2031 766 742
f 742 1434 2095
f 2262 2031 742
f 743 761 1684
f 2366 761 743
f 743 1325 2366
f 743 1684 1847
f 744 764 780
f 2546 764 744
f 780 765 744
f 2351 1806 744
f 744 1806 2546
f 745 748 771
f 1641 748 745
f 771 759 745
f 745 759 2031
f 2262 1641 745
f 745 2031 2262
f 746 765 778
f 746 778 2278
f 2278 1456 746
f 1227 748 747
f 747 748 1641
f 747 760 775
f 747 775 1227
f 747 1641 2139
f 748 770 771
f 781 770 748
f 1227 781 748
f 749 756 776
f 1711 756 749
f 749 776 2319
f 2252 1711 749
f 2437 2252 749
f 750 756 1436
f 2155 756 750
f 750 763 772
f 1436 763 750
f 750 772 773
f 750 773 784
f 750 784 2155
f 751 758 1581
f 2193 758 751
f 1581 1158 751
f 751 1158 1801
f 1801 1642 751
f 751 1642 2193
f 1972 775 752
f 752 775 2003
f 752 1929 2397
f 2397 1972 752
f 1449 755 754
f 755 776 793
f 1449 776 755
f 755 793 1932
f 2155 776 756
f 1711 1436 756
f 757 762 779
f 779 768 757
f 757 768 2503
f 2362 2357 757
f 2503 2362 757
f 2193 763 758
f 774 766 759
f 759 766 2031
f 759 771 782
f 782 774 759
f 2365 777 761
f 761 777 2502
f 2502 1684 761
f 2366 2365 761
f 762 769 779
f 783 772 763
f 2193 783 763
f 786 780 764
f 2504 786 764
f 2546 2504 764
f 780 778 765
f 766 774 1279
f 766 1067 1434
f 767 787 1751
f 2362 787 767
f 1751 1738 767
f 767 2357 2362
f 768 779 1755
f 1755 785 768
f 768 785 2503
f 788 779 769
f 1575 788 769
f 782 771 770
f 770 781 782
f 784 773 772
f 772 783 784
f 774 782 791
f 774 791 1927
f 1927 1279 774
f 775 781 1227
f 1972 781 775
f 776 784 793
f 2155 784 776
f 776 1449 2319
f 777 795 2504
f 2505 795 777
f 777 2365 2505
f 2546 2502 777
f 777 2504 2546
f 778 780 789
f 778 789 2278
f 779 788 1755
f 780 786 800
f 800 789 780
f 1937 782 781
f 2467 1937 781
f 781 1972 2467
f 1937 791 782
f 792 784 783
f 1642 792 783
f 2193 1642 783
f 784 792 1931
f 1931 793 784
f 805 801 785
f 785 801 1723
f 1755 805 785
f 1723 1679 785
f 785 1679 2503
f 786 794 800
f 2507 794 786
f 786 2504 2507
f 787 796 1751
f 2503 796 787
f 787 2362 2503
f 788 804 805
f 2378 804 788
f 788 805 1755
f 788 1575 2380
f 2380 2378 788
f 789 800 1074
f 789 1074 1743
f 789 1743 2278
f 1643 823 790
f 790 823 1745
f 2397 1643 790
f 790 1745 1937
f 790 1937 2467
f 790 1972 2397
f 2467 1972 790
f 1746 1630 791
f 791 1630 1927
f 791 1745 1746
f 1937 1745 791
f 792 1334 1771
f 1928 1334 792
f 1642 1597 792
f 792 1597 1928
f 792 1747 1931
f 2394 1747 792
f 792 1771 1776
f 792 1776 2394
f 1747 825 793
f 793 825 2395
f 793 1731 1932
f 2395 1731 793
f 1931 1747 793
f 818 800 794
f 794 807 818
f 1784 807 794
f 2507 1784 794
f 1798 802 795
f 795 802 2504
f 2505 1798 795
f 1679 803 796
f 796 803 1786
f 2503 1679 796
f 1786 1751 796
f 797 1172 1456
f 2506 1172 797
f 797 1456 2476
f 797 2476 2506
f 2121 799 798
f 798 799 2508
f 1761 1278 798
f 798 1278 2121
f 2380 1575 798
f 2508 2380 798
f 1869 809 799
f 799 809 2377
f 2121 1869 799
f 799 2377 2508
f 800 818 1074
f 801 805 840
f 801 806 1610
f 1841 806 801
f 801 840 1841
f 801 1610 1723
f 802 813 2507
f 2512 813 802
f 802 1798 2512
f 2507 2504 802
f 1723 812 803
f 803 812 1817
f 803 1679 1723
f 1800 1786 803
f 1817 1800 803
f 840 805 804
f 804 828 840
f 2515 828 804
f 804 2378 2515
f 872 827 806
f 806 827 1812
f 1841 872 806
f 1812 1610 806
f 807 814 854
f 1813 814 807
f 854 818 807
f 807 1784 1813
f 808 822 1140
f 1766 822 808
f 808 829 1766
f 2370 829 808
f 808 1140 2341
f 808 2341 2506
f 2506 2370 808
f 1086 824 809
f 809 824 1087
f 809 830 2377
f 2390 830 809
f 1869 1086 809
f 809 1087 2390
f 810 829 1092
f 2062 829 810
f 810 1092 1462
f 810 1462 2062
f 811 830 2044
f 2169 830 811
f 811 1300 1454
f 2044 1300 811
f 811 1454 2072
f 811 2072 2169
f 1610 826 812
f 812 826 1817
f 1723 1610 812
f 1718 821 813
f 813 821 1784
f 2512 1718 813
f 813 1784 2507
f 814 842 871
f 1964 842 814
f 871 854 814
f 814 1813 1964
f 815 816 848
f 1667 816 815
f 847 817 815
f 815 817 1666
f 848 847 815
f 815 1666 1667
f 816 820 850
f 1667 820 816
f 850 848 816
f 849 819 817
f 817 819 2355
f 817 847 849
f 2355 1666 817
f 854 841 818
f 818 841 1074
f 852 839 819
f 819 839 2355
f 819 849 852
f 859 850 820
f 1112 859 820
f 2533 1112 820
f 820 1667 1981
f 820 1981 2533
f 821 844 1813
f 2176 844 821
f 1718 1330 821
f 821 1330 2176
f 1813 1784 821
f 822 823 1643
f 1744 823 822
f 1643 1140 822
f 1766 1744 822
f 823 1744 1745
f 1086 825 824
f 824 825 1087
f 825 1086 2395
f 1747 1087 825
f 1812 845 826
f 826 845 2307
f 826 1467 1817
f 2307 1467 826
f 826 1610 1812
f 872 846 827
f 827 846 2198
f 2198 1812 827
f 1841 840 828
f 1115 851 828
f 828 851 1841
f 2537 1115 828
f 828 2515 2537
f 2029 1092 829
f 829 1386 1766
f 2062 1386 829
f 2370 2029 829
f 2390 2044 830
f 830 2169 2377
f 831 832 1636
f 1889 832 831
f 1647 1614 831
f 831 1614 1889
f 831 1636 1647
f 832 855 1195
f 1889 855 832
f 832 1195 1636
f 833 834 1835
f 2212 834 833
f 1612 1598 833
f 833 1598 1634
f 1835 1612 833
f 833 1634 2212
f 834 856 1835
f 2212 856 834
f 835 836 1837
f 1838 836 835
f 835 1447 1468
f 1837 1447 835
f 835 1468 1605
f 835 1605 1838
f 836 857 1837
f 1838 857 836
f 1883 838 837
f 837 838 2304
f 1811 1804 837
f 837 1804 1883
f 2304 1811 837
f 838 858 1685
f 1883 858 838
f 838 1685 2304
f 864 843 839
f 839 843 1527
f 839 852 864
f 1527 1300 839
f 839 1300 2355
f 841 854 862
f 841 862 1863
f 2517 1074 841
f 841 1863 2517
f 842 855 885
f 2109 855 842
f 885 871 842
f 842 1964 2109
f 864 853 843
f 843 853 1527
f 2176 856 844
f 844 856 2474
f 844 1391 1813
f 2474 1391 844
f 2301 857 845
f 845 857 2307
f 845 1812 2301
f 888 858 846
f 846 858 2117
f 846 872 888
f 846 2117 2198
f 847 848 865
f 866 849 847
f 847 865 866
f 848 850 867
f 867 865 848
f 868 852 849
f 849 866 868
f 850 859 874
f 874 867 850
f 877 872 851
f 851 872 1841
f 1850 877 851
f 851 1115 1852
f 1852 1850 851
f 876 864 852
f 852 868 876
f 875 861 853
f 853 861 1527
f 853 864 875
f 871 862 854
f 2113 885 855
f 2109 1195 855
f 855 1889 2113
f 1908 1835 856
f 2176 1908 856
f 2212 2099 856
f 856 2099 2474
f 2111 1837 857
f 857 1838 2114
f 2301 2111 857
f 857 2114 2307
f 858 888 1907
f 1907 1685 858
f 858 1883 2117
f 859 863 879
f 1112 863 859
f 879 874 859
f 881 870 860
f 860 870 1068
f 860 873 881
f 1462 873 860
f 860 1068 2406
f 2406 1462 860
f 861 875 882
f 882 878 861
f 861 878 1988
f 861 1454 1527
f 1988 1454 861
f 871 869 862
f 862 869 1120
f 862 1120 1863
f 863 870 879
f 1068 870 863
f 1112 1068 863
f 880 875 864
f 864 876 880
f 1060 866 865
f 865 867 1057
f 865 1057 1186
f 1196 1060 865
f 865 1186 1196
f 1060 868 866
f 867 874 1057
f 1675 876 868
f 868 1060 1675
f 869 871 886
f 869 886 1435
f 1435 1120 869
f 889 879 870
f 870 881 889
f 871 885 886
f 872 877 888
f 891 881 873
f 873 883 891
f 1775 883 873
f 873 1462 1775
f 874 879 1716
f 1716 1057 874
f 875 880 890
f 895 882 875
f 875 890 895
f 1714 880 876
f 876 1675 2541
f 2541 1714 876
f 877 887 888
f 1787 887 877
f 1850 1787 877
f 878 882 892
f 892 884 878
f 878 884 2375
f 2375 1988 878
f 879 889 2549
f 2549 1716 879
f 1722 890 880
f 880 1714 1722
f 893 889 881
f 881 891 893
f 895 892 882
f 894 891 883
f 901 894 883
f 1793 901 883
f 1775 1552 883
f 883 1552 2519
f 2519 1793 883
f 884 892 898
f 898 897 884
f 884 897 2535
f 2535 2375 884
f 2424 886 885
f 885 2113 2424
f 2422 1435 886
f 2424 2422 886
f 2369 888 887
f 887 1787 2425
f 2425 2369 887
f 888 918 1907
f 2369 918 888
f 889 893 2366
f 889 2366 2549
f 1738 895 890
f 890 1722 1738
f 896 893 891
f 891 894 896
f 892 895 899
f 899 898 892
f 893 896 2505
f 893 2365 2366
f 2505 2365 893
f 903 896 894
f 894 901 903
f 1751 899 895
f 895 1738 1751
f 896 903 2505
f 897 898 905
f 905 902 897
f 897 902 2516
f 897 2516 2535
f 898 899 904
f 898 904 905
f 1786 904 899
f 899 1751 1786
f 900 906 911
f 2520 906 900
f 911 908 900
f 900 908 1793
f 900 1793 2519
f 900 2519 2520
f 907 903 901
f 908 907 901
f 1793 908 901
f 902 905 912
f 912 909 902
f 902 909 1840
f 902 1840 2516
f 903 907 2512
f 903 1798 2505
f 2512 1798 903
f 910 905 904
f 1800 910 904
f 904 1786 1800
f 905 910 912
f 921 911 906
f 906 919 921
f 2449 919 906
f 2520 2449 906
f 907 908 913
f 907 913 2512
f 908 911 913
f 909 912 920
f 909 920 922
f 909 922 1849
f 1849 1840 909
f 914 912 910
f 1817 914 910
f 910 1800 1817
f 923 913 911
f 911 921 923
f 912 914 920
f 913 923 1330
f 913 1330 1718
f 913 1718 2512
f 925 920 914
f 1467 925 914
f 1817 1467 914
f 1120 916 915
f 915 916 2424
f 915 1104 2110
f 2424 1104 915
f 1881 1120 915
f 1892 1881 915
f 2490 1892 915
f 915 2110 2490
f 916 1120 1435
f 916 1435 2422
f 916 2422 2424
f 1857 918 917
f 917 918 2369
f 1787 1509 917
f 917 1509 1857
f 2425 1787 917
f 917 2369 2425
f 1668 1123 918
f 918 1123 1907
f 1902 1668 918
f 918 1857 1902
f 932 921 919
f 919 927 932
f 1670 927 919
f 2449 1670 919
f 933 922 920
f 920 925 930
f 920 930 933
f 924 923 921
f 932 924 921
f 933 928 922
f 922 928 2423
f 2423 1506 922
f 922 1506 2435
f 2435 1849 922
f 923 924 1960
f 1960 1330 923
f 924 932 935
f 924 935 2141
f 2141 1960 924
f 2306 930 925
f 1467 1212 925
f 925 1212 2306
f 1876 931 926
f 926 931 2415
f 926 1670 1876
f 2415 1670 926
f 2415 932 927
f 927 1670 2415
f 928 933 2423
f 929 934 1236
f 2423 934 929
f 929 1236 1506
f 929 1506 2423
f 938 933 930
f 2116 938 930
f 2306 2116 930
f 931 1095 1644
f 2106 1095 931
f 1876 1601 931
f 931 1601 2448
f 931 1644 2415
f 2448 1892 931
f 931 1892 2490
f 2490 2106 931
f 2045 935 932
f 932 1644 1762
f 2415 1644 932
f 932 1762 2105
f 2105 2045 932
f 1443 934 933
f 933 934 2423
f 933 938 1443
f 1902 1236 934
f 934 1443 2349
f 1900 1668 934
f 934 1668 1902
f 2349 1900 934
f 2045 937 935
f 935 937 2295
f 2295 2141 935
f 1335 941 936
f 936 941 2013
f 2110 1335 936
f 936 2013 2106
f 936 2106 2490
f 2490 2110 936
f 937 943 1829
f 2466 943 937
f 937 1829 2295
f 937 2045 2339
f 937 2339 2466
f 938 945 1898
f 2010 945 938
f 1898 1443 938
f 2116 2010 938
f 939 947 1567
f 1901 947 939
f 1567 1123 939
f 939 1123 1668
f 939 1668 1900
f 939 1900 1901
f 940 941 1609
f 1631 941 940
f 1609 1571 940
f 940 1571 1631
f 941 1335 1609
f 941 1631 2013
f 1608 943 942
f 942 943 2284
f 942 1358 1608
f 2284 1358 942
f 943 1608 1829
f 2466 2284 943
f 1292 945 944
f 944 945 1607
f 1382 1292 944
f 1607 1382 944
f 945 1292 1898
f 2010 1607 945
f 1567 947 946
f 946 947 1901
f 946 1167 1567
f 1688 1167 946
f 1966 1688 946
f 946 1901 1966
f 2197 1589 948
f 948 2171 2197
f 949 1129 1515
f 1384 1343 949
f 949 1343 2174
f 950 1022 1477
f 1477 1289 950
f 950 1289 1690
f 1603 966 951
f 951 1230 2008
f 952 1180 2068
f 952 1853 2271
f 953 1133 1606
f 1827 1133 953
f 953 1135 1827
f 1606 1491 953
f 953 1491 1726
f 953 1726 1842
f 954 1602 1991
f 954 1991 2097
f 1926 1925 955
f 955 1925 2032
f 956 1155 1159
f 956 1159 1750
f 1209 1028 957
f 958 1160 1162
f 1935 1160 958
f 958 1162 2525
f 958 1930 1935
f 2525 1930 958
f 959 961 2483
f 2527 1168 959
f 959 2483 2527
f 961 1420 1946
f 962 1292 1382
f 1898 1292 962
f 1382 1310 962
f 962 1310 2051
f 2181 1898 962
f 1966 1901 962
f 962 1901 2181
f 2051 1966 962
f 1340 1075 963
f 963 1075 1811
f 963 1167 1340
f 1839 1167 963
f 963 1685 1839
f 2304 1685 963
f 963 1811 2304
f 964 990 1164
f 1452 990 964
f 964 1164 1283
f 964 1283 2454
f 1985 1452 964
f 964 1826 1985
f 2454 1826 964
f 965 967 1535
f 965 1535 2529
f 1603 1194 966
f 967 1194 1752
f 1658 1535 967
f 1752 1658 967
f 1201 969 968
f 968 969 1223
f 1214 1201 968
f 2026 1214 968
f 968 1223 2026
f 969 971 1235
f 2035 971 969
f 969 1201 2035
f 1235 1223 969
f 970 1206 1228
f 970 1228 2050
f 2048 1946 970
f 2050 2048 970
f 2486 1235 971
f 2035 2033 971
f 971 2033 2486
f 972 1201 1348
f 2035 1201 972
f 972 1337 2025
f 2064 1337 972
f 972 1348 2064
f 2025 2024 972
f 972 2024 2035
f 1348 1197 973
f 973 1197 2049
f 2064 1348 973
f 973 2049 2067
f 2067 2064 973
f 974 1124 1254
f 1346 1124 974
f 975 1223 1235
f 2060 1237 976
f 976 1917 2060
f 2071 1917 976
f 1210 1089 977
f 1752 1603 977
f 2058 979 978
f 978 979 2066
f 2066 1143 978
f 978 1719 2058
f 979 1321 2093
f 2158 1321 979
f 979 2058 2158
f 2093 2066 979
f 980 1284 2118
f 2118 1545 980
f 1331 1328 981
f 981 1328 2060
f 2094 1331 981
f 2060 1917 981
f 981 1917 2071
f 981 2071 2094
f 982 1089 1210
f 1783 1089 982
f 982 1131 1604
f 1211 1138 982
f 982 1138 1783
f 1604 1211 982
f 983 1272 2037
f 985 1379 1446
f 985 1446 1486
f 2438 1281 987
f 2078 1304 987
f 1111 1002 988
f 988 1002 1174
f 988 1091 1255
f 1255 1119 988
f 2531 1010 989
f 989 1874 2531
f 1165 1164 990
f 1226 1165 990
f 1453 1226 990
f 990 1452 1453
f 2440 993 991
f 991 1306 2440
f 1651 994 992
f 2017 1651 992
f 993 1307 2017
f 2440 1307 993
f 2017 1618 993
f 994 1651 2261
f 2118 1001 995
f 995 1001 2158
f 995 1239 2118
f 2158 1239 995
f 1692 1352 997
f 997 1352 1773
f 2146 1692 997
f 997 1735 1802
f 997 1802 2146
f 1689 1314 998
f 998 1314 2041
f 2389 1689 998
f 998 2041 2082
f 999 1007 1294
f 999 1294 2328
f 1000 1411 1808
f 1808 1573 1000
f 1001 1320 1522
f 2118 1320 1001
f 1001 1522 2160
f 2160 2158 1001
f 1002 1111 1814
f 2021 1174 1002
f 1002 1814 2161
f 2291 2021 1002
f 1002 2161 2291
f 1345 1218 1003
f 1003 1218 1638
f 2172 1345 1003
f 1638 1347 1003
f 1003 1347 2368
f 1003 1521 2172
f 2368 1521 1003
f 1457 1038 1004
f 1004 1038 1478
f 1478 1387 1004
f 1004 1387 2173
f 1856 1457 1004
f 1004 1646 1856
f 2462 1646 1004
f 1004 2173 2462
f 1005 1355 1682
f 2055 1355 1005
f 1005 1682 1936
f 1005 1936 2326
f 1006 1012 1188
f 1006 1188 1885
f 2274 1229 1006
f 1006 1885 2274
f 1897 1294 1007
f 2305 1897 1007
f 1007 1938 2305
f 1591 1361 1008
f 1008 1361 2283
f 2283 2277 1008
f 1953 1036 1009
f 1009 1036 2056
f 2056 1620 1009
f 2199 1953 1009
f 1010 1945 2211
f 2531 1945 1010
f 1010 2211 2434
f 1478 1472 1011
f 2270 1478 1011
f 2197 2171 1011
f 1013 1376 1497
f 1497 1494 1013
f 1014 1015 1792
f 1986 1429 1017
f 1503 1451 1017
f 1017 1451 2496
f 2496 1986 1017
f 1018 1019 2227
f 2227 1440 1018
f 2495 2227 1019
f 1020 1495 1518
f 2250 1495 1020
f 1021 1022 1906
f 1717 1026 1021
f 1906 1717 1021
f 2165 1173 1023
f 1023 1173 2282
f 2384 2165 1023
f 2282 2276 1023
f 1023 2276 2384
f 1024 1137 1713
f 1026 1717 2548
f 1027 1522 2162
f 2498 1522 1027
f 2162 1540 1027
f 1027 1540 2333
f 2333 2290 1027
f 1027 2290 2498
f 1125 1029 1028
f 1028 1029 1366
f 1029 1125 1736
f 2543 1366 1029
f 1736 1680 1029
f 1029 1680 2164
f 1029 2164 2543
f 1030 1032 1474
f 1030 1474 1922
f 1528 1496 1030
f 2128 1528 1030
f 1030 1922 2128
f 1031 1036 2119
f 2457 1036 1031
f 1031 1178 1884
f 2119 1178 1031
f 1031 1884 2248
f 1031 2248 2343
f 1031 2343 2457
f 1475 1474 1032
f 1033 1034 2290
f 2342 1034 1033
f 1033 1140 1729
f 2341 1140 1033
f 2290 1437 1033
f 1033 1437 2341
f 1033 1729 2342
f 2291 1322 1034
f 1034 1322 2498
f 2498 2290 1034
f 2342 2291 1034
f 1399 1398 1035
f 1035 1398 1955
f 1553 1399 1035
f 1035 1955 1978
f 1953 1508 1036
f 1036 1508 2119
f 2457 2056 1036
f 1037 1748 2168
f 1037 2168 2237
f 1038 1457 2288
f 1038 1472 1478
f 1470 1318 1039
f 1039 1318 2300
f 1538 1470 1039
f 1584 1538 1039
f 2121 1584 1039
f 2300 2121 1039
f 1040 1318 1482
f 2300 1318 1040
f 1040 1482 1680
f 1040 1680 2348
f 1040 1731 1987
f 2348 1731 1040
f 1040 1987 2300
f 1944 1615 1041
f 1041 1739 2405
f 2405 1944 1041
f 1894 1368 1042
f 1042 1368 2457
f 1042 2343 2346
f 2457 2343 1042
f 1043 2332 2351
f 2545 2332 1043
f 1044 1576 2354
f 2396 1576 1044
f 2256 1891 1044
f 2354 2256 1044
f 1650 1583 1046
f 1046 1583 2499
f 1047 1369 1865
f 2344 1369 1047
f 2436 1600 1049
f 1049 2298 2436
f 1050 1056 2532
f 2532 2329 1050
f 2437 1963 1052
f 1052 2252 2437
f 1732 1556 1053
f 1054 1557 1593
f 1615 1593 1055
f 1055 1593 2028
f 1732 1615 1055
f 1816 1732 1055
f 2028 1816 1055
f 1056 1216 2540
f 2540 2532 1056
f 1057 1144 1186
f 1342 1144 1057
f 1716 1342 1057
f 1060 1196 1820
f 1758 1675 1060
f 1820 1758 1060
f 1063 1083 2234
f 2294 1547 1063
f 2234 1877 1063
f 1063 1877 2294
f 1905 1277 1064
f 1882 1404 1064
f 1064 1404 1905
f 2286 1882 1064
f 1760 1541 1065
f 2257 1711 1065
f 1067 1365 1434
f 1068 1112 2533
f 2533 2406 1068
f 1654 1419 1069
f 1070 1620 1656
f 1072 1630 1771
f 1927 1630 1072
f 1771 1659 1072
f 1073 1409 1410
f 1512 1409 1073
f 1073 1879 1968
f 2517 1743 1074
f 1534 1242 1075
f 1075 1242 1804
f 1340 1310 1075
f 1075 1310 1534
f 1075 1804 1811
f 1599 1258 1076
f 1077 1258 1739
f 1077 1280 1365
f 2219 1280 1077
f 1745 1744 1078
f 1078 1744 1766
f 1746 1745 1078
f 2388 1746 1078
f 1078 1766 2386
f 1078 2386 2388
f 1079 1308 2063
f 1079 1417 2065
f 1080 1667 1819
f 1981 1667 1080
f 2386 1767 1080
f 1080 1767 2533
f 1080 1819 2414
f 2533 1981 1080
f 2414 2386 1080
f 1916 1747 1081
f 1081 1747 2394
f 1081 1779 2391
f 2394 1779 1081
f 2390 1916 1081
f 2391 2390 1081
f 1084 1085 1666
f 2392 1085 1084
f 1084 1666 2355
f 2355 1774 1084
f 1084 1774 2391
f 1084 2391 2392
f 1819 1666 1085
f 2392 1819 1085
f 1987 1731 1086
f 1086 1731 2395
f 1086 1869 1987
f 1087 1747 1916
f 1087 1916 2390
f 1659 1339 1088
f 1090 1339 1659
f 1090 1659 1942
f 1775 1462 1092
f 1092 1552 1775
f 2511 1552 1092
f 1092 2029 2511
f 1991 1282 1093
f 1093 1282 2108
f 1093 1338 2097
f 2302 1338 1093
f 2097 1991 1093
f 1093 2108 2302
f 1094 1183 2100
f 2426 1183 1094
f 1094 2096 2426
f 1095 1402 1896
f 2013 1402 1095
f 1762 1644 1095
f 2105 1762 1095
f 1095 1896 2105
f 2106 2013 1095
f 1096 1275 2226
f 2331 1275 1096
f 1971 1577 1096
f 1096 1577 2331
f 2098 1971 1096
f 2226 2098 1096
f 1832 1195 1097
f 1097 1195 2109
f 1964 1391 1097
f 1097 1391 2099
f 2099 1832 1097
f 2109 1964 1097
f 1903 1205 1098
f 1098 1205 2101
f 2102 1903 1098
f 2421 2102 1098
f 1099 1134 1846
f 1998 1134 1099
f 1846 1139 1099
f 1099 1139 2223
f 2335 1998 1099
f 1099 2223 2335
f 2112 1245 1100
f 1100 1245 2115
f 1100 1364 2112
f 2150 1364 1100
f 1100 2115 2150
f 1101 1212 2114
f 2306 1212 1101
f 1101 1838 2069
f 2114 1838 1101
f 2069 2010 1101
f 1101 2010 2116
f 1101 2116 2306
f 2111 1276 1102
f 1102 1276 2198
f 1102 1772 1837
f 1883 1772 1102
f 1102 1837 2111
f 2117 1883 1102
f 2198 2117 1102
f 1908 1141 1103
f 1103 1141 2141
f 1103 1267 1678
f 2295 1267 1103
f 1103 1678 1908
f 1103 2141 2295
f 1104 1335 2110
f 2429 1335 1104
f 2424 2113 1104
f 1104 2113 2429
f 2530 2491 1105
f 1105 2491 2551
f 1111 1136 1814
f 1114 1363 1598
f 1647 1363 1114
f 1114 1498 1539
f 1598 1498 1114
f 1114 1539 1848
f 1114 1571 1753
f 1848 1571 1114
f 1753 1647 1114
f 2537 1852 1115
f 1116 1589 2197
f 1870 1863 1120
f 1881 1870 1120
f 1122 1224 1301
f 1588 1224 1122
f 1123 1567 1839
f 1123 1839 1907
f 1124 1156 1254
f 1256 1156 1124
f 2009 1256 1124
f 1124 1346 2009
f 1125 1351 2018
f 2018 1736 1125
f 1126 1157 1182
f 2454 1283 1127
f 1127 1652 2454
f 1791 1171 1128
f 1985 1826 1130
f 1130 1826 2428
f 1132 1138 2224
f 1133 1444 1653
f 1827 1444 1133
f 1134 1247 1624
f 1998 1247 1134
f 1134 1624 2347
f 2347 1846 1134
f 1135 1444 1827
f 1138 1211 2224
f 1139 1148 2223
f 2432 1148 1139
f 1139 1846 2376
f 1139 2376 2432
f 1140 1643 1729
f 1141 1330 1960
f 2176 1330 1141
f 1141 1908 2176
f 1141 1960 2141
f 1884 1178 1142
f 1142 1178 2211
f 1142 1336 1715
f 2211 1336 1142
f 1142 1715 2492
f 2248 1884 1142
f 1142 2210 2248
f 2492 2210 1142
f 1676 1186 1144
f 1144 1342 1663
f 2012 1150 1147
f 1147 1150 2209
f 2209 1794 1147
f 1147 1794 2455
f 1950 1949 1147
f 1147 1949 2012
f 2455 1950 1147
f 1149 1378 2213
f 2213 1410 1149
f 2012 1926 1150
f 1151 1158 1581
f 2452 1565 1152
f 1213 1187 1153
f 2226 1213 1153
f 1154 1380 1594
f 1992 1380 1154
f 1154 1594 2243
f 1154 1725 2244
f 2244 1992 1154
f 1161 1159 1155
f 2542 1161 1155
f 1156 1256 2070
f 2070 1604 1156
f 1162 1160 1159
f 1159 1160 1750
f 1159 1161 1162
f 2525 1162 1161
f 2526 2525 1161
f 2538 2526 1161
f 2542 2538 1161
f 1163 1439 1681
f 1681 1455 1163
f 1164 1165 1633
f 1165 1226 1357
f 1357 1253 1165
f 1165 1253 1633
f 2051 1340 1167
f 1839 1567 1167
f 1167 1688 2051
f 1168 2527 2538
f 1168 2538 2542
f 2237 1543 1169
f 1172 1333 2333
f 2506 1333 1172
f 2333 1635 1172
f 2165 1941 1173
f 1173 1941 2283
f 2228 2036 1173
f 1173 2036 2282
f 2283 2228 1173
f 1176 1177 2167
f 2246 1177 1176
f 1613 1519 1176
f 1176 1519 1649
f 2090 1613 1176
f 1176 1649 2246
f 2167 2090 1176
f 1177 1816 2028
f 2246 1816 1177
f 1177 2028 2268
f 2253 2167 1177
f 2268 2253 1177
f 2119 1508 1178
f 1178 1508 2434
f 2434 2211 1178
f 1179 1516 1689
f 1979 1516 1179
f 1179 1689 2389
f 2385 1979 1179
f 1179 2261 2385
f 2389 2261 1179
f 1180 1737 2068
f 2499 1737 1180
f 1183 1253 1626
f 2426 1253 1183
f 1217 1208 1184
f 1299 1217 1184
f 1185 1611 2338
f 1676 1196 1186
f 1187 1213 2456
f 1189 1240 1412
f 1422 1240 1189
f 1189 1388 1994
f 1780 1422 1189
f 1190 1430 1810
f 2363 1430 1190
f 1190 1810 2251
f 2251 1858 1190
f 1190 2085 2363
f 2410 1417 1191
f 1677 1425 1191
f 1191 1425 2410
f 1973 1416 1192
f 1924 1423 1192
f 1192 1423 1973
f 1194 1603 1752
f 1195 1250 1636
f 1832 1250 1195
f 1196 1676 1820
f 1727 1214 1197
f 1197 1214 2308
f 1197 1348 1727
f 2265 2039 1198
f 1228 1202 1199
f 1199 1202 2023
f 2050 1228 1199
f 2009 1346 1199
f 1199 1346 2131
f 2023 2009 1199
f 1199 2048 2050
f 2131 2048 1199
f 1201 1214 1727
f 1727 1348 1201
f 1202 1228 1234
f 1202 1234 2486
f 2033 2023 1202
f 2486 2033 1202
f 1204 1563 1657
f 1860 1563 1204
f 1204 1657 1974
f 2303 1860 1204
f 1204 2103 2331
f 2331 2303 1204
f 1205 1252 1623
f 1903 1252 1205
f 1211 1604 2070
f 2070 2025 1211
f 1211 2025 2224
f 1212 1467 2307
f 2307 2114 1212
f 2226 1275 1213
f 1213 1275 2431
f 1213 2431 2456
f 1214 2026 2308
f 1216 2338 2540
f 1217 1299 2529
f 2529 2204 1217
f 1218 1345 1693
f 2008 1230 1219
f 1219 1230 2022
f 2022 1844 1219
f 2180 1421 1221
f 1221 1421 2445
f 2192 2180 1221
f 2263 1301 1224
f 2166 1311 1224
f 1224 1311 2263
f 1588 1414 1224
f 1224 1414 2166
f 1489 1353 1225
f 1225 1353 1531
f 1491 1489 1225
f 1726 1491 1225
f 1225 1531 1694
f 1225 1694 1768
f 1842 1726 1225
f 1225 1768 1842
f 1226 1261 1357
f 1895 1261 1226
f 1226 1453 2208
f 2208 1895 1226
f 2274 1388 1229
f 1234 1235 2486
f 2435 1506 1236
f 1902 1855 1236
f 1236 1855 2435
f 2060 1524 1237
f 1239 1545 2118
f 2136 1545 1239
f 1719 1564 1239
f 1239 1564 2136
f 2058 1719 1239
f 2158 2058 1239
f 1422 1421 1240
f 1534 1460 1241
f 1241 1460 1607
f 1241 1468 1534
f 1605 1468 1241
f 1838 1605 1241
f 1241 1607 2010
f 2069 1838 1241
f 1241 2010 2069
f 1534 1447 1242
f 1242 1447 1837
f 1837 1772 1242
f 1242 1772 1883
f 1883 1804 1242
f 1243 1267 1608
f 1678 1267 1243
f 1539 1498 1243
f 1243 1498 1662
f 1608 1539 1243
f 1662 1612 1243
f 1243 1612 1678
f 1609 1335 1244
f 1244 1335 2429
f 1244 1571 1609
f 1753 1571 1244
f 1244 1614 1647
f 2429 1614 1244
f 1244 1647 1753
f 1245 1246 1569
f 1672 1246 1245
f 1569 1568 1245
f 1245 1568 2115
f 1674 1672 1245
f 2112 1674 1245
f 1531 1353 1246
f 1246 1353 1569
f 1672 1531 1246
f 1694 1624 1247
f 1247 1632 1842
f 1998 1632 1247
f 1768 1694 1247
f 1842 1768 1247
f 1357 1261 1248
f 1248 1261 2458
f 1627 1357 1248
f 1248 1563 1860
f 2458 1563 1248
f 1860 1577 1248
f 1248 1577 1971
f 1971 1627 1248
f 1896 1402 1249
f 1249 1402 2013
f 1631 1438 1249
f 1249 1438 1848
f 1249 1539 1629
f 1848 1539 1249
f 1249 1629 1896
f 2013 1631 1249
f 1598 1363 1250
f 1250 1363 1647
f 1634 1598 1250
f 1832 1634 1250
f 1647 1636 1250
f 1625 1282 1251
f 1251 1282 1991
f 1251 1453 1625
f 2208 1453 1251
f 1991 1602 1251
f 1251 1602 2057
f 1251 2057 2208
f 1252 1353 1489
f 1645 1353 1252
f 1252 1489 1491
f 1252 1491 1623
f 1903 1645 1252
f 1253 1357 1626
f 2426 1633 1253
f 1256 2009 2023
f 1256 2023 2033
f 2033 2024 1256
f 1256 2024 2070
f 2489 1260 1259
f 2489 1268 1260
f 1261 1895 2458
f 2157 1566 1264
f 1264 1566 2540
f 1264 1967 2157
f 2336 1967 1264
f 1264 2004 2336
f 2540 2004 1264
f 2042 1913 1266
f 1829 1608 1267
f 2295 1829 1267
f 2489 2107 1268
f 1268 2107 2551
f 2142 1397 1274
f 1274 1397 2205
f 1274 1859 2285
f 2205 1954 1274
f 2331 2103 1275
f 1275 2103 2431
f 1276 1812 2198
f 2301 1812 1276
f 1276 2111 2301
f 1905 1854 1277
f 1277 1854 2298
f 1761 1584 1278
f 1278 1584 2121
f 1285 1541 1760
f 1854 1326 1287
f 1289 1492 2552
f 2552 1690 1289
f 2249 1381 1291
f 1291 1487 2249
f 2019 1809 1294
f 1294 1809 2328
f 1294 1897 2019
f 1944 1617 1295
f 1295 1790 1834
f 1295 1834 1944
f 2152 1312 1296
f 1296 1312 2547
f 2547 2202 1296
f 1297 1996 2043
f 2043 2042 1297
f 1527 1454 1300
f 2044 1774 1300
f 1300 1774 2355
f 2531 1874 1301
f 1301 2263 2531
f 2340 1851 1303
f 2078 1319 1304
f 1305 1665 2026
f 2138 1995 1305
f 1306 1661 2440
f 1307 1651 2017
f 2385 1651 1307
f 2440 2385 1307
f 2552 1492 1309
f 1309 2083 2552
f 1310 1340 2051
f 1310 1382 1460
f 1310 1460 1534
f 2191 1367 1311
f 1311 1367 2263
f 1311 2166 2180
f 1311 2180 2191
f 1637 1471 1312
f 1312 1471 2146
f 2152 1637 1312
f 2146 1802 1312
f 1312 1802 2547
f 1314 1315 2041
f 2469 1315 1314
f 1314 1689 2137
f 1314 2137 2469
f 2361 2041 1315
f 2360 2154 1315
f 1315 2154 2361
f 2469 2360 1315
f 1318 1470 2497
f 2497 1482 1318
f 2162 1522 1320
f 2160 1322 1321
f 1321 1322 2161
f 2161 2093 1321
f 1321 2158 2160
f 1322 2160 2498
f 2291 2161 1322
f 1324 1403 2007
f 1956 1550 1324
f 2007 1956 1324
f 1325 1664 1830
f 1830 1716 1325
f 1325 1716 2549
f 2549 2366 1325
f 1912 1777 1326
f 1326 1854 1912
f 1327 1328 1332
f 2060 1328 1327
f 1332 1329 1327
f 1327 1329 2061
f 1327 1524 2060
f 2061 1524 1327
f 1328 1331 2497
f 2497 1332 1328
f 1329 1332 1499
f 2164 1482 1331
f 1331 1482 2497
f 1331 2094 2164
f 1332 1470 1538
f 2497 1470 1332
f 1538 1499 1332
f 2341 2333 1333
f 2506 2341 1333
f 1334 1659 1771
f 1942 1659 1334
f 1336 1367 1715
f 1945 1367 1336
f 2211 1945 1336
f 2224 2025 1337
f 2302 1565 1338
f 1338 1565 2430
f 2430 2097 1338
f 2124 1493 1341
f 1341 1836 2124
f 1830 1663 1342
f 1342 1716 1830
f 1343 1344 2174
f 2272 1344 1343
f 2450 2272 1343
f 1344 1347 2174
f 2368 1347 1344
f 1344 1383 1521
f 2272 1383 1344
f 1344 1521 2368
f 1740 1693 1345
f 1347 1638 2289
f 1349 1371 1805
f 2194 1371 1349
f 1349 1805 2191
f 1349 2191 2192
f 1349 2192 2194
f 1351 2011 2091
f 1692 1516 1352
f 1352 1516 1979
f 1352 1661 1773
f 2385 1661 1352
f 1352 1979 2385
f 1354 1415 2299
f 2350 1415 1354
f 2299 2038 1354
f 1355 1370 1682
f 1355 2055 2225
f 1356 1362 1733
f 2281 1362 1356
f 1356 1370 1619
f 1948 1370 1356
f 1356 1733 1948
f 1627 1626 1357
f 1358 1539 1608
f 1629 1539 1358
f 2284 1629 1358
f 1359 1897 2305
f 2443 1897 1359
f 1359 2036 2184
f 2282 2036 1359
f 1359 2184 2443
f 2305 2282 1359
f 1943 1513 1360
f 1360 1592 1770
f 1360 1770 1943
f 1361 1591 2317
f 2188 1904 1361
f 1361 1904 2283
f 2317 2188 1361
f 1939 1733 1362
f 2318 1939 1362
f 2150 1560 1364
f 1364 1560 2480
f 2480 2112 1364
f 1805 1715 1367
f 2191 1805 1367
f 1367 1945 2263
f 1368 1620 2056
f 1368 1894 2027
f 1368 2056 2457
f 1369 1371 2359
f 2492 1371 1369
f 2359 1865 1369
f 2344 2210 1369
f 1369 2210 2492
f 1948 1682 1370
f 2492 1805 1371
f 1371 2194 2359
f 1373 1602 2046
f 2057 1602 1373
f 2046 1657 1373
f 1373 1657 2458
f 1373 1895 2208
f 2458 1895 1373
f 2208 2057 1373
f 2200 1879 1374
f 1374 2196 2241
f 2241 2200 1374
f 1375 1871 2016
f 2477 1871 1375
f 1375 2016 2188
f 1375 2188 2500
f 2500 2477 1375
f 2104 1497 1376
f 1378 1426 1432
f 1529 1446 1379
f 1992 1381 1380
f 1380 1381 2249
f 1380 1396 1594
f 1607 1460 1382
f 1767 1766 1386
f 2062 1767 1386
f 1387 1478 2270
f 2270 1977 1387
f 2387 2173 1387
f 1388 1397 2142
f 2274 1397 1388
f 2142 1994 1388
f 2345 1392 1389
f 1389 1763 2345
f 1390 1401 1558
f 2235 1401 1390
f 1390 1558 2484
f 1390 2203 2353
f 2484 2203 1390
f 2353 2235 1390
f 1964 1813 1391
f 2474 2099 1391
f 1833 1403 1392
f 1392 1796 1833
f 2345 1796 1392
f 2361 2154 1393
f 1394 1809 2019
f 2019 1951 1394
f 1395 2130 2170
f 1395 2170 2472
f 1977 1594 1396
f 2274 1586 1397
f 1398 1399 1579
f 1398 1878 1955
f 1553 1551 1399
f 1399 1551 2143
f 1858 1579 1399
f 2143 1858 1399
f 2235 1807 1401
f 1403 1833 2007
f 1404 1854 1905
f 1912 1854 1404
f 2345 1763 1405
f 1405 1822 2206
f 1405 2206 2345
f 2175 2122 1406
f 2530 2175 1406
f 1406 2491 2530
f 1982 1530 1407
f 1407 1530 2132
f 2214 1982 1407
f 1407 2132 2327
f 1407 2207 2214
f 2327 2207 1407
f 1409 1512 2381
f 2251 1810 1411
f 1416 1947 2413
f 1654 1619 1419
f 1421 1422 2445
f 2180 2166 1421
f 1422 1780 2445
f 2382 1424 1423
f 1423 1424 2411
f 1423 1924 2382
f 2442 1973 1423
f 1423 2411 2442
f 1424 1687 1749
f 2382 1687 1424
f 1424 1749 2179
f 1424 2179 2411
f 2408 1427 1425
f 1425 1427 2410
f 1425 1677 2408
f 2229 1439 1426
f 2364 1724 1427
f 1427 1724 2410
f 1427 1909 2145
f 2358 1909 1427
f 1427 2145 2364
f 2408 2358 1427
f 2409 1430 1428
f 1428 1430 2412
f 2129 1611 1428
f 1428 1611 2409
f 2412 2129 1428
f 1429 1986 2309
f 2451 1810 1430
f 1430 2363 2412
f 1430 2409 2451
f 1654 1622 1431
f 1788 1654 1431
f 1433 1619 1654
f 1433 1654 1788
f 1437 2290 2333
f 1437 2333 2341
f 1631 1571 1438
f 1438 1571 1848
f 1439 1450 1681
f 2229 1450 1439
f 2227 1461 1440
f 2454 1652 1442
f 2428 1826 1442
f 1442 1826 2454
f 1443 1898 2181
f 1443 2181 2349
f 1534 1468 1447
f 2229 1451 1450
f 1451 2229 2496
f 1625 1453 1452
f 1454 1988 2072
f 1681 1464 1455
f 2278 1742 1456
f 1456 1742 2476
f 1461 2227 2231
f 2406 2062 1462
f 1463 1524 2061
f 2061 1911 1463
f 1466 1469 2236
f 1466 2236 2250
f 1469 1868 2236
f 1471 1637 2148
f 1471 1691 2146
f 2148 1691 1471
f 2089 1566 1473
f 1473 1566 2157
f 2253 2089 1473
f 2157 2090 1473
f 1473 2090 2253
f 1474 1475 2247
f 1474 2247 2269
f 1476 1910 1919
f 2453 1910 1476
f 2164 1680 1482
f 1483 1517 2217
f 2148 1660 1484
f 1484 1660 2154
f 2360 2148 1484
f 1484 2154 2360
f 1485 1536 2265
f 1488 1590 2240
f 2334 1590 1488
f 1488 1595 2020
f 2336 1595 1488
f 2240 1967 1488
f 1488 1967 2336
f 1488 2020 2334
f 1909 1660 1490
f 1490 1660 2148
f 2145 1909 1490
f 2148 2145 1490
f 2216 1518 1495
f 2250 2236 1495
f 1498 1598 1662
f 2317 2000 1500
f 2500 2317 1500
f 1501 1628 2367
f 1502 1940 2327
f 1508 1953 2120
f 1508 2120 2434
f 1509 1787 1850
f 1509 1850 1857
f 2006 1517 1510
f 1510 1875 2006
f 1999 1934 1511
f 1513 1943 2353
f 2353 2203 1513
f 1515 1646 2462
f 2137 1689 1516
f 1516 1692 1918
f 1516 1918 2137
f 1517 2006 2156
f 1519 1613 2245
f 2245 1756 1519
f 2498 2160 1522
f 1600 1574 1523
f 1530 1982 2233
f 1531 1672 1694
f 2194 2192 1533
f 1535 2204 2529
f 1540 1635 2333
f 2267 1697 1543
f 1543 2237 2267
f 1862 1818 1548
f 1951 1862 1548
f 2147 1920 1550
f 1550 1956 2147
f 1552 2511 2519
f 1816 1649 1556
f 1556 1732 1816
f 1815 1593 1557
f 2268 1815 1557
f 2269 2247 1559
f 1562 1757 1847
f 2548 1757 1562
f 1562 1847 2332
f 1562 2332 2545
f 1562 2545 2548
f 2458 1657 1563
f 2452 2430 1565
f 1566 2089 2329
f 1566 2329 2532
f 1566 2532 2540
f 1574 1600 2436
f 1576 2310 2354
f 2478 2310 1576
f 1576 2311 2478
f 2479 2311 1576
f 1576 2396 2479
f 1577 1860 2303
f 1577 2303 2331
f 1858 1728 1579
f 1580 1615 1944
f 1834 1790 1580
f 1944 1834 1580
f 2154 1660 1582
f 1583 1825 2499
f 1584 1761 2314
f 2274 1885 1586
f 1590 1613 2240
f 2245 1613 1590
f 2334 2245 1590
f 1591 2000 2317
f 1593 1815 2028
f 2129 1754 1595
f 1595 1754 2337
f 2337 2020 1595
f 2336 2129 1595
f 1596 1995 2539
f 2539 1996 1596
f 1597 1642 1801
f 1598 1612 1662
f 1876 1873 1601
f 1601 1873 2448
f 2336 2004 1611
f 1611 2004 2338
f 1611 2129 2336
f 1835 1678 1612
f 1613 2090 2240
f 2429 1889 1614
f 1618 1655 1789
f 2466 1896 1629
f 1629 2284 2466
f 1630 1746 1769
f 1630 1769 1771
f 2426 1989 1633
f 1634 1832 2212
f 1637 2144 2145
f 2152 2144 1637
f 1637 2145 2148
f 1867 1648 1639
f 1639 1648 2374
f 2374 1759 1639
f 2397 1729 1643
f 1645 1903 2201
f 1867 1845 1648
f 1649 1816 2246
f 2385 2261 1651
f 1661 2385 2440
f 1830 1664 1663
f 1663 1664 2468
f 2308 2026 1665
f 1819 1667 1666
f 2455 1794 1669
f 2449 1876 1670
f 1923 1714 1673
f 1673 1714 2541
f 2541 1797 1673
f 1675 1758 2541
f 1678 1835 1908
f 2384 1936 1682
f 1682 1948 2384
f 1683 1698 2259
f 1683 2259 2297
f 2332 1847 1684
f 2351 2332 1684
f 2502 2351 1684
f 1907 1839 1685
f 1686 1982 2214
f 2214 2207 1686
f 1686 2207 2460
f 1688 1966 2051
f 2137 1918 1691
f 1691 1918 2146
f 2469 2137 1691
f 1691 2148 2360
f 1691 2360 2469
f 2146 1918 1692
f 1693 1740 2463
f 2239 2079 1695
f 1697 1888 1978
f 2267 1888 1697
f 1701 2238 2296
f 1702 2052 2079
f 1703 2053 2075
f 1705 2054 2077
f 1923 1722 1714
f 1715 1805 2492
f 1720 1831 2310
f 1720 1899 2123
f 2310 1899 1720
f 1728 1858 2251
f 2397 1929 1729
f 2242 1756 1730
f 1730 1756 2334
f 2501 1914 1730
f 1730 2334 2501
f 1733 1939 1990
f 1990 1948 1733
f 1734 1934 1999
f 1734 1999 2015
f 2547 1802 1735
f 2499 1825 1737
f 2278 1743 1742
f 1742 1743 2536
f 1742 2002 2476
f 2536 2002 1742
f 1743 2517 2521
f 1743 2521 2536
f 2388 1769 1746
f 1749 1818 2179
f 1754 2129 2412
f 1756 2245 2334
f 1758 1797 2541
f 2374 1893 1759
f 2312 2088 1765
f 1765 2235 2312
f 2330 2235 1765
f 1766 1767 2386
f 1767 2062 2533
f 1776 1771 1769
f 2393 1776 1769
f 1769 2388 2393
f 2088 1943 1770
f 1774 2044 2390
f 1774 2390 2391
f 2393 1779 1776
f 1776 1779 2394
f 2392 2391 1779
f 2393 2392 1779
f 1795 2014 2444
f 2007 1833 1796
f 2170 2007 1796
f 2206 2170 1796
f 2345 2206 1796
f 2123 1899 1803
f 1803 1899 2478
f 1806 2351 2502
f 1806 2502 2546
f 1814 2093 2161
f 2268 2028 1815
f 1818 1862 2182
f 1818 1871 2179
f 2182 1871 1818
f 1819 2392 2414
f 2472 2206 1822
f 2264 2256 1831
f 1831 2256 2310
f 1832 2099 2212
f 1840 1849 2524
f 2524 2516 1840
f 2022 2015 1844
f 1849 2435 2524
f 1850 1852 1857
f 2523 1857 1852
f 2537 2523 1852
f 1853 1965 2271
f 1855 1902 2441
f 2441 2403 1855
f 1855 2403 2514
f 2524 2435 1855
f 1855 2514 2524
f 2441 1902 1857
f 2523 2441 1857
f 2233 1982 1861
f 1862 1951 2019
f 1862 2019 2443
f 2443 2182 1862
f 1863 1870 2518
f 2518 2517 1863
f 2446 1873 1866
f 1866 1873 2449
f 2522 2446 1866
f 1866 2449 2520
f 1866 2520 2522
f 2300 1987 1869
f 1869 2121 2300
f 1870 1881 2448
f 2448 2446 1870
f 1870 2446 2518
f 2184 2016 1871
f 2477 2179 1871
f 1871 2182 2184
f 1872 1914 2501
f 2501 2337 1872
f 1873 1876 2449
f 1873 2446 2448
f 1877 2234 2293
f 2324 2294 1877
f 2275 1955 1878
f 1881 1892 2448
f 2286 2034 1882
f 1882 2034 2287
f 2207 1940 1887
f 2460 2207 1887
f 2429 2113 1889
f 2001 1911 1890
f 2481 2001 1890
f 2466 2105 1896
f 2443 2019 1897
f 1899 2310 2478
f 2181 1901 1900
f 2349 2181 1900
f 1903 2102 2201
f 2188 2016 1904
f 1904 2016 2228
f 1904 2228 2283
f 1935 1919 1910
f 2042 1957 1913
f 1935 1930 1919
f 1919 1930 2475
f 1925 1926 1952
f 1925 1952 2459
f 2012 1952 1926
f 1930 1970 2475
f 2525 1970 1930
f 2276 1938 1936
f 1936 1938 2326
f 2384 2276 1936
f 1938 2276 2282
f 1938 2282 2305
f 1939 1941 2165
f 2318 1941 1939
f 2165 1990 1939
f 1940 2207 2327
f 1941 2277 2283
f 2318 2277 1941
f 1943 2088 2312
f 1943 2312 2353
f 2531 2263 1945
f 1948 1990 2384
f 1949 1950 1962
f 1949 1962 2461
f 2461 2012 1949
f 1950 1957 1962
f 1952 2012 2461
f 2471 2459 1952
f 1952 2461 2471
f 2232 2120 1953
f 1957 1958 1962
f 2043 1958 1957
f 1957 2042 2043
f 1983 1962 1958
f 2043 1983 1958
f 1959 2064 2067
f 2383 2064 1959
f 2461 1983 1961
f 1961 1983 2539
f 1961 1984 2470
f 2539 1984 1961
f 2471 2461 1961
f 1961 2470 2471
f 1962 1983 2461
f 1965 2122 2175
f 1965 2175 2271
f 2240 2157 1967
f 2248 2210 1969
f 1969 2210 2344
f 2343 2248 1969
f 2352 2343 1969
f 1970 1980 2473
f 2528 1980 1970
f 1970 2473 2475
f 1970 2525 2526
f 1970 2526 2528
f 2241 2196 1975
f 2481 2473 1980
f 2482 2481 1980
f 2528 2482 1980
f 2043 1996 1983
f 1983 1996 2539
f 1984 1995 2138
f 2539 1995 1984
f 2375 2072 1988
f 2426 2096 1989
f 1990 2165 2384
f 1993 2183 2482
f 1993 2482 2528
f 2528 2483 1993
f 2481 2183 2001
f 2002 2370 2506
f 2536 2370 2002
f 2506 2476 2002
f 2540 2338 2004
f 2170 2130 2007
f 2016 2184 2228
f 2501 2334 2020
f 2020 2337 2501
f 2021 2291 2342
f 2024 2025 2070
f 2024 2033 2035
f 2029 2370 2511
f 2228 2184 2036
f 2045 2105 2339
f 2062 2406 2533
f 2375 2169 2072
f 2296 2238 2077
f 2089 2253 2487
f 2487 2329 2089
f 2090 2157 2240
f 2090 2167 2253
f 2543 2164 2094
f 2466 2339 2105
f 2364 2145 2144
f 2267 2237 2168
f 2169 2375 2510
f 2510 2377 2169
f 2170 2206 2472
f 2477 2411 2179
f 2192 2191 2180
f 2443 2184 2182
f 2183 2481 2482
f 2185 2477 2500
f 2188 2317 2500
f 2200 2241 2404
f 2484 2273 2203
f 2495 2231 2227
f 2353 2312 2235
f 2253 2268 2487
f 2354 2310 2256
f 2258 2260 2356
f 2258 2356 2433
f 2439 2356 2260
f 2352 2346 2343
f 2370 2402 2511
f 2536 2402 2370
f 2375 2379 2510
f 2535 2379 2375
f 2509 2508 2377
f 2510 2509 2377
f 2378 2380 2534
f 2378 2513 2515
f 2534 2513 2378
f 2379 2403 2407
f 2514 2403 2379
f 2379 2407 2509
f 2379 2509 2510
f 2516 2514 2379
f 2535 2516 2379
f 2380 2508 2534
f 2414 2388 2386
f 2388 2392 2393
f 2414 2392 2388
f 2402 2417 2511
f 2536 2417 2402
f 2513 2407 2403
f 2403 2441 2523
f 2550 2513 2403
f 2403 2523 2550
f 2534 2509 2407
f 2407 2513 2534
f 2521 2446 2417
f 2417 2446 2522
f 2522 2511 2417
f 2536 2521 2417
f 2521 2518 2446
f 2471 2470 2459
f 2528 2527 2483
f 2508 2509 2534
f 2522 2519 2511
f 2550 2515 2513
f 2514 2516 2524
f 2550 2537 2515
f 2517 2518 2521
f 2522 2520 2519
f 2523 2537 2550
f 2538 2528 2526
f 2527 2528 2538

